hour,wd,target,directional,body_atr,target_2h,prev_hour,prev_2h,prev_session,prev_day,prev_hour_body_atr,prev_hour_swept,open_vs_day_open,open_vs_midnight,open_vs_session_mid,agree_hour_session,prev_hour_closed_outside,pair
3,Tue,-1.0,True,4.630225080386048,-1.0,-1.0,-1.0,-1.0,-1.0,1.8585209003216356,1,1.0,1.0,1.0,-1.0,-1,EURUSD
9,Tue,1.0,False,0.6745633406946796,-1.0,1.0,1.0,-1.0,-1.0,1.1853041557920845,0,1.0,1.0,1.0,0.0,0,EURUSD
3,Wed,1.0,False,1.0170278637770553,1.0,1.0,1.0,1.0,-1.0,1.10990712074299,-1,-1.0,-1.0,-1.0,1.0,1,EURUSD
9,Wed,1.0,True,0.728089887640433,-1.0,1.0,1.0,1.0,-1.0,0.17258426966285537,0,-1.0,-1.0,-1.0,1.0,0,EURUSD
3,Thu,1.0,True,0.777434993389206,1.0,1.0,-1.0,-1.0,1.0,0.11106214191264305,1,-1.0,-1.0,1.0,0.0,0,EURUSD
9,Thu,-1.0,False,0.6721240844464015,-1.0,-1.0,-1.0,-1.0,1.0,2.445497630331822,1,1.0,1.0,1.0,-1.0,-1,EURUSD
3,Tue,1.0,False,0.3677733921523711,1.0,-1.0,-1.0,1.0,1.0,0.14488042721147637,0,-1.0,-1.0,1.0,0.0,0,EURUSD
9,Tue,1.0,False,1.1983892617449416,1.0,1.0,-1.0,-1.0,1.0,0.15463087248323212,1,1.0,1.0,1.0,0.0,0,EURUSD
3,Wed,-1.0,True,1.176131449985592,-1.0,1.0,-1.0,1.0,1.0,0.0691842029403199,-1,-1.0,-1.0,-1.0,1.0,0,EURUSD
9,Wed,1.0,True,1.3492333901191442,1.0,1.0,1.0,-1.0,1.0,0.6405451448040397,0,-1.0,-1.0,-1.0,0.0,0,EURUSD
3,Thu,-1.0,True,0.9904548006738347,1.0,1.0,-1.0,-1.0,1.0,0.350364963503701,1,-1.0,1.0,1.0,0.0,0,EURUSD
9,Thu,-1.0,True,3.2872340425532114,-1.0,1.0,1.0,1.0,1.0,3.5053191489362003,0,-1.0,-1.0,-1.0,1.0,1,EURUSD
3,Tue,-1.0,False,0.06072106261865616,-1.0,1.0,-1.0,-1.0,-1.0,1.009487666034021,0,-1.0,-1.0,-1.0,0.0,0,EURUSD
9,Tue,1.0,True,1.4245614035087457,-1.0,-1.0,1.0,1.0,-1.0,0.7017543859648303,-1,-1.0,-1.0,-1.0,0.0,0,EURUSD
3,Wed,1.0,True,0.866883116883169,1.0,1.0,1.0,1.0,-1.0,1.7337662337662298,-1,-1.0,-1.0,-1.0,1.0,1,EURUSD
9,Wed,1.0,False,0.24507658643331215,-1.0,1.0,1.0,1.0,-1.0,1.5098468271334649,0,-1.0,-1.0,-1.0,1.0,0,EURUSD
3,Thu,1.0,False,0.4288324873096406,1.0,1.0,1.0,-1.0,1.0,0.8138071065989056,-1,-1.0,-1.0,-1.0,0.0,1,EURUSD
9,Thu,1.0,False,0.05577504066929361,-1.0,1.0,-1.0,1.0,1.0,0.022310016267742212,0,-1.0,-1.0,1.0,1.0,0,EURUSD
3,Tue,-1.0,False,0.9889519259480114,-1.0,1.0,1.0,1.0,1.0,0.07166318303970637,-1,-1.0,-1.0,-1.0,1.0,0,EURUSD
9,Tue,-1.0,True,1.6527575138604929,1.0,1.0,-1.0,-1.0,1.0,0.43419900787866467,0,1.0,1.0,1.0,0.0,0,EURUSD
3,Wed,-1.0,False,0.241813602015089,1.0,-1.0,-1.0,1.0,1.0,1.517380352644858,0,1.0,1.0,1.0,0.0,0,EURUSD
9,Wed,1.0,True,1.3938411669368764,1.0,-1.0,1.0,-1.0,1.0,0.11021069692058755,0,1.0,1.0,1.0,-1.0,0,EURUSD
3,Thu,-1.0,False,0.7004405286344033,-1.0,-1.0,1.0,-1.0,1.0,0.046255506607939215,1,-1.0,-1.0,-1.0,-1.0,0,EURUSD
9,Thu,-1.0,False,1.0222588623247897,-1.0,1.0,-1.0,-1.0,1.0,0.6529266281945989,1,1.0,1.0,1.0,0.0,0,EURUSD
3,Tue,-1.0,True,2.8553054662380415,-1.0,1.0,1.0,-1.0,-1.0,0.3227126571177449,0,1.0,1.0,1.0,0.0,0,EURUSD
9,Tue,-1.0,False,0.21192052980139428,1.0,1.0,1.0,-1.0,-1.0,1.6423841059603277,-1,-1.0,-1.0,-1.0,0.0,1,EURUSD
3,Wed,1.0,False,0.47123893805309297,1.0,1.0,1.0,1.0,1.0,0.6902654867256219,-1,-1.0,-1.0,-1.0,1.0,1,EURUSD
9,Wed,1.0,False,0.008216364258869438,1.0,1.0,1.0,1.0,1.0,1.0188291680930601,-1,-1.0,-1.0,-1.0,1.0,1,EURUSD
3,Thu,1.0,True,0.6101249178172539,1.0,-1.0,-1.0,-1.0,1.0,0.6048652202498296,1,-1.0,1.0,1.0,-1.0,-1,EURUSD
9,Thu,-1.0,True,1.8169491525424362,-1.0,-1.0,-1.0,-1.0,1.0,1.7446327683615728,1,1.0,1.0,1.0,-1.0,-1,EURUSD
3,Tue,-1.0,False,0.3921331316187509,-1.0,-1.0,-1.0,1.0,-1.0,1.0819969742813922,1,1.0,1.0,1.0,0.0,-1,EURUSD
9,Tue,-1.0,True,0.9211837093465735,-1.0,-1.0,-1.0,-1.0,-1.0,0.7031936712570467,1,1.0,1.0,1.0,-1.0,-1,EURUSD
3,Wed,-1.0,False,0.3132911392405579,-1.0,1.0,1.0,-1.0,-1.0,1.5094936708860658,-1,-1.0,-1.0,-1.0,0.0,1,EURUSD
9,Wed,-1.0,False,0.34285714285711527,-1.0,-1.0,-1.0,1.0,-1.0,0.1176972281449646,0,-1.0,1.0,1.0,0.0,0,EURUSD
3,Thu,1.0,True,1.5956800539992848,1.0,-1.0,-1.0,1.0,-1.0,0.5345933175834144,0,-1.0,-1.0,-1.0,0.0,0,EURUSD
9,Thu,-1.0,True,0.7144983626078165,-1.0,1.0,1.0,1.0,-1.0,1.457576659720136,-1,-1.0,-1.0,-1.0,1.0,1,EURUSD
3,Tue,1.0,True,1.3524508169389868,1.0,-1.0,-1.0,1.0,1.0,0.5681893964656702,-1,-1.0,1.0,1.0,0.0,0,EURUSD
9,Tue,-1.0,False,0.5366614664585786,-1.0,1.0,1.0,1.0,1.0,0.1684867394695763,0,-1.0,-1.0,-1.0,1.0,0,EURUSD
3,Wed,1.0,True,0.7926605504586928,1.0,1.0,-1.0,-1.0,1.0,0.03914373088678062,1,1.0,1.0,1.0,0.0,0,EURUSD
9,Wed,-1.0,True,0.7677329624478099,-1.0,-1.0,-1.0,-1.0,1.0,0.8066759388039916,1,1.0,1.0,1.0,-1.0,-1,EURUSD
3,Thu,-1.0,False,0.1453287197232161,-1.0,1.0,1.0,1.0,-1.0,0.6435986159168803,0,-1.0,-1.0,-1.0,1.0,0,EURUSD
9,Thu,-1.0,True,1.1172296338347323,-1.0,-1.0,-1.0,-1.0,-1.0,0.9877944933295377,1,1.0,1.0,1.0,-1.0,-1,EURUSD
3,Tue,-1.0,False,0.9700130378095003,-1.0,-1.0,-1.0,-1.0,-1.0,0.1564537157758454,1,1.0,-1.0,1.0,-1.0,0,EURUSD
3,Wed,-1.0,True,0.6338725652031403,-1.0,-1.0,-1.0,1.0,-1.0,0.22977880488619773,0,1.0,1.0,1.0,0.0,0,EURUSD
3,Thu,-1.0,True,1.006329113924083,-1.0,-1.0,-1.0,1.0,0.0,0.5696202531646907,0,-1.0,1.0,1.0,0.0,0,EURUSD
3,Tue,1.0,True,1.8224687933424817,1.0,1.0,1.0,-1.0,1.0,0.5076282940360531,0,1.0,-1.0,1.0,0.0,0,EURUSD
3,Wed,1.0,False,0.4479108635098599,1.0,1.0,1.0,1.0,-1.0,2.30640668523672,-1,-1.0,-1.0,-1.0,1.0,1,EURUSD
3,Thu,1.0,False,0.13938053097348116,-1.0,-1.0,-1.0,-1.0,-1.0,0.21238938053103998,1,-1.0,1.0,1.0,-1.0,0,EURUSD
3,Tue,-1.0,True,0.9312726076947897,-1.0,1.0,1.0,-1.0,0.0,0.7418612298585405,0,0.0,1.0,-1.0,0.0,0,EURUSD
9,Tue,-1.0,False,0.6153846153846914,0.0,-1.0,0.0,-1.0,0.0,0.9712696941611959,1,0.0,1.0,1.0,-1.0,0,EURUSD
3,Wed,-1.0,True,0.5594594594595351,-1.0,1.0,1.0,-1.0,0.0,0.32432432432429514,0,1.0,-1.0,-1.0,0.0,0,EURUSD
9,Wed,1.0,True,1.158938279501233,0.0,-1.0,0.0,-1.0,0.0,0.4374800127917896,-1,1.0,-1.0,-1.0,-1.0,0,EURUSD
3,Thu,1.0,False,0.09041439933018611,1.0,1.0,1.0,1.0,-1.0,0.5123482628715007,-1,-1.0,-1.0,-1.0,1.0,1,EURUSD
9,Thu,1.0,False,0.29705132872224016,0.0,1.0,0.0,1.0,-1.0,0.6727338915181401,0,-1.0,-1.0,-1.0,1.0,0,EURUSD
3,Tue,-1.0,False,0.3749999999999401,1.0,-1.0,-1.0,-1.0,0.0,0.5032894736842253,1,-1.0,1.0,1.0,-1.0,0,EURUSD
9,Tue,-1.0,True,1.3626191462909136,0.0,1.0,1.0,1.0,0.0,0.6713634479900387,-1,0.0,-1.0,-1.0,1.0,1,EURUSD
3,Wed,1.0,False,0.17727967396835512,-1.0,-1.0,-1.0,1.0,0.0,0.24452368823240586,0,-1.0,1.0,1.0,0.0,0,EURUSD
3,Thu,1.0,True,0.9849889624724448,1.0,-1.0,1.0,1.0,-1.0,0.08631346578366726,0,-1.0,-1.0,-1.0,0.0,0,EURUSD
3,Tue,1.0,True,0.7874465049928561,1.0,-1.0,-1.0,-1.0,0.0,0.5683309557775346,1,0.0,1.0,1.0,-1.0,-1,EURUSD
3,Wed,-1.0,False,0.08123354644596292,1.0,-1.0,-1.0,-1.0,0.0,0.5235050770966732,1,0.0,1.0,1.0,-1.0,0,EURUSD
3,Thu,-1.0,False,0.703155183515758,-1.0,1.0,1.0,1.0,0.0,0.8036059240179847,-1,-1.0,-1.0,-1.0,1.0,1,EURUSD
3,Tue,-1.0,False,0.19199999999996295,1.0,-1.0,-1.0,1.0,0.0,0.1502608695650917,0,0.0,1.0,-1.0,0.0,0,EURUSD
3,Wed,-1.0,True,0.8917609046850105,1.0,-1.0,-1.0,-1.0,0.0,0.5718901453956745,1,0.0,1.0,1.0,-1.0,-1,EURUSD
3,Thu,1.0,False,0.4077669902911558,1.0,1.0,1.0,-1.0,0.0,0.19140083217767365,-1,0.0,-1.0,-1.0,0.0,0,EURUSD
3,Tue,1.0,True,1.6000000000000438,1.0,-1.0,-1.0,-1.0,1.0,0.6414746543778419,1,1.0,1.0,1.0,-1.0,-1,EURUSD
3,Wed,-1.0,True,0.7436847423375189,-1.0,1.0,-1.0,1.0,1.0,0.24250589424046018,1,-1.0,1.0,1.0,1.0,0,EURUSD
3,Thu,1.0,True,0.6153846153846553,1.0,1.0,1.0,-1.0,-1.0,0.12463485881202298,0,1.0,-1.0,1.0,0.0,0,EURUSD
9,Thu,-1.0,True,1.5536626916523386,-1.0,1.0,1.0,1.0,-1.0,1.0494037478704286,0,-1.0,-1.0,-1.0,1.0,0,EURUSD
3,Tue,-1.0,True,0.9323076923076582,1.0,1.0,1.0,1.0,1.0,1.0892307692307397,-1,1.0,-1.0,-1.0,1.0,1,EURUSD
3,Wed,-1.0,False,0.787178531494552,-1.0,1.0,1.0,1.0,0.0,0.8766306373461965,-1,-1.0,-1.0,-1.0,1.0,1,EURUSD
3,Thu,-1.0,False,0.24841402337231566,1.0,-1.0,-1.0,-1.0,1.0,0.4968280467444534,1,1.0,1.0,1.0,-1.0,0,EURUSD
3,Tue,1.0,False,0.6549898167005528,1.0,1.0,1.0,1.0,0.0,0.5181262729123387,-1,1.0,-1.0,-1.0,1.0,1,EURUSD
3,Wed,-1.0,False,0.45616757176115497,1.0,-1.0,-1.0,-1.0,0.0,0.6982156710628742,1,1.0,1.0,1.0,-1.0,-1,EURUSD
3,Thu,1.0,False,0.430641821946226,-1.0,1.0,1.0,1.0,-1.0,0.22360248447203998,-1,-1.0,-1.0,-1.0,1.0,1,EURUSD
9,Thu,1.0,False,1.620760837510964,0.0,-1.0,0.0,1.0,-1.0,1.153641993512234,0,1.0,-1.0,1.0,0.0,0,EURUSD
3,Tue,1.0,False,0.23257547521424585,-1.0,-1.0,-1.0,0.0,1.0,0.187849422288521,1,-1.0,1.0,1.0,0.0,-1,EURUSD
3,Wed,1.0,True,1.62344983089069,1.0,1.0,1.0,1.0,0.0,0.6944757609920629,-1,0.0,-1.0,-1.0,1.0,1,EURUSD
3,Thu,-1.0,False,0.2519685039369528,-1.0,1.0,1.0,1.0,0.0,0.6299212598424597,-1,-1.0,-1.0,-1.0,1.0,1,EURUSD
3,Tue,1.0,True,0.7485380116958255,1.0,-1.0,-1.0,1.0,0.0,0.09356725146197818,0,0.0,1.0,-1.0,0.0,0,EURUSD
3,Wed,1.0,True,0.8761514841350507,1.0,-1.0,-1.0,1.0,0.0,0.13920163766633176,0,0.0,1.0,-1.0,0.0,0,EURUSD
3,Thu,-1.0,False,0.6407766990291227,-1.0,1.0,1.0,1.0,0.0,0.1820388349515178,-1,-1.0,0.0,-1.0,1.0,0,EURUSD
3,Tue,-1.0,False,0.009430255402812199,-1.0,1.0,1.0,-1.0,-1.0,0.5092337917485085,1,1.0,-1.0,1.0,0.0,0,EURUSD
3,Wed,1.0,False,0.3074204946997686,-1.0,-1.0,-1.0,1.0,-1.0,0.5830388692579871,0,-1.0,1.0,-1.0,0.0,0,EURUSD
3,Thu,-1.0,True,3.6425855513308236,-1.0,1.0,1.0,-1.0,1.0,0.2433460076046353,0,1.0,1.0,1.0,0.0,0,EURUSD
3,Tue,1.0,False,0.5872576177286882,1.0,-1.0,-1.0,1.0,0.0,1.307479224376685,0,-1.0,1.0,1.0,0.0,0,EURUSD
3,Wed,1.0,False,0.06190885640579297,-1.0,-1.0,-1.0,1.0,0.0,1.176268271710983,1,0.0,1.0,1.0,0.0,-1,EURUSD
3,Thu,-1.0,False,0.39254469380006424,-1.0,-1.0,-1.0,-1.0,0.0,0.23735260555357907,1,0.0,1.0,1.0,-1.0,-1,EURUSD
9,Thu,-1.0,True,2.0394289598912176,0.0,-1.0,0.0,-1.0,0.0,0.008157715839618487,0,0.0,1.0,1.0,-1.0,0,EURUSD
3,Tue,1.0,False,0.2058319039450868,-1.0,-1.0,-1.0,-1.0,0.0,0.2881646655232129,1,-1.0,1.0,1.0,-1.0,0,EURUSD
9,Tue,-1.0,False,0.8028776978418157,0.0,-1.0,0.0,-1.0,0.0,0.42302158273390317,1,0.0,1.0,1.0,-1.0,-1,EURUSD
3,Wed,-1.0,False,0.5641434262947022,1.0,1.0,1.0,1.0,0.0,0.3442231075696452,-1,0.0,-1.0,-1.0,1.0,1,EURUSD
3,Thu,-1.0,False,0.6649195058030364,-1.0,1.0,1.0,-1.0,0.0,0.4762261325345586,0,1.0,1.0,1.0,0.0,0,EURUSD
3,Tue,1.0,True,0.9281767955802853,1.0,-1.0,-1.0,-1.0,0.0,2.419889502762291,1,0.0,1.0,1.0,-1.0,-1,EURUSD
3,Wed,-1.0,True,0.8790697674418823,-1.0,-1.0,-1.0,-1.0,0.0,0.04186046511624322,1,1.0,1.0,1.0,-1.0,0,EURUSD
3,Thu,1.0,True,0.5345043914680015,-1.0,-1.0,-1.0,-1.0,0.0,0.3312421580928484,1,1.0,1.0,1.0,-1.0,-1,EURUSD
3,Tue,-1.0,False,0.11622276029054629,-1.0,1.0,1.0,1.0,-1.0,0.1743341404356904,-1,-1.0,-1.0,-1.0,1.0,1,EURUSD
3,Wed,-1.0,True,0.953789279112822,-1.0,-1.0,-1.0,-1.0,0.0,0.5878003696856628,1,0.0,1.0,1.0,-1.0,-1,EURUSD
3,Thu,1.0,False,0.09168081494049835,1.0,-1.0,1.0,1.0,0.0,0.13242784380301745,-1,-1.0,-1.0,-1.0,0.0,0,EURUSD
9,Thu,1.0,False,0.9582733812951061,0.0,1.0,0.0,1.0,0.0,0.5093525179856888,-1,-1.0,-1.0,-1.0,1.0,1,EURUSD
3,Tue,1.0,True,0.9526864474740006,1.0,1.0,1.0,1.0,0.0,0.05773857257413005,-1,0.0,-1.0,-1.0,1.0,0,EURUSD
3,Wed,1.0,True,0.7744742567076115,1.0,-1.0,-1.0,1.0,0.0,1.1747643219725974,1,1.0,1.0,1.0,0.0,-1,EURUSD
3,Thu,-1.0,False,0.6110215920077938,1.0,1.0,1.0,-1.0,1.0,0.5259426361585726,1,1.0,-1.0,1.0,0.0,0,EURUSD
3,Tue,-1.0,False,0.5515892420537649,1.0,1.0,1.0,-1.0,0.0,1.4787286063567797,-1,0.0,-1.0,-1.0,0.0,1,EURUSD
3,Wed,-1.0,False,0.1845365228535492,1.0,-1.0,-1.0,-1.0,0.0,0.399829132849091,1,0.0,1.0,1.0,-1.0,0,EURUSD
3,Thu,-1.0,False,0.32929782082325393,1.0,-1.0,-1.0,1.0,0.0,0.14527845036328882,0,1.0,1.0,1.0,0.0,0,EURUSD
3,Tue,1.0,True,1.3505627344726618,1.0,-1.0,-1.0,1.0,0.0,0.5402250937890647,0,-1.0,1.0,1.0,0.0,0,EURUSD
3,Wed,-1.0,True,1.479787668436249,-1.0,1.0,1.0,-1.0,0.0,0.4507962433645554,0,-1.0,-1.0,-1.0,0.0,0,EURUSD
3,Thu,1.0,False,0.2912205567451956,1.0,1.0,1.0,-1.0,0.0,0.7451820128479221,0,1.0,-1.0,1.0,0.0,0,EURUSD
3,Tue,1.0,True,1.8039519566060078,1.0,-1.0,-1.0,-1.0,-1.0,0.4742347927158027,1,1.0,1.0,1.0,-1.0,-1,EURUSD
3,Wed,1.0,False,0.13692946058070296,1.0,1.0,1.0,-1.0,-1.0,0.7095435684646729,1,1.0,-1.0,1.0,0.0,0,EURUSD
3,Thu,1.0,True,0.9968586387432876,1.0,1.0,1.0,-1.0,0.0,1.0219895287958083,-1,0.0,-1.0,-1.0,0.0,0,EURUSD
3,Tue,1.0,True,1.4346712211785497,1.0,-1.0,-1.0,1.0,0.0,1.3321947053798706,-1,-1.0,1.0,1.0,0.0,0,EURUSD
3,Wed,-1.0,False,0.34049871023209044,1.0,-1.0,-1.0,1.0,0.0,1.0421324161650218,0,-1.0,1.0,-1.0,0.0,0,EURUSD
3,Thu,1.0,True,1.4647492108033109,1.0,-1.0,-1.0,1.0,0.0,0.8333917923536112,1,1.0,1.0,1.0,0.0,-1,EURUSD
3,Tue,1.0,False,0.5416985462892847,1.0,-1.0,-1.0,1.0,0.0,0.14690130068854013,-1,0.0,-1.0,-1.0,0.0,0,EURUSD
3,Wed,-1.0,True,1.6615957777089023,-1.0,1.0,1.0,-1.0,0.0,0.9835454827693083,-1,0.0,-1.0,-1.0,0.0,1,EURUSD
3,Thu,-1.0,False,0.5490774907749717,-1.0,-1.0,-1.0,1.0,0.0,0.37195571955708034,0,0.0,1.0,-1.0,0.0,0,EURUSD
9,Thu,-1.0,True,1.9168576104746389,0.0,1.0,0.0,-1.0,0.0,0.22782324058912168,0,0.0,1.0,1.0,0.0,0,EURUSD
3,Tue,1.0,False,0.27586206896538573,-1.0,1.0,-1.0,1.0,0.0,0.4500907441016733,0,-1.0,1.0,-1.0,1.0,0,EURUSD
3,Wed,1.0,False,0.13207547169813988,1.0,1.0,1.0,-1.0,-1.0,1.32075471698098,-1,-1.0,-1.0,-1.0,0.0,1,EURUSD
3,Thu,1.0,True,0.8797886393658845,1.0,-1.0,-1.0,1.0,1.0,0.5627476882430623,0,1.0,1.0,1.0,0.0,0,EURUSD
3,Tue,-1.0,False,0.3307563025208522,-1.0,1.0,1.0,-1.0,-1.0,0.6937815126051207,0,-1.0,-1.0,-1.0,0.0,0,EURUSD
9,Tue,-1.0,True,1.5630936227950778,-1.0,-1.0,1.0,-1.0,-1.0,0.5373134328357345,0,1.0,1.0,1.0,-1.0,0,EURUSD
3,Wed,-1.0,False,0.29896633978264897,-1.0,1.0,1.0,-1.0,-1.0,0.3244102835939653,0,-1.0,-1.0,1.0,0.0,0,EURUSD
9,Wed,-1.0,True,1.2193389784211774,-1.0,-1.0,-1.0,-1.0,-1.0,0.032777929527520656,0,1.0,1.0,1.0,-1.0,0,EURUSD
3,Thu,-1.0,True,1.3621412447597334,-1.0,1.0,1.0,-1.0,-1.0,1.2537891002901858,1,1.0,-1.0,-1.0,0.0,0,EURUSD
9,Thu,1.0,False,0.21358647285669474,-1.0,1.0,1.0,1.0,-1.0,0.056956392761690414,-1,1.0,1.0,-1.0,1.0,0,EURUSD
3,Tue,-1.0,False,0.12129963898919746,-1.0,1.0,1.0,-1.0,-1.0,0.5718411552345681,0,1.0,-1.0,-1.0,0.0,0,EURUSD
9,Tue,1.0,False,0.14955723187923514,-1.0,-1.0,-1.0,-1.0,-1.0,0.9760577238438065,1,1.0,1.0,1.0,-1.0,-1,EURUSD
3,Wed,-1.0,False,0.3139885944314906,1.0,1.0,1.0,1.0,-1.0,0.7889969808788873,-1,-1.0,-1.0,-1.0,1.0,1,EURUSD
9,Wed,1.0,True,1.109605420486275,1.0,-1.0,-1.0,1.0,-1.0,0.6026305300915703,0,-1.0,-1.0,1.0,0.0,0,EURUSD
3,Thu,1.0,True,0.9277310924369793,1.0,1.0,1.0,1.0,1.0,0.5949579831933508,0,-1.0,-1.0,-1.0,1.0,0,EURUSD
9,Thu,1.0,False,2.330804248861803,1.0,-1.0,-1.0,1.0,1.0,1.0288315629742657,-1,-1.0,-1.0,-1.0,0.0,0,EURUSD
3,Tue,1.0,True,0.8473967684022898,1.0,1.0,-1.0,1.0,-1.0,0.11490125673245172,0,-1.0,-1.0,-1.0,1.0,0,EURUSD
9,Tue,-1.0,False,0.5140376266280516,1.0,-1.0,-1.0,1.0,-1.0,0.3890014471779308,0,-1.0,-1.0,-1.0,0.0,0,EURUSD
3,Wed,1.0,False,0.25548387096769914,1.0,1.0,1.0,1.0,1.0,0.20129032258076252,-1,-1.0,-1.0,-1.0,1.0,1,EURUSD
9,Wed,-1.0,True,0.8673712921921736,-1.0,-1.0,-1.0,1.0,1.0,0.41732015001706113,1,-1.0,-1.0,1.0,0.0,0,EURUSD
3,Thu,1.0,True,0.8281631230394351,1.0,1.0,1.0,-1.0,-1.0,0.4182642035552046,0,1.0,-1.0,-1.0,0.0,0,EURUSD
9,Thu,1.0,False,0.9645776566757139,1.0,1.0,1.0,1.0,-1.0,0.8910081743869482,-1,-1.0,-1.0,-1.0,1.0,1,EURUSD
3,Tue,1.0,True,1.2110532639167404,1.0,-1.0,-1.0,1.0,1.0,0.3364036844213761,0,-1.0,1.0,-1.0,0.0,0,EURUSD
9,Tue,-1.0,True,1.6848394324121683,-1.0,-1.0,-1.0,-1.0,1.0,0.17923823749064774,1,1.0,1.0,1.0,-1.0,-1,EURUSD
3,Wed,-1.0,False,0.08053691275161051,-1.0,1.0,1.0,1.0,-1.0,0.15212527964206343,-1,-1.0,-1.0,-1.0,1.0,1,EURUSD
9,Wed,-1.0,True,0.5728121757178152,1.0,1.0,1.0,-1.0,-1.0,0.31546177793155306,1,1.0,1.0,1.0,0.0,0,EURUSD
3,Thu,-1.0,True,1.0402476780186407,-1.0,1.0,1.0,1.0,1.0,0.07430340557274827,-1,-1.0,-1.0,-1.0,1.0,0,EURUSD
9,Thu,-1.0,True,1.8415630550621658,-1.0,-1.0,-1.0,-1.0,1.0,1.0657193605685793,1,1.0,1.0,1.0,-1.0,-1,EURUSD
3,Tue,-1.0,True,1.3662842012356908,-1.0,-1.0,-1.0,1.0,1.0,0.27537511032649314,0,-1.0,1.0,1.0,0.0,0,EURUSD
9,Tue,-1.0,True,1.2115143929911811,-1.0,-1.0,-1.0,-1.0,1.0,0.24030037546935643,1,1.0,1.0,1.0,-1.0,0,EURUSD
3,Wed,1.0,False,0.14387667713390997,-1.0,1.0,-1.0,-1.0,1.0,0.39737367970311477,1,1.0,1.0,1.0,0.0,0,EURUSD
9,Wed,1.0,True,2.8094313453536706,1.0,-1.0,-1.0,1.0,1.0,0.778918169209486,0,1.0,-1.0,-1.0,0.0,0,EURUSD
3,Thu,-1.0,True,0.8582887700533944,-1.0,-1.0,-1.0,-1.0,1.0,0.06417112299471622,1,1.0,1.0,1.0,-1.0,-1,EURUSD
9,Thu,1.0,False,0.4708960104642963,-1.0,-1.0,-1.0,-1.0,1.0,0.40026160889470414,1,1.0,1.0,1.0,-1.0,0,EURUSD
3,Tue,-1.0,True,2.371590324240981,-1.0,-1.0,-1.0,-1.0,1.0,0.7905301080802355,0,1.0,1.0,1.0,-1.0,0,EURUSD
9,Tue,1.0,False,1.2346570397110934,-1.0,-1.0,-1.0,-1.0,1.0,0.7472924187724027,1,1.0,1.0,1.0,-1.0,-1,EURUSD
3,Wed,-1.0,True,0.533156498673896,-1.0,1.0,1.0,1.0,-1.0,0.18302387267901424,-1,-1.0,-1.0,-1.0,1.0,1,EURUSD
9,Wed,-1.0,True,0.5744016649322673,-1.0,1.0,1.0,1.0,-1.0,0.4412070759624903,-1,-1.0,-1.0,-1.0,1.0,0,EURUSD
3,Thu,-1.0,False,0.24470588235287166,-1.0,0.0,-1.0,-1.0,1.0,0.0,1,1.0,1.0,1.0,0.0,0,EURUSD
9,Thu,-1.0,False,1.200508690122903,-1.0,-1.0,-1.0,-1.0,1.0,0.09156422212794336,1,1.0,1.0,1.0,-1.0,0,EURUSD
3,Tue,-1.0,False,0.36004737465460956,-1.0,-1.0,-1.0,-1.0,1.0,0.2652980655349976,1,1.0,1.0,1.0,-1.0,-1,EURUSD
9,Tue,-1.0,True,0.9759036144578235,-1.0,1.0,-1.0,-1.0,1.0,0.18072289156624874,1,1.0,1.0,1.0,0.0,0,EURUSD
3,Wed,-1.0,False,0.4756466241181325,-1.0,-1.0,-1.0,-1.0,-1.0,0.6368827678871882,1,-1.0,1.0,1.0,-1.0,-1,EURUSD
9,Wed,1.0,False,0.9341072038239308,1.0,-1.0,1.0,-1.0,-1.0,0.09013315124602034,0,-1.0,1.0,1.0,-1.0,0,EURUSD
3,Thu,-1.0,True,0.4325088339222705,-1.0,1.0,1.0,1.0,1.0,0.05088339222610516,-1,-1.0,-1.0,-1.0,1.0,0,EURUSD
9,Thu,-1.0,True,4.828883038736556,-1.0,-1.0,1.0,-1.0,1.0,0.4242196314403662,0,1.0,1.0,1.0,-1.0,0,EURUSD
3,Tue,-1.0,False,0.1126760563380837,1.0,-1.0,-1.0,-1.0,1.0,0.02048655569795746,1,1.0,1.0,1.0,-1.0,0,EURUSD
9,Tue,-1.0,False,0.8650380456546772,-1.0,1.0,1.0,1.0,1.0,0.7977573087704033,-1,-1.0,-1.0,-1.0,1.0,0,EURUSD
3,Wed,1.0,False,0.10489510489509228,1.0,1.0,1.0,-1.0,-1.0,0.24125874125868893,0,-1.0,1.0,1.0,0.0,0,EURUSD
9,Wed,-1.0,False,0.39179104477620635,1.0,-1.0,1.0,1.0,-1.0,0.17910447761212206,0,-1.0,-1.0,-1.0,0.0,0,EURUSD
3,Thu,1.0,True,1.0738255033555995,1.0,-1.0,-1.0,-1.0,-1.0,0.1610738255033697,0,1.0,-1.0,1.0,-1.0,0,EURUSD
9,Thu,1.0,False,0.38828967642535256,1.0,-1.0,-1.0,1.0,-1.0,0.8936825885978186,0,1.0,-1.0,1.0,0.0,0,EURUSD
3,Tue,-1.0,True,1.3534326189610928,-1.0,-1.0,1.0,1.0,-1.0,0.3926625499454885,0,1.0,-1.0,-1.0,0.0,0,EURUSD
9,Tue,1.0,True,0.5427561837455611,-1.0,1.0,1.0,1.0,-1.0,0.288339222614847,-1,-1.0,-1.0,-1.0,1.0,0,EURUSD
3,Wed,1.0,True,0.8322147651007632,1.0,0.0,-1.0,-1.0,-1.0,0.0,1,1.0,1.0,1.0,0.0,0,EURUSD
9,Wed,1.0,False,0.6594427244581971,-1.0,-1.0,-1.0,-1.0,-1.0,1.3653250773992585,1,1.0,1.0,1.0,-1.0,-1,EURUSD
3,Thu,-1.0,True,1.0424784413925348,-1.0,1.0,1.0,-1.0,-1.0,0.33727243692110415,1,-1.0,-1.0,-1.0,0.0,0,EURUSD
9,Thu,-1.0,True,1.6064627813039853,1.0,1.0,1.0,1.0,-1.0,0.1038661281016217,-1,-1.0,-1.0,-1.0,1.0,0,EURUSD
3,Tue,1.0,True,0.521579430670321,1.0,1.0,-1.0,-1.0,-1.0,0.18365472910933228,0,1.0,1.0,1.0,0.0,0,EURUSD
9,Tue,-1.0,False,0.6240337315530223,1.0,-1.0,-1.0,1.0,-1.0,0.19395643007726035,0,1.0,-1.0,1.0,0.0,0,EURUSD
3,Wed,-1.0,True,0.5872020075282307,1.0,-1.0,1.0,1.0,-1.0,0.1505646173149138,0,1.0,-1.0,-1.0,0.0,0,EURUSD
9,Wed,1.0,True,1.8425196850392886,1.0,-1.0,-1.0,1.0,-1.0,0.35770528683908814,-1,-1.0,-1.0,-1.0,0.0,0,EURUSD
3,Thu,-1.0,True,0.6929483620210367,-1.0,-1.0,-1.0,1.0,1.0,0.22654081066074347,0,-1.0,1.0,-1.0,0.0,0,EURUSD
9,Thu,-1.0,False,0.6360424028269297,1.0,1.0,1.0,-1.0,1.0,0.33215547703177484,0,-1.0,-1.0,-1.0,0.0,0,EURUSD
3,Tue,-1.0,False,0.03036053130932787,1.0,1.0,-1.0,-1.0,-1.0,0.015180265654748202,1,1.0,1.0,1.0,0.0,0,EURUSD
9,Tue,1.0,True,1.303398058252384,1.0,-1.0,-1.0,1.0,-1.0,1.20145631067971,0,-1.0,-1.0,1.0,0.0,0,EURUSD
3,Wed,1.0,True,0.6602063144732813,-1.0,-1.0,-1.0,-1.0,1.0,0.0975304782744355,1,1.0,1.0,1.0,-1.0,0,EURUSD
9,Wed,1.0,False,0.840000000000008,1.0,1.0,-1.0,-1.0,1.0,0.1599999999999846,0,1.0,1.0,1.0,0.0,0,EURUSD
3,Thu,1.0,False,0.3369734789392092,-1.0,1.0,1.0,1.0,1.0,0.02246489859592511,-1,-1.0,-1.0,-1.0,1.0,0,EURUSD
9,Thu,-1.0,True,3.1966173361523604,-1.0,1.0,1.0,-1.0,1.0,0.07610993657498913,1,-1.0,1.0,1.0,0.0,0,EURUSD
3,Tue,-1.0,True,0.716715055993181,1.0,-1.0,-1.0,-1.0,1.0,0.3284944006635597,1,1.0,1.0,1.0,-1.0,-1,EURUSD
9,Tue,-1.0,True,2.435665096049218,-1.0,1.0,1.0,1.0,1.0,1.8963392533527255,-1,-1.0,-1.0,-1.0,1.0,1,EURUSD
3,Wed,-1.0,False,0.24777745913402288,-1.0,1.0,1.0,1.0,1.0,0.4749067966732637,-1,-1.0,-1.0,-1.0,1.0,1,EURUSD
9,Wed,-1.0,False,0.27289048473971234,-1.0,1.0,-1.0,-1.0,1.0,0.33752244165168654,1,1.0,1.0,1.0,0.0,0,EURUSD
3,Thu,1.0,True,0.5943494942448507,1.0,-1.0,-1.0,-1.0,-1.0,0.03348447854903971,1,1.0,1.0,1.0,-1.0,0,EURUSD
9,Thu,1.0,True,1.671686746987887,1.0,1.0,1.0,1.0,-1.0,0.5963855421685756,-1,-1.0,-1.0,-1.0,1.0,1,EURUSD
3,Tue,1.0,False,0.32784849425644513,-1.0,1.0,-1.0,1.0,1.0,0.14902204284382364,0,-1.0,1.0,-1.0,1.0,0,EURUSD
9,Tue,-1.0,True,1.3614035087719931,-1.0,1.0,-1.0,-1.0,1.0,0.7017543859650044,0,1.0,1.0,1.0,0.0,0,EURUSD
3,Wed,-1.0,True,0.6457399103138592,-1.0,-1.0,-1.0,1.0,-1.0,0.3920563741191593,-1,-1.0,1.0,-1.0,0.0,0,EURUSD
9,Wed,1.0,False,0.16758544652693383,1.0,-1.0,1.0,-1.0,-1.0,0.14994487320838137,0,1.0,1.0,1.0,-1.0,0,EURUSD
3,Thu,-1.0,False,0.4051446945338457,1.0,-1.0,-1.0,-1.0,-1.0,0.2700964630225638,1,1.0,1.0,1.0,-1.0,0,EURUSD
9,Thu,1.0,True,2.3065198983911688,1.0,-1.0,-1.0,-1.0,-1.0,0.10160880609651633,1,1.0,1.0,1.0,-1.0,0,EURUSD
3,Tue,1.0,True,0.978324166936297,1.0,1.0,1.0,-1.0,1.0,0.7686832740212161,0,1.0,-1.0,-1.0,0.0,0,EURUSD
9,Tue,-1.0,True,1.381735677821867,-1.0,-1.0,-1.0,1.0,1.0,2.150879183210454,0,-1.0,-1.0,1.0,0.0,0,EURUSD
3,Wed,-1.0,True,0.6050420168067664,-1.0,1.0,1.0,-1.0,-1.0,0.3903496882624905,0,-1.0,-1.0,-1.0,0.0,0,EURUSD
9,Wed,-1.0,False,0.6315789473683492,1.0,-1.0,-1.0,-1.0,-1.0,0.3609022556390827,1,1.0,1.0,1.0,-1.0,-1,EURUSD
3,Thu,1.0,False,0.2348058108508373,1.0,1.0,1.0,1.0,-1.0,0.1992291728432113,0,-1.0,-1.0,-1.0,1.0,0,EURUSD
9,Thu,-1.0,True,1.0607375271149928,-1.0,1.0,1.0,1.0,-1.0,1.9652928416486273,-1,-1.0,-1.0,-1.0,1.0,1,EURUSD
3,Tue,1.0,True,0.7142857142856563,-1.0,-1.0,-1.0,-1.0,-1.0,0.3775510204081553,1,1.0,1.0,1.0,-1.0,-1,EURUSD
9,Tue,-1.0,False,0.019680196801878883,1.0,-1.0,1.0,-1.0,-1.0,0.25584255842573644,0,1.0,1.0,1.0,-1.0,0,EURUSD
3,Wed,-1.0,True,0.7317073170732921,-1.0,-1.0,-1.0,-1.0,-1.0,0.14634146341457718,1,1.0,1.0,1.0,-1.0,-1,EURUSD
9,Wed,1.0,True,2.1450252951094737,1.0,1.0,-1.0,-1.0,-1.0,0.12141652613839926,0,1.0,1.0,1.0,0.0,0,EURUSD
3,Thu,-1.0,False,0.3584981832862095,-1.0,-1.0,1.0,-1.0,1.0,0.22285022204295915,0,1.0,1.0,1.0,-1.0,0,EURUSD
9,Thu,1.0,True,1.5326959847036945,1.0,1.0,1.0,-1.0,1.0,1.5602294455067305,0,1.0,1.0,-1.0,0.0,0,EURUSD
3,Tue,-1.0,True,0.8727272727274269,1.0,1.0,1.0,-1.0,1.0,0.7527272727273664,-1,-1.0,-1.0,-1.0,0.0,1,EURUSD
9,Tue,1.0,True,3.4733747141456237,1.0,1.0,1.0,1.0,1.0,5.355112708265144,-1,-1.0,-1.0,-1.0,1.0,1,EURUSD
3,Wed,-1.0,False,0.14534443603331715,-1.0,-1.0,0.0,-1.0,1.0,0.03028009084033604,1,1.0,1.0,1.0,-1.0,0,EURUSD
9,Wed,-1.0,True,1.5582648142898343,1.0,-1.0,-1.0,-1.0,1.0,0.3130138928266971,0,1.0,1.0,1.0,-1.0,0,EURUSD
3,Thu,1.0,True,1.064002497658413,1.0,1.0,1.0,-1.0,-1.0,0.14236653137676664,0,1.0,-1.0,1.0,0.0,0,EURUSD
9,Thu,-1.0,False,0.39164490861631307,-1.0,1.0,1.0,1.0,-1.0,3.023498694516907,-1,-1.0,-1.0,-1.0,1.0,1,EURUSD
3,Tue,-1.0,False,0.6941045606229186,-1.0,-1.0,-1.0,1.0,1.0,0.409343715239071,0,-1.0,1.0,-1.0,0.0,0,EURUSD
9,Tue,1.0,True,0.6894545454546199,-1.0,-1.0,1.0,-1.0,1.0,0.28799999999995507,0,-1.0,1.0,1.0,-1.0,0,EURUSD
3,Wed,-1.0,True,2.4310164163466,-1.0,1.0,1.0,-1.0,-1.0,1.207125392944557,0,-1.0,-1.0,-1.0,0.0,0,EURUSD
9,Wed,-1.0,True,1.5912806539510258,-1.0,-1.0,-1.0,1.0,-1.0,0.7556766575841122,0,1.0,1.0,1.0,0.0,0,EURUSD
3,Thu,1.0,False,0.30634867316094416,1.0,1.0,1.0,1.0,-1.0,0.45146120255300803,0,-1.0,-1.0,-1.0,1.0,0,EURUSD
9,Thu,-1.0,False,0.4877681595784709,1.0,-1.0,-1.0,-1.0,-1.0,0.14452389913430977,0,-1.0,1.0,1.0,-1.0,0,EURUSD
3,Tue,1.0,True,1.2637312755334182,1.0,-1.0,-1.0,-1.0,1.0,1.1983658647300242,1,1.0,1.0,1.0,-1.0,-1,EURUSD
9,Tue,1.0,False,0.6713987473903411,1.0,1.0,1.0,1.0,1.0,2.1645093945719522,-1,-1.0,-1.0,-1.0,1.0,1,EURUSD
3,Wed,1.0,False,0.36279069767447175,-1.0,-1.0,-1.0,-1.0,1.0,1.1511627906977806,1,1.0,1.0,1.0,-1.0,-1,EURUSD
9,Wed,1.0,False,0.27072758037237393,1.0,-1.0,-1.0,-1.0,1.0,0.8527918781726247,0,1.0,1.0,1.0,-1.0,0,EURUSD
3,Thu,-1.0,True,1.9732713538641409,-1.0,-1.0,-1.0,1.0,-1.0,1.9035444509005992,1,1.0,1.0,1.0,0.0,-1,EURUSD
9,Thu,-1.0,False,0.45743329097841895,-1.0,-1.0,0.0,-1.0,-1.0,0.5977128335450999,0,1.0,1.0,1.0,-1.0,0,EURUSD
3,Tue,1.0,True,1.9128358208954692,1.0,-1.0,-1.0,-1.0,-1.0,1.9128358208954692,1,1.0,1.0,1.0,-1.0,-1,EURUSD
9,Tue,-1.0,True,1.3814494482552913,-1.0,1.0,1.0,-1.0,-1.0,1.0378765284820857,0,1.0,1.0,-1.0,0.0,0,EURUSD
3,Wed,-1.0,False,0.2239720034996316,1.0,1.0,-1.0,-1.0,-1.0,0.17497812773409205,1,1.0,1.0,1.0,0.0,0,EURUSD
9,Wed,-1.0,False,0.2397003745319114,-1.0,1.0,1.0,-1.0,-1.0,1.565543071161011,-1,-1.0,-1.0,-1.0,0.0,1,EURUSD
3,Thu,-1.0,False,0.06499032882013081,-1.0,1.0,1.0,-1.0,-1.0,1.5690522243715823,0,-1.0,-1.0,-1.0,0.0,1,EURUSD
9,Thu,-1.0,True,1.6571825121444723,-1.0,1.0,1.0,1.0,-1.0,1.748785565579447,-1,-1.0,-1.0,-1.0,1.0,1,EURUSD
3,Tue,1.0,False,0.7331975560081923,1.0,-1.0,1.0,1.0,1.0,0.14663951120172528,-1,-1.0,-1.0,-1.0,0.0,0,EURUSD
9,Tue,-1.0,False,0.18585005279821903,1.0,-1.0,-1.0,1.0,1.0,1.8162618796197856,-1,-1.0,-1.0,1.0,0.0,0,EURUSD
3,Wed,1.0,False,0.33973710818998837,1.0,1.0,-1.0,-1.0,1.0,0.09706774519708822,1,1.0,1.0,1.0,0.0,0,EURUSD
9,Wed,-1.0,False,0.8871032543190475,-1.0,1.0,1.0,-1.0,1.0,1.7934913619927684,-1,-1.0,-1.0,-1.0,0.0,1,EURUSD
3,Thu,1.0,True,1.1728045325779142,1.0,-1.0,-1.0,1.0,1.0,1.1671388101982736,0,-1.0,1.0,1.0,0.0,0,EURUSD
9,Thu,1.0,True,2.3446268966951433,1.0,1.0,1.0,1.0,1.0,0.9927250051963911,-1,-1.0,-1.0,-1.0,1.0,1,EURUSD
3,Tue,1.0,True,1.2730434782608857,1.0,1.0,1.0,1.0,1.0,0.07304347826088568,-1,-1.0,-1.0,-1.0,1.0,0,EURUSD
9,Tue,1.0,True,1.5640243902437887,1.0,-1.0,1.0,1.0,1.0,0.5945121951219864,-1,-1.0,-1.0,-1.0,0.0,0,EURUSD
3,Wed,-1.0,False,0.5364161849709039,-1.0,1.0,1.0,-1.0,1.0,0.730635838150336,1,1.0,1.0,1.0,0.0,0,EURUSD
9,Wed,1.0,True,0.8722264728385583,1.0,1.0,1.0,-1.0,1.0,2.1851568477429444,0,1.0,1.0,-1.0,0.0,0,EURUSD
3,Thu,-1.0,False,0.6252999657182875,-1.0,1.0,-1.0,1.0,-1.0,0.15632499142948053,0,-1.0,1.0,1.0,1.0,0,EURUSD
9,Thu,1.0,False,0.08602150537638827,-1.0,1.0,1.0,1.0,-1.0,0.8211143695014776,-1,-1.0,-1.0,-1.0,1.0,1,EURUSD
3,Tue,-1.0,True,0.863924050632941,-1.0,-1.0,-1.0,1.0,0.0,0.14398734177211583,0,-1.0,-1.0,-1.0,0.0,0,EURUSD
9,Tue,1.0,True,1.0036706869427965,1.0,1.0,1.0,-1.0,0.0,0.5537493445202519,0,-1.0,1.0,-1.0,0.0,0,EURUSD
3,Wed,1.0,False,0.7820224719101541,1.0,-1.0,-1.0,1.0,1.0,0.3775280898877225,-1,1.0,1.0,-1.0,0.0,0,EURUSD
9,Wed,1.0,True,4.025806451612852,1.0,1.0,1.0,1.0,1.0,0.22630272952843294,-1,-1.0,-1.0,-1.0,1.0,1,EURUSD
3,Thu,1.0,False,0.36414961185616546,1.0,1.0,1.0,1.0,1.0,0.2794636556103969,-1,-1.0,-1.0,-1.0,1.0,0,EURUSD
9,Thu,1.0,True,2.101876675603156,1.0,-1.0,-1.0,-1.0,1.0,2.809651474530796,1,1.0,1.0,1.0,-1.0,-1,EURUSD
3,Tue,1.0,True,0.9266666666666903,-1.0,-1.0,-1.0,-1.0,-1.0,0.8866666666667233,1,1.0,1.0,1.0,-1.0,-1,EURUSD
9,Tue,1.0,True,0.6488156539649931,-1.0,-1.0,-1.0,-1.0,-1.0,0.06797116374874754,1,1.0,1.0,1.0,-1.0,-1,EURUSD
3,Wed,-1.0,True,0.5415676959620526,-1.0,1.0,1.0,1.0,-1.0,0.12826603325420366,0,-1.0,1.0,-1.0,1.0,0,EURUSD
9,Wed,-1.0,False,0.27039945373842283,-1.0,1.0,1.0,-1.0,-1.0,0.3851143735062827,1,1.0,1.0,1.0,0.0,0,EURUSD
3,Thu,1.0,True,1.1841609050911766,1.0,1.0,1.0,1.0,-1.0,0.3922061596480724,-1,-1.0,-1.0,-1.0,1.0,1,EURUSD
9,Thu,-1.0,False,0.11888544891636096,1.0,-1.0,-1.0,1.0,-1.0,0.3938080495355385,0,-1.0,-1.0,1.0,0.0,0,EURUSD
3,Tue,-1.0,False,0.6275681733284887,-1.0,1.0,1.0,1.0,1.0,0.5827418752335113,1,-1.0,-1.0,1.0,1.0,0,EURUSD
9,Tue,-1.0,False,0.045454545454641795,-1.0,1.0,1.0,-1.0,1.0,0.481818181818113,0,1.0,1.0,-1.0,0.0,0,EURUSD
3,Wed,1.0,True,1.5606805293005244,1.0,1.0,-1.0,-1.0,-1.0,0.1270321361058871,-1,1.0,1.0,1.0,0.0,0,EURUSD
9,Wed,-1.0,False,0.05546995377499139,1.0,-1.0,-1.0,1.0,-1.0,0.305084745762658,0,-1.0,-1.0,-1.0,0.0,0,EURUSD
3,Thu,-1.0,False,0.39620305406537426,-1.0,-1.0,1.0,1.0,1.0,0.6933553446140202,0,-1.0,-1.0,1.0,0.0,0,EURUSD
9,Thu,1.0,False,1.1662198391420227,1.0,-1.0,-1.0,-1.0,1.0,3.5710455764074163,0,1.0,1.0,1.0,-1.0,-1,EURUSD
3,Tue,-1.0,False,1.3436105476672782,-1.0,1.0,1.0,-1.0,1.0,0.07789046653130169,1,1.0,-1.0,1.0,0.0,0,EURUSD
9,Tue,-1.0,False,0.13535424744443003,1.0,-1.0,-1.0,-1.0,1.0,1.0320761367641782,1,1.0,1.0,1.0,-1.0,0,EURUSD
3,Wed,-1.0,False,0.24127735068007616,1.0,1.0,1.0,-1.0,0.0,0.5393258426966965,0,0.0,1.0,-1.0,0.0,0,EURUSD
9,Wed,-1.0,True,1.0298380221653183,-1.0,-1.0,-1.0,1.0,0.0,0.7229326513214386,1,0.0,1.0,1.0,0.0,0,EURUSD
3,Thu,-1.0,True,0.6252814409777743,-1.0,-1.0,-1.0,1.0,0.0,1.2274043100675018,0,-1.0,1.0,1.0,0.0,0,EURUSD
9,Thu,1.0,False,0.5444089456868825,-1.0,-1.0,-1.0,-1.0,0.0,1.9169329073481682,1,1.0,1.0,1.0,-1.0,-1,EURUSD
3,Tue,-1.0,True,1.3039215686274765,-1.0,-1.0,1.0,1.0,-1.0,0.5588235294117135,-1,-1.0,-1.0,-1.0,0.0,0,EURUSD
9,Tue,-1.0,True,1.9745075318657102,-1.0,1.0,1.0,-1.0,-1.0,0.9362688296638986,0,1.0,1.0,1.0,0.0,0,EURUSD
3,Wed,-1.0,False,0.3086548488008191,1.0,1.0,1.0,1.0,-1.0,0.8258602711157853,-1,-1.0,-1.0,-1.0,1.0,1,EURUSD
9,Wed,-1.0,True,1.607407407407412,-1.0,1.0,1.0,1.0,-1.0,2.2296296296295988,-1,-1.0,-1.0,-1.0,1.0,1,EURUSD
3,Thu,1.0,True,0.8624150210423754,1.0,1.0,1.0,1.0,1.0,0.1398510844934188,-1,-1.0,-1.0,-1.0,1.0,1,EURUSD
9,Thu,-1.0,True,1.7028824833702414,-1.0,-1.0,-1.0,1.0,1.0,0.7982261640797452,0,1.0,-1.0,1.0,0.0,-1,EURUSD
3,Tue,-1.0,False,0.0877691995123218,1.0,1.0,1.0,-1.0,-1.0,0.7606663957741053,1,1.0,1.0,1.0,0.0,0,EURUSD
9,Tue,1.0,True,1.442774566474023,1.0,-1.0,-1.0,1.0,-1.0,1.2115606936415713,0,-1.0,-1.0,-1.0,0.0,0,EURUSD
3,Wed,1.0,False,0.2705749718150658,1.0,1.0,-1.0,-1.0,1.0,0.04509582863574416,1,1.0,1.0,1.0,0.0,0,EURUSD
9,Wed,1.0,True,1.9016625397948064,1.0,1.0,1.0,1.0,1.0,1.7743190661477535,-1,-1.0,-1.0,-1.0,1.0,1,EURUSD
3,Thu,-1.0,False,0.08948962945709345,1.0,-1.0,-1.0,-1.0,-1.0,0.14542064786759057,1,1.0,1.0,1.0,-1.0,-1,EURUSD
9,Thu,1.0,True,0.7271005917159447,1.0,-1.0,1.0,1.0,-1.0,0.06816568047331463,-1,1.0,-1.0,-1.0,0.0,0,EURUSD
3,Tue,-1.0,False,0.6348027842226939,-1.0,1.0,-1.0,1.0,-1.0,0.0890951276100508,-1,-1.0,-1.0,-1.0,1.0,0,EURUSD
9,Tue,1.0,True,1.0374944861049558,1.0,-1.0,-1.0,-1.0,-1.0,0.592853992060109,0,1.0,1.0,1.0,-1.0,0,EURUSD
3,Wed,-1.0,True,0.9845123482628444,-1.0,1.0,1.0,1.0,1.0,1.1352030138133777,-1,-1.0,-1.0,-1.0,1.0,1,EURUSD
9,Wed,1.0,False,0.1233644859811213,-1.0,-1.0,-1.0,1.0,1.0,0.41495327102801927,-1,-1.0,-1.0,-1.0,0.0,0,EURUSD
3,Thu,-1.0,False,0.33441709242912065,1.0,-1.0,-1.0,1.0,1.0,0.43474222015778263,-1,-1.0,-1.0,1.0,0.0,0,EURUSD
9,Thu,1.0,True,2.1609395389299175,1.0,-1.0,-1.0,-1.0,1.0,1.3571117877338363,1,1.0,1.0,1.0,-1.0,-1,EURUSD
3,Tue,-1.0,False,0.38588655649834824,-1.0,1.0,1.0,-1.0,-1.0,0.08575256811084983,-1,-1.0,-1.0,-1.0,0.0,0,EURUSD
9,Tue,1.0,False,0.7944250871080207,1.0,-1.0,-1.0,1.0,-1.0,6.439024390243948,0,1.0,1.0,1.0,0.0,-1,EURUSD
3,Wed,-1.0,False,0.4086444007859082,-1.0,-1.0,-1.0,1.0,-1.0,0.6915520628683526,0,1.0,1.0,1.0,0.0,0,EURUSD
9,Wed,1.0,False,0.8102189781023945,1.0,1.0,1.0,-1.0,-1.0,0.30656934306551464,0,-1.0,1.0,-1.0,0.0,0,EURUSD
3,Thu,-1.0,False,0.24577572964667252,1.0,1.0,1.0,-1.0,1.0,0.24577572964667252,-1,-1.0,-1.0,-1.0,0.0,0,EURUSD
9,Thu,1.0,False,1.1782032400590292,-1.0,1.0,1.0,1.0,1.0,2.533136966126743,-1,-1.0,-1.0,-1.0,1.0,1,EURUSD
3,Tue,1.0,True,0.9321824907520152,1.0,-1.0,1.0,-1.0,1.0,0.1627620221949006,0,1.0,-1.0,-1.0,-1.0,0,EURUSD
9,Tue,1.0,False,0.6802585778219358,-1.0,1.0,1.0,1.0,1.0,2.971655892590896,-1,-1.0,-1.0,-1.0,1.0,1,EURUSD
3,Wed,-1.0,True,1.2417391304346053,-1.0,-1.0,-1.0,1.0,1.0,0.07304347826088639,0,-1.0,1.0,1.0,0.0,0,EURUSD
9,Wed,1.0,False,0.376766091051769,-1.0,1.0,1.0,-1.0,1.0,0.866562009418985,0,-1.0,1.0,-1.0,0.0,0,EURUSD
3,Thu,1.0,True,1.8586542530681462,-1.0,1.0,1.0,1.0,1.0,1.482860770207392,-1,-1.0,-1.0,-1.0,1.0,1,EURUSD
9,Thu,-1.0,False,0.3974826101357694,-1.0,-1.0,-1.0,1.0,1.0,1.6535276581648712,1,-1.0,1.0,1.0,0.0,-1,EURUSD
3,Tue,1.0,False,0.24066852367696476,-1.0,1.0,1.0,-1.0,1.0,0.7888579387184617,-1,-1.0,-1.0,-1.0,0.0,1,EURUSD
9,Tue,-1.0,True,1.0326797385618696,-1.0,-1.0,-1.0,1.0,1.0,1.1503267973855869,0,1.0,1.0,1.0,0.0,0,EURUSD
3,Wed,-1.0,True,1.7501274859766227,-1.0,1.0,-1.0,-1.0,-1.0,0.11014788373269752,1,1.0,1.0,1.0,0.0,0,EURUSD
9,Wed,1.0,False,0.24253075571172608,1.0,1.0,1.0,-1.0,-1.0,2.014059753954398,-1,1.0,1.0,-1.0,0.0,1,EURUSD
3,Thu,1.0,False,0.913494809688563,1.0,-1.0,-1.0,-1.0,-1.0,0.4048442906573213,1,1.0,1.0,1.0,-1.0,0,EURUSD
9,Thu,1.0,True,0.9199318568993897,-1.0,1.0,1.0,-1.0,-1.0,0.9199318568993897,1,0.0,-1.0,1.0,0.0,0,EURUSD
3,Tue,1.0,False,0.0921052631579114,1.0,-1.0,-1.0,-1.0,1.0,0.06578947368434764,1,1.0,1.0,1.0,-1.0,0,EURUSD
9,Tue,-1.0,False,0.16988416988425042,1.0,-1.0,-1.0,1.0,1.0,0.13899613899636076,0,1.0,1.0,1.0,0.0,0,EURUSD
3,Wed,1.0,True,1.4199683042789264,1.0,1.0,1.0,1.0,1.0,0.3169572107766491,-1,-1.0,-1.0,-1.0,1.0,1,EURUSD
9,Wed,1.0,False,0.2632331902717633,1.0,1.0,1.0,1.0,1.0,1.8197424892703695,-1,-1.0,-1.0,-1.0,1.0,1,EURUSD
3,Thu,1.0,False,0.42838018741630524,1.0,-1.0,-1.0,1.0,1.0,0.8460508701473693,1,1.0,1.0,1.0,0.0,0,EURUSD
9,Thu,1.0,True,4.387642826915199,1.0,-1.0,-1.0,-1.0,1.0,2.2344477359289634,1,1.0,1.0,1.0,-1.0,-1,EURUSD
3,Tue,-1.0,True,0.8318890814557387,-1.0,-1.0,1.0,1.0,-1.0,0.055459272097110816,0,-1.0,-1.0,-1.0,0.0,0,EURUSD
9,Tue,-1.0,False,1.1457905544149338,-1.0,-1.0,-1.0,-1.0,-1.0,1.6386036960986705,0,1.0,1.0,1.0,-1.0,-1,EURUSD
3,Wed,-1.0,False,0.1461187214610687,-1.0,-1.0,1.0,1.0,1.0,0.07305936073053435,0,-1.0,-1.0,-1.0,0.0,0,EURUSD
9,Wed,1.0,False,0.06648199445968168,1.0,-1.0,1.0,1.0,1.0,0.7313019390579747,-1,-1.0,-1.0,-1.0,0.0,0,EURUSD
3,Thu,-1.0,False,0.32275416890784203,1.0,-1.0,-1.0,-1.0,1.0,0.24529316837026954,1,1.0,1.0,1.0,-1.0,-1,EURUSD
9,Thu,-1.0,True,2.3708609271522447,-1.0,-1.0,-1.0,1.0,1.0,1.5496688741720326,1,1.0,1.0,1.0,0.0,-1,EURUSD
3,Tue,-1.0,True,1.8274836406903332,-1.0,1.0,-1.0,-1.0,-1.0,0.4711481261156474,1,1.0,1.0,1.0,0.0,0,EURUSD
9,Tue,1.0,False,0.32721552176183155,1.0,1.0,1.0,-1.0,-1.0,0.13843733613011314,0,1.0,1.0,1.0,0.0,0,EURUSD
3,Wed,-1.0,True,0.6453089244853842,-1.0,1.0,1.0,1.0,-1.0,0.6041189931350003,0,-1.0,-1.0,-1.0,1.0,0,EURUSD
9,Wed,1.0,False,0.3297938788255674,1.0,-1.0,1.0,-1.0,-1.0,0.07495315427873474,0,1.0,1.0,1.0,-1.0,0,EURUSD
3,Thu,-1.0,True,0.9144792548686641,-1.0,1.0,1.0,-1.0,1.0,0.609652836579335,0,-1.0,-1.0,-1.0,0.0,0,EURUSD
9,Thu,-1.0,True,2.051010268300772,-1.0,1.0,-1.0,-1.0,1.0,0.14309373964894442,0,1.0,1.0,1.0,0.0,0,EURUSD
3,Tue,-1.0,True,1.2886923562855594,-1.0,1.0,1.0,1.0,1.0,0.5761212886924272,-1,-1.0,-1.0,-1.0,1.0,1,EURUSD
9,Tue,1.0,False,0.11743119266066729,-1.0,-1.0,-1.0,1.0,1.0,0.7339449541283557,0,-1.0,-1.0,-1.0,0.0,0,EURUSD
3,Wed,-1.0,True,0.7519582245432677,-1.0,1.0,1.0,-1.0,-1.0,0.7519582245429894,0,-1.0,-1.0,-1.0,0.0,0,EURUSD
9,Wed,-1.0,False,0.2388685175483412,-1.0,-1.0,-1.0,-1.0,-1.0,0.25144054478781575,1,1.0,1.0,1.0,-1.0,0,EURUSD
3,Thu,-1.0,True,2.1818181818179756,-1.0,-1.0,-1.0,1.0,-1.0,0.7655502392343476,0,1.0,1.0,-1.0,0.0,0,EURUSD
9,Thu,1.0,False,0.44621513944207664,-1.0,1.0,1.0,-1.0,-1.0,2.581673306772773,0,1.0,1.0,-1.0,0.0,0,EURUSD
3,Tue,1.0,False,0.24602767811375897,1.0,-1.0,-1.0,-1.0,0.0,0.7995899538695801,1,1.0,1.0,1.0,-1.0,-1,EURUSD
9,Tue,-1.0,False,0.28248076052528426,1.0,1.0,1.0,1.0,0.0,0.695337256677196,-1,-1.0,-1.0,-1.0,1.0,1,EURUSD
3,Wed,-1.0,True,0.7587965323812151,-1.0,1.0,-1.0,1.0,1.0,0.0734319224887326,0,-1.0,-1.0,-1.0,1.0,0,EURUSD
9,Wed,-1.0,False,0.7836192584395019,1.0,1.0,1.0,1.0,1.0,1.0890979524070383,-1,-1.0,-1.0,-1.0,1.0,1,EURUSD
3,Thu,-1.0,False,0.23807274444973575,1.0,-1.0,-1.0,1.0,1.0,0.10203117619288773,-1,-1.0,1.0,-1.0,0.0,0,EURUSD
9,Thu,1.0,True,1.801348314606505,1.0,-1.0,-1.0,1.0,1.0,0.7550561797754112,0,-1.0,-1.0,-1.0,0.0,0,EURUSD
3,Tue,-1.0,True,0.7487684729063685,-1.0,1.0,1.0,-1.0,1.0,0.1707717569786096,0,-1.0,-1.0,1.0,0.0,0,EURUSD
9,Tue,1.0,True,2.507072905331832,1.0,-1.0,-1.0,1.0,1.0,1.0054406964090794,-1,-1.0,-1.0,-1.0,0.0,0,EURUSD
3,Wed,1.0,False,0.17702845100109044,1.0,-1.0,-1.0,-1.0,-1.0,0.07586933614324425,0,1.0,1.0,1.0,-1.0,0,EURUSD
9,Wed,-1.0,True,9.989983305509067,-1.0,-1.0,-1.0,1.0,-1.0,1.1619365609347905,-1,1.0,-1.0,1.0,0.0,0,EURUSD
3,Thu,-1.0,True,1.0912535522577433,1.0,-1.0,-1.0,1.0,-1.0,0.25765708872750875,0,1.0,1.0,1.0,0.0,0,EURUSD
9,Thu,1.0,False,0.9152244059842164,1.0,-1.0,-1.0,-1.0,-1.0,0.07744206512161873,1,1.0,1.0,1.0,-1.0,0,EURUSD
3,Tue,-1.0,False,0.7366426676771262,-1.0,1.0,1.0,-1.0,-1.0,0.4092459264871577,0,1.0,-1.0,-1.0,0.0,0,EURUSD
9,Tue,-1.0,False,0.2866894197952824,-1.0,1.0,1.0,1.0,-1.0,1.318771331058117,-1,-1.0,-1.0,-1.0,1.0,1,EURUSD
3,Wed,1.0,True,1.770365618986557,1.0,-1.0,-1.0,1.0,-1.0,1.000641436818563,1,1.0,1.0,1.0,0.0,-1,EURUSD
9,Wed,-1.0,False,0.05893186003689286,1.0,-1.0,-1.0,1.0,-1.0,0.25782688766120176,-1,-1.0,-1.0,-1.0,0.0,0,EURUSD
3,Thu,1.0,False,0.3649222065063163,0.0,1.0,1.0,1.0,1.0,0.20367751060822475,-1,-1.0,-1.0,-1.0,1.0,1,EURUSD
9,Thu,-1.0,True,1.4679213002567038,-1.0,1.0,1.0,-1.0,1.0,0.15397775876827816,0,-1.0,1.0,1.0,0.0,0,EURUSD
3,Tue,-1.0,False,0.6640776699028598,1.0,-1.0,-1.0,1.0,-1.0,0.4660194174756729,1,1.0,1.0,1.0,0.0,-1,EURUSD
9,Tue,-1.0,False,0.24605678233452324,1.0,1.0,1.0,1.0,-1.0,1.8548895899053068,0,-1.0,-1.0,-1.0,1.0,0,EURUSD
3,Wed,-1.0,True,0.5418326693227097,-1.0,-1.0,-1.0,1.0,1.0,0.31075697211163733,0,1.0,1.0,1.0,0.0,0,EURUSD
9,Wed,-1.0,False,0.2453151618398757,1.0,1.0,1.0,-1.0,1.0,0.08177172061336756,0,1.0,1.0,1.0,0.0,0,EURUSD
3,Thu,1.0,True,0.9313771888310807,1.0,1.0,1.0,1.0,-1.0,0.34074775201131563,-1,-1.0,-1.0,-1.0,1.0,1,EURUSD
9,Thu,-1.0,True,3.113155473780808,-1.0,-1.0,-1.0,1.0,-1.0,0.49678012879490885,0,-1.0,-1.0,-1.0,0.0,0,EURUSD
3,Tue,1.0,False,0.5116279069767902,1.0,-1.0,-1.0,-1.0,1.0,0.5860465116278207,1,1.0,1.0,1.0,-1.0,-1,EURUSD
9,Tue,-1.0,True,1.8983050847457237,-1.0,-1.0,-1.0,1.0,1.0,0.7651331719128984,0,1.0,-1.0,-1.0,0.0,0,EURUSD
3,Wed,-1.0,False,0.3311546840957092,1.0,-1.0,-1.0,-1.0,-1.0,0.034858387799405754,1,1.0,1.0,1.0,-1.0,0,EURUSD
9,Wed,1.0,True,1.2908777969018699,1.0,1.0,1.0,1.0,-1.0,0.29948364888113843,0,1.0,-1.0,-1.0,1.0,0,EURUSD
3,Thu,1.0,False,0.11302982731544337,-1.0,-1.0,1.0,1.0,1.0,0.1205651491365287,0,-1.0,1.0,-1.0,0.0,0,EURUSD
9,Thu,-1.0,False,0.08818541548910165,-1.0,-1.0,-1.0,-1.0,1.0,0.11531938948558611,1,-1.0,1.0,1.0,-1.0,0,EURUSD
3,Tue,1.0,True,0.7019867549668012,1.0,-1.0,-1.0,-1.0,1.0,0.9801324503311054,1,1.0,1.0,1.0,-1.0,-1,EURUSD
9,Tue,1.0,True,1.1533477321815495,1.0,-1.0,1.0,1.0,1.0,0.3239740820735562,-1,1.0,-1.0,-1.0,0.0,0,EURUSD
3,Wed,1.0,False,0.47706422018362993,-1.0,-1.0,-1.0,-1.0,-1.0,0.04892966360861225,0,1.0,1.0,1.0,-1.0,0,EURUSD
9,Wed,1.0,False,0.3401574803149509,1.0,-1.0,-1.0,1.0,-1.0,0.365354330708537,-1,1.0,-1.0,-1.0,0.0,0,EURUSD
3,Thu,-1.0,True,0.9655172413794962,-1.0,-1.0,-1.0,-1.0,-1.0,0.2605363984674345,1,1.0,1.0,1.0,-1.0,0,EURUSD
9,Thu,1.0,True,4.770278637771165,1.0,-1.0,-1.0,-1.0,-1.0,1.0848297213624143,1,1.0,1.0,1.0,-1.0,0,EURUSD
3,Tue,1.0,False,0.16666666666641666,1.0,1.0,-1.0,-1.0,1.0,0.13636363636352358,0,1.0,1.0,1.0,0.0,0,EURUSD
9,Tue,1.0,False,1.6943111720357709,1.0,-1.0,-1.0,1.0,1.0,0.6415352981492326,-1,-1.0,-1.0,-1.0,0.0,0,EURUSD
3,Wed,1.0,False,0.4119131751640602,-1.0,1.0,1.0,1.0,1.0,0.6663301362945817,-1,-1.0,-1.0,-1.0,1.0,0,EURUSD
9,Wed,1.0,True,3.822266600099841,1.0,1.0,1.0,1.0,1.0,0.5751372940589485,0,-1.0,-1.0,-1.0,1.0,0,EURUSD
3,Thu,-1.0,False,0.29101932550196735,-1.0,-1.0,-1.0,1.0,1.0,0.49109511178474663,1,1.0,1.0,1.0,0.0,-1,EURUSD
9,Thu,-1.0,False,0.31893687707633683,-1.0,-1.0,-1.0,-1.0,1.0,0.5049833887042819,1,1.0,1.0,1.0,-1.0,0,EURUSD
3,Tue,1.0,False,0.49304174950303215,1.0,-1.0,1.0,-1.0,-1.0,0.04771371769379625,0,1.0,-1.0,-1.0,-1.0,0,EURUSD
9,Tue,-1.0,True,1.8724559023066543,-1.0,1.0,-1.0,1.0,-1.0,0.24423337856153318,0,-1.0,-1.0,-1.0,1.0,0,EURUSD
3,Wed,1.0,True,0.7612456747405875,1.0,1.0,1.0,-1.0,-1.0,0.3321799307958871,1,1.0,1.0,1.0,0.0,0,EURUSD
9,Wed,1.0,False,0.5396014307613805,1.0,-1.0,-1.0,-1.0,-1.0,1.2386305569749436,1,1.0,1.0,1.0,-1.0,-1,EURUSD
3,Thu,1.0,False,0.3954685890832705,1.0,-1.0,-1.0,1.0,-1.0,0.32131822863019155,0,-1.0,1.0,1.0,0.0,0,EURUSD
9,Thu,1.0,False,0.2508710801394255,-1.0,1.0,1.0,1.0,-1.0,0.6092583374813483,-1,-1.0,-1.0,-1.0,1.0,1,EURUSD
3,Tue,1.0,False,0.04097894137731167,1.0,-1.0,-1.0,1.0,1.0,0.15025611838367833,0,-1.0,1.0,-1.0,0.0,0,EURUSD
9,Tue,-1.0,True,1.092869982025221,-1.0,1.0,1.0,1.0,1.0,0.8196524865187561,-1,-1.0,-1.0,-1.0,1.0,1,EURUSD
3,Wed,1.0,True,0.9440993788820823,1.0,-1.0,-1.0,-1.0,1.0,0.360248447205114,0,1.0,1.0,1.0,-1.0,0,EURUSD
9,Wed,-1.0,False,0.3540130151843888,-1.0,1.0,-1.0,-1.0,1.0,0.3123644251626552,0,1.0,-1.0,-1.0,0.0,0,EURUSD
3,Thu,1.0,True,0.5346534653465139,1.0,-1.0,-1.0,-1.0,-1.0,0.5742574257425928,1,1.0,1.0,1.0,-1.0,-1,EURUSD
9,Thu,1.0,True,1.1688666363221625,1.0,1.0,1.0,1.0,-1.0,0.098315885298051,-1,-1.0,-1.0,-1.0,1.0,0,EURUSD
3,Tue,-1.0,True,0.6744730679156242,-1.0,-1.0,-1.0,1.0,1.0,0.7081967213113805,0,-1.0,1.0,1.0,0.0,0,EURUSD
9,Tue,1.0,False,0.33088235294114676,1.0,-1.0,-1.0,-1.0,1.0,0.5183823529411544,1,1.0,1.0,1.0,-1.0,-1,EURUSD
3,Wed,-1.0,False,0.39680000000005,-1.0,-1.0,1.0,1.0,-1.0,0.19200000000012504,1,1.0,1.0,1.0,0.0,0,EURUSD
9,Wed,1.0,True,2.320197044335108,1.0,-1.0,-1.0,-1.0,-1.0,0.04433497536942095,1,1.0,1.0,1.0,-1.0,0,EURUSD
3,Thu,-1.0,False,0.10557184750723972,-1.0,-1.0,-1.0,1.0,-1.0,0.26979472140756405,0,-1.0,1.0,-1.0,0.0,0,EURUSD
9,Thu,1.0,False,1.5700934579439625,1.0,-1.0,-1.0,-1.0,-1.0,0.998130841121286,1,1.0,1.0,1.0,-1.0,-1,EURUSD
3,Tue,1.0,False,0.29575536284799603,-1.0,-1.0,-1.0,1.0,-1.0,0.2957553628482393,0,-1.0,1.0,1.0,0.0,0,EURUSD
9,Tue,1.0,False,0.3624713958809364,-1.0,-1.0,-1.0,-1.0,-1.0,1.3400457665903651,1,1.0,1.0,1.0,-1.0,-1,EURUSD
3,Wed,-1.0,True,0.5297504798463517,-1.0,1.0,1.0,-1.0,-1.0,1.0825335892516519,-1,-1.0,-1.0,-1.0,0.0,1,EURUSD
9,Wed,1.0,True,8.453001132502786,1.0,1.0,1.0,1.0,-1.0,0.7474518686294473,-1,-1.0,-1.0,-1.0,1.0,1,EURUSD
3,Thu,-1.0,False,0.19150973507826327,1.0,1.0,-1.0,-1.0,1.0,0.04596233641872875,1,1.0,1.0,1.0,0.0,0,EURUSD
9,Thu,1.0,False,0.771113831089352,1.0,-1.0,-1.0,-1.0,1.0,0.8004895960832616,1,1.0,1.0,1.0,-1.0,-1,EURUSD
3,Tue,1.0,True,1.2448132780080923,1.0,1.0,-1.0,-1.0,1.0,0.22406639004156717,1,1.0,1.0,1.0,0.0,0,EURUSD
9,Tue,1.0,True,2.02971428571415,1.0,-1.0,-1.0,-1.0,1.0,0.24685714285723334,1,1.0,1.0,1.0,-1.0,0,EURUSD
3,Wed,-1.0,False,0.8183206106869992,-1.0,1.0,1.0,-1.0,1.0,0.24427480916029018,0,1.0,1.0,1.0,0.0,0,EURUSD
9,Wed,-1.0,False,0.5776309579990849,-1.0,1.0,1.0,1.0,1.0,0.06795658329395082,-1,-1.0,-1.0,-1.0,1.0,0,EURUSD
3,Thu,-1.0,True,0.6904315197000244,-1.0,-1.0,-1.0,-1.0,1.0,0.7804878048778537,1,1.0,1.0,1.0,-1.0,-1,EURUSD
9,Thu,1.0,False,0.6474278544544663,1.0,-1.0,-1.0,-1.0,1.0,2.107904642409245,0,1.0,1.0,1.0,-1.0,0,EURUSD
3,Tue,-1.0,True,1.3191250701065682,-1.0,1.0,1.0,1.0,1.0,0.25574873808177284,-1,-1.0,-1.0,-1.0,1.0,1,EURUSD
9,Tue,-1.0,False,0.6020066889629936,-1.0,-1.0,-1.0,-1.0,1.0,1.859531772575247,1,1.0,1.0,1.0,-1.0,-1,EURUSD
3,Wed,-1.0,True,1.0958904109590348,-1.0,-1.0,-1.0,-1.0,-1.0,0.8158295281582184,1,1.0,1.0,1.0,-1.0,-1,EURUSD
9,Wed,-1.0,True,2.117647058823408,-1.0,1.0,1.0,-1.0,-1.0,1.1269349845200978,1,1.0,1.0,1.0,0.0,0,EURUSD
3,Thu,-1.0,False,0.3063829787234053,-1.0,1.0,1.0,1.0,-1.0,0.1475177304964171,-1,-1.0,-1.0,-1.0,1.0,1,EURUSD
9,Thu,1.0,True,2.9929676511954217,1.0,-1.0,-1.0,1.0,-1.0,1.2376933895922588,0,-1.0,-1.0,-1.0,0.0,0,EURUSD
3,Tue,-1.0,True,0.6750917244191519,-1.0,1.0,-1.0,-1.0,1.0,0.22503057480631156,1,1.0,1.0,1.0,0.0,0,EURUSD
9,Tue,1.0,True,0.8670680870773629,1.0,1.0,1.0,-1.0,1.0,0.7447892542843413,0,1.0,1.0,-1.0,0.0,0,EURUSD
3,Wed,1.0,True,1.039175257731883,1.0,-1.0,-1.0,-1.0,1.0,0.4824742268042552,1,1.0,1.0,1.0,-1.0,-1,EURUSD
9,Wed,1.0,True,2.1877022653721023,1.0,-1.0,1.0,1.0,1.0,0.09061488673140926,0,-1.0,-1.0,-1.0,0.0,0,EURUSD
3,Thu,1.0,False,0.27671840354784044,1.0,1.0,1.0,1.0,1.0,0.3618625277159705,0,-1.0,-1.0,-1.0,1.0,0,EURUSD
9,Thu,1.0,False,0.011251758087274917,1.0,-1.0,-1.0,1.0,1.0,0.4388185654007237,0,-1.0,-1.0,-1.0,0.0,0,EURUSD
3,Tue,-1.0,True,0.543601359003351,-1.0,-1.0,1.0,1.0,-1.0,0.13590033975083776,0,-1.0,-1.0,-1.0,0.0,0,EURUSD
9,Tue,1.0,False,0.2816553428040755,1.0,-1.0,-1.0,-1.0,-1.0,1.2452130945027309,1,1.0,1.0,1.0,-1.0,-1,EURUSD
3,Wed,1.0,True,0.6081319976431413,-1.0,-1.0,-1.0,1.0,-1.0,0.12728344136701575,-1,-1.0,-1.0,-1.0,0.0,0,EURUSD
9,Wed,1.0,False,0.21238938053111536,-1.0,1.0,1.0,1.0,-1.0,0.5522123893803969,-1,-1.0,-1.0,-1.0,1.0,1,EURUSD
3,Thu,-1.0,False,0.06262230919771221,1.0,-1.0,-1.0,1.0,1.0,0.29745596868904606,0,-1.0,1.0,1.0,0.0,0,EURUSD
9,Thu,1.0,True,5.198380566801776,1.0,1.0,1.0,1.0,1.0,0.9878542510121263,-1,-1.0,-1.0,-1.0,1.0,1,EURUSD
3,Tue,1.0,False,0.012345679012426903,1.0,-1.0,-1.0,-1.0,-1.0,0.48148148148135966,1,1.0,1.0,1.0,-1.0,-1,EURUSD
9,Tue,-1.0,True,2.867671691792428,-1.0,1.0,1.0,1.0,-1.0,0.4154103852593908,0,-1.0,-1.0,-1.0,1.0,0,EURUSD
3,Wed,-1.0,True,0.8589211618258267,1.0,1.0,-1.0,1.0,1.0,0.18672199170108641,0,-1.0,-1.0,-1.0,1.0,0,EURUSD
9,Wed,1.0,True,0.797979797979867,1.0,1.0,-1.0,1.0,1.0,0.41414141414143574,0,-1.0,-1.0,-1.0,1.0,0,EURUSD
3,Thu,-1.0,True,0.6634890371782866,-1.0,1.0,1.0,-1.0,1.0,0.40038131553843287,0,-1.0,-1.0,-1.0,0.0,0,EURUSD
9,Thu,1.0,False,0.13670886075937905,-1.0,-1.0,-1.0,-1.0,1.0,0.805063291139465,0,1.0,1.0,1.0,-1.0,0,EURUSD
3,Tue,-1.0,False,0.7675276752768676,-1.0,-1.0,-1.0,1.0,1.0,0.11808118081192663,0,-1.0,1.0,1.0,0.0,0,EURUSD
9,Tue,-1.0,False,0.12618296529967482,-1.0,-1.0,-1.0,-1.0,1.0,0.5552050473186253,1,1.0,1.0,1.0,-1.0,0,EURUSD
3,Wed,-1.0,True,1.2077087794431625,-1.0,1.0,1.0,-1.0,-1.0,0.7323340471091456,0,-1.0,-1.0,-1.0,0.0,0,EURUSD
9,Wed,1.0,True,1.530810810810779,1.0,1.0,1.0,-1.0,-1.0,0.4670270270272126,0,1.0,-1.0,-1.0,0.0,0,EURUSD
3,Thu,-1.0,True,1.2517552657975985,1.0,1.0,1.0,1.0,-1.0,0.5897693079239046,-1,-1.0,-1.0,-1.0,1.0,1,EURUSD
9,Thu,1.0,False,0.47353224254092396,-1.0,-1.0,-1.0,1.0,-1.0,0.6467757459093983,0,-1.0,-1.0,-1.0,0.0,0,EURUSD
3,Tue,1.0,False,0.2912300055158644,-1.0,-1.0,-1.0,1.0,-1.0,0.43684500827350264,0,1.0,-1.0,-1.0,0.0,0,EURUSD
9,Tue,-1.0,True,3.333752357008267,-1.0,-1.0,-1.0,1.0,-1.0,1.372721558768031,0,-1.0,-1.0,1.0,0.0,0,EURUSD
3,Wed,1.0,False,0.03491755577106582,-1.0,-1.0,1.0,1.0,-1.0,0.06983511154213164,0,-1.0,1.0,-1.0,0.0,0,EURUSD
9,Wed,1.0,True,1.3662034961899603,1.0,-1.0,1.0,1.0,-1.0,0.5378753922007624,-1,-1.0,-1.0,-1.0,0.0,0,EURUSD
3,Thu,-1.0,True,0.9224318658282026,-1.0,1.0,-1.0,-1.0,1.0,0.04192872117390764,0,-1.0,-1.0,1.0,0.0,0,EURUSD
9,Thu,1.0,False,0.3525954946129993,1.0,1.0,1.0,-1.0,1.0,0.5798237022526657,0,1.0,1.0,1.0,0.0,0,EURUSD
3,Tue,-1.0,True,0.41565452091764554,-1.0,-1.0,-1.0,-1.0,1.0,0.29149797570861413,0,1.0,1.0,1.0,-1.0,0,EURUSD
9,Tue,-1.0,True,0.7553366174055814,1.0,1.0,1.0,-1.0,1.0,0.5451559934317872,1,1.0,1.0,1.0,0.0,0,EURUSD
3,Wed,1.0,False,0.44077961019480083,1.0,-1.0,-1.0,-1.0,-1.0,0.10794602698641662,1,1.0,1.0,1.0,-1.0,-1,EURUSD
9,Wed,-1.0,False,0.13930348258709527,-1.0,1.0,1.0,1.0,-1.0,0.5373134328358126,0,1.0,-1.0,-1.0,1.0,0,EURUSD
3,Thu,1.0,True,0.8108869075549598,1.0,1.0,1.0,1.0,-1.0,0.4504927264194777,0,-1.0,-1.0,-1.0,1.0,0,EURUSD
9,Thu,-1.0,True,3.821067821067974,-1.0,1.0,1.0,-1.0,-1.0,0.6002886002886855,0,-1.0,1.0,1.0,0.0,0,EURUSD
3,Tue,-1.0,True,0.8360128617363698,-1.0,1.0,1.0,1.0,1.0,0.06430868167216025,-1,-1.0,-1.0,-1.0,1.0,1,EURUSD
9,Tue,1.0,True,1.3750663129972744,1.0,1.0,1.0,-1.0,1.0,0.9167108753316104,0,1.0,1.0,-1.0,0.0,0,EURUSD
3,Wed,1.0,True,0.8878048780487653,1.0,-1.0,1.0,1.0,1.0,0.20487804878053428,0,1.0,1.0,1.0,0.0,0,EURUSD
9,Wed,-1.0,False,0.5437788018434092,1.0,1.0,-1.0,1.0,1.0,0.046082949308649035,0,-1.0,-1.0,-1.0,1.0,0,EURUSD
3,Thu,1.0,True,0.48557899268184457,1.0,-1.0,1.0,-1.0,1.0,0.2066293585880092,0,1.0,-1.0,-1.0,-1.0,0,EURUSD
9,Thu,-1.0,True,6.662756598240646,-1.0,1.0,1.0,-1.0,1.0,0.3753665689148119,0,-1.0,-1.0,-1.0,0.0,0,EURUSD
3,Tue,1.0,True,0.5079365079364957,1.0,-1.0,1.0,-1.0,1.0,0.03463203463200467,1,1.0,-1.0,1.0,-1.0,0,EURUSD
9,Tue,1.0,True,1.989518818485009,1.0,-1.0,1.0,1.0,1.0,0.14864221057641805,0,1.0,-1.0,-1.0,0.0,0,EURUSD
3,Wed,-1.0,False,0.01093892433917817,-1.0,-1.0,-1.0,-1.0,1.0,0.14220601640858754,1,1.0,1.0,1.0,-1.0,0,EURUSD
9,Wed,1.0,True,1.0123561994033097,-1.0,-1.0,-1.0,1.0,1.0,1.0225820195995987,1,1.0,1.0,1.0,0.0,0,EURUSD
3,Thu,1.0,True,0.5840509172594789,-1.0,0.0,-1.0,-1.0,1.0,0.0,1,1.0,1.0,1.0,0.0,0,EURUSD
9,Thu,1.0,False,0.26473629782841024,-1.0,-1.0,-1.0,1.0,1.0,0.7114788004137033,0,1.0,1.0,1.0,0.0,0,EURUSD
3,Tue,-1.0,False,0.5717008099094402,-1.0,-1.0,1.0,1.0,-1.0,0.171510242972959,-1,-1.0,1.0,-1.0,0.0,0,EURUSD
9,Tue,-1.0,False,0.2335495829472296,1.0,-1.0,-1.0,-1.0,-1.0,0.6005560704355921,1,-1.0,1.0,1.0,-1.0,-1,EURUSD
3,Wed,1.0,False,0.3906510851420089,1.0,-1.0,-1.0,-1.0,1.0,1.592654424040019,1,1.0,1.0,1.0,-1.0,-1,EURUSD
9,Wed,-1.0,False,0.7927927927927856,-1.0,-1.0,-1.0,-1.0,1.0,0.4324324324324649,1,1.0,1.0,1.0,-1.0,-1,EURUSD
3,Thu,-1.0,True,0.697452229299258,-1.0,1.0,-1.0,1.0,-1.0,0.02866242038214094,-1,-1.0,-1.0,-1.0,1.0,0,EURUSD
9,Thu,-1.0,False,0.9650349650351097,-1.0,-1.0,1.0,-1.0,-1.0,0.13426573426567823,0,1.0,1.0,1.0,-1.0,0,EURUSD
3,Tue,1.0,False,0.24411134903629841,-1.0,1.0,1.0,-1.0,1.0,0.7066381156317806,0,1.0,1.0,1.0,0.0,0,EURUSD
9,Tue,1.0,True,1.494363929146626,1.0,1.0,-1.0,-1.0,1.0,0.10305958132055561,0,1.0,1.0,1.0,0.0,0,EURUSD
3,Wed,-1.0,False,0.44298605414257664,-1.0,1.0,1.0,1.0,-1.0,0.1575061525840224,-1,-1.0,-1.0,-1.0,1.0,1,EURUSD
9,Wed,1.0,False,0.213378492802754,1.0,-1.0,-1.0,-1.0,-1.0,0.27434377646061925,1,-1.0,1.0,1.0,-1.0,0,EURUSD
3,Thu,1.0,False,0.3520536462699939,1.0,1.0,1.0,-1.0,1.0,0.3520536462699939,0,-1.0,-1.0,1.0,0.0,0,EURUSD
9,Thu,-1.0,False,0.2958093672966089,1.0,-1.0,1.0,1.0,1.0,0.37469186524245884,-1,-1.0,-1.0,-1.0,0.0,0,EURUSD
3,Tue,1.0,True,1.1994120529152599,-1.0,-1.0,1.0,1.0,-1.0,0.058794708476361104,-1,-1.0,-1.0,-1.0,0.0,0,EURUSD
9,Tue,-1.0,False,0.16224648985954812,-1.0,-1.0,-1.0,1.0,-1.0,1.1482059282368873,1,1.0,1.0,1.0,0.0,-1,EURUSD
3,Wed,1.0,False,0.1493997332147893,-1.0,-1.0,1.0,1.0,-1.0,0.2987994664295786,-1,-1.0,-1.0,-1.0,0.0,0,EURUSD
9,Wed,-1.0,True,3.0375521557717495,-1.0,-1.0,1.0,1.0,-1.0,0.5674547983310188,-1,-1.0,-1.0,1.0,0.0,0,EURUSD
3,Thu,-1.0,True,1.4973070017953443,-1.0,1.0,1.0,1.0,-1.0,0.6140035906642332,-1,-1.0,-1.0,-1.0,1.0,1,EURUSD
9,Thu,1.0,False,1.1532467532466895,1.0,-1.0,-1.0,1.0,-1.0,0.8207792207792876,0,1.0,-1.0,1.0,0.0,0,EURUSD
3,Tue,-1.0,False,0.65494912118419,1.0,1.0,1.0,-1.0,1.0,0.2553191489361178,0,1.0,1.0,1.0,0.0,0,EURUSD
9,Tue,-1.0,True,1.4719999999998914,-1.0,1.0,1.0,1.0,1.0,0.45866666666657957,0,-1.0,-1.0,-1.0,1.0,0,EURUSD
3,Wed,-1.0,False,0.19039224327881296,1.0,1.0,-1.0,1.0,-1.0,0.05288673424403642,0,-1.0,1.0,1.0,1.0,0,EURUSD
9,Wed,-1.0,False,0.2421912542047569,1.0,-1.0,-1.0,1.0,-1.0,0.6227775108120857,0,-1.0,1.0,1.0,0.0,0,EURUSD
3,Thu,1.0,True,0.8051027639971482,1.0,1.0,1.0,1.0,-1.0,0.6123316796597957,-1,-1.0,-1.0,-1.0,1.0,1,EURUSD
9,Thu,-1.0,True,1.6567642658688133,-1.0,-1.0,-1.0,1.0,-1.0,0.6411626415901851,0,-1.0,-1.0,-1.0,0.0,0,EURUSD
3,Tue,-1.0,False,0.09501814582655614,1.0,-1.0,1.0,1.0,-1.0,0.031672715275518716,-1,-1.0,-1.0,-1.0,0.0,0,EURUSD
9,Tue,1.0,True,1.1178082191781165,1.0,1.0,-1.0,1.0,-1.0,0.0939334637964681,0,-1.0,-1.0,-1.0,1.0,0,EURUSD
3,Wed,-1.0,True,0.45714285714280495,-1.0,1.0,-1.0,1.0,1.0,0.009142857142917002,0,-1.0,-1.0,-1.0,1.0,0,EURUSD
9,Wed,1.0,False,0.17171717171717363,-1.0,1.0,1.0,-1.0,1.0,0.8787878787880204,-1,-1.0,-1.0,-1.0,0.0,0,EURUSD
3,Thu,1.0,False,0.3146394756007975,-1.0,1.0,1.0,1.0,-1.0,0.70793882010194,-1,-1.0,-1.0,-1.0,1.0,1,EURUSD
9,Thu,-1.0,False,0.24676616915425373,-1.0,1.0,1.0,1.0,-1.0,0.00796019900485049,-1,-1.0,-1.0,-1.0,1.0,0,EURUSD
3,Tue,-1.0,False,0.19452207937388383,-1.0,-1.0,-1.0,1.0,-1.0,0.21464505310220638,-1,-1.0,1.0,-1.0,0.0,0,EURUSD
9,Tue,-1.0,True,0.8741505843978487,-1.0,-1.0,-1.0,-1.0,-1.0,0.16308779559668057,1,1.0,1.0,1.0,-1.0,0,EURUSD
3,Wed,1.0,False,0.306353350739763,1.0,-1.0,-1.0,-1.0,-1.0,0.048738033072245564,1,1.0,1.0,1.0,-1.0,0,EURUSD
9,Wed,-1.0,True,1.7506631299734479,-1.0,1.0,1.0,1.0,-1.0,0.7002652519893792,0,-1.0,-1.0,-1.0,1.0,0,EURUSD
3,Thu,1.0,True,0.8661233993014174,1.0,-1.0,-1.0,-1.0,-1.0,0.4097788125727648,1,1.0,1.0,1.0,-1.0,-1,EURUSD
9,Thu,-1.0,True,0.9777094542660246,-1.0,0.0,1.0,1.0,-1.0,0.0,0,1.0,-1.0,-1.0,0.0,0,EURUSD
3,Tue,1.0,False,0.06363234644272117,1.0,-1.0,-1.0,1.0,-1.0,0.2545293857711202,-1,-1.0,-1.0,-1.0,0.0,0,EURUSD
9,Tue,-1.0,True,1.3195488721803192,-1.0,1.0,1.0,-1.0,-1.0,0.2706766917293412,0,-1.0,-1.0,1.0,0.0,0,EURUSD
3,Wed,-1.0,True,1.1103985341272753,-1.0,1.0,1.0,-1.0,1.0,1.0444342647732328,0,1.0,-1.0,-1.0,0.0,0,EURUSD
9,Wed,1.0,False,0.3082568807337606,-1.0,-1.0,-1.0,1.0,1.0,1.2770642201835256,0,1.0,1.0,1.0,0.0,0,EURUSD
3,Thu,-1.0,False,0.24716786817710984,-1.0,-1.0,-1.0,1.0,-1.0,0.21009268795057082,1,-1.0,1.0,1.0,0.0,0,EURUSD
9,Thu,1.0,False,1.716186252771589,1.0,-1.0,-1.0,-1.0,-1.0,1.0776053215077006,1,1.0,1.0,1.0,-1.0,0,EURUSD
3,Tue,1.0,False,0.10359712230206891,1.0,-1.0,-1.0,-1.0,-1.0,0.14964028776974028,1,1.0,1.0,1.0,-1.0,0,EURUSD
9,Tue,1.0,True,0.9487402258904932,1.0,-1.0,-1.0,1.0,-1.0,0.18766290182457201,0,1.0,1.0,-1.0,0.0,0,EURUSD
3,Wed,-1.0,True,1.2337536372452136,-1.0,-1.0,-1.0,-1.0,-1.0,0.1862269641124412,0,-1.0,1.0,1.0,-1.0,0,EURUSD
9,Wed,-1.0,False,0.7234267583288757,-1.0,1.0,-1.0,1.0,-1.0,0.5838180856688381,0,-1.0,-1.0,-1.0,1.0,0,EURUSD
3,Thu,-1.0,False,0.3818437061300987,1.0,1.0,1.0,-1.0,-1.0,0.14599906410852315,0,1.0,1.0,1.0,0.0,0,EURUSD
9,Thu,-1.0,True,2.419970631424324,-1.0,-1.0,1.0,1.0,-1.0,0.10572687224686725,-1,-1.0,-1.0,-1.0,0.0,0,EURUSD
3,Tue,1.0,True,0.8537005163508888,1.0,-1.0,1.0,1.0,-1.0,0.13769363166951792,-1,-1.0,-1.0,-1.0,0.0,0,EURUSD
9,Tue,-1.0,True,0.6799204771371163,-1.0,-1.0,1.0,1.0,-1.0,1.324055666003886,0,-1.0,-1.0,1.0,0.0,0,EURUSD
3,Wed,-1.0,True,1.5420814479638216,-1.0,1.0,1.0,1.0,-1.0,0.47782805429889347,-1,-1.0,-1.0,-1.0,1.0,1,EURUSD
9,Wed,1.0,True,1.2840466926071687,1.0,-1.0,-1.0,-1.0,-1.0,1.6809338521400061,1,1.0,1.0,1.0,-1.0,-1,EURUSD
3,Thu,-1.0,True,0.6022304832713405,1.0,-1.0,1.0,1.0,-1.0,0.47955390334563286,0,-1.0,-1.0,-1.0,0.0,0,EURUSD
9,Thu,1.0,False,0.159928920479881,1.0,-1.0,-1.0,1.0,-1.0,0.41581519324754856,0,-1.0,-1.0,-1.0,0.0,0,EURUSD
3,Tue,-1.0,False,0.21327757449033513,1.0,1.0,1.0,-1.0,1.0,0.025091479351689427,0,1.0,-1.0,1.0,0.0,0,EURUSD
9,Tue,1.0,False,1.1662696522153733,1.0,-1.0,-1.0,-1.0,1.0,2.481181515007171,1,1.0,1.0,1.0,-1.0,-1,EURUSD
3,Wed,-1.0,True,0.4187669639395726,1.0,1.0,1.0,-1.0,1.0,0.7351686700272129,-1,-1.0,-1.0,-1.0,0.0,0,EURUSD
9,Wed,1.0,True,2.545454545454479,1.0,-1.0,-1.0,1.0,1.0,0.9004329004328336,1,1.0,1.0,1.0,0.0,-1,EURUSD
3,Thu,1.0,False,0.5991792065664469,1.0,1.0,1.0,-1.0,1.0,0.03283173734613414,0,1.0,-1.0,1.0,0.0,0,EURUSD
9,Thu,-1.0,True,1.8170914542729955,-1.0,1.0,1.0,1.0,1.0,1.0344827586208825,-1,-1.0,-1.0,-1.0,1.0,1,EURUSD
3,Tue,1.0,False,0.3449235048679103,1.0,1.0,1.0,1.0,-1.0,0.8567454798330372,-1,-1.0,-1.0,-1.0,1.0,1,EURUSD
9,Tue,1.0,True,1.7225495447242716,1.0,-1.0,-1.0,1.0,-1.0,0.39850026780935277,0,-1.0,-1.0,-1.0,0.0,0,EURUSD
3,Wed,1.0,True,1.4772151898734158,1.0,1.0,-1.0,-1.0,1.0,0.3189873417721374,0,1.0,1.0,1.0,0.0,0,EURUSD
9,Wed,1.0,False,0.17744360902258535,1.0,1.0,1.0,-1.0,1.0,0.6436090225564066,0,1.0,1.0,1.0,0.0,0,EURUSD
3,Thu,1.0,True,0.8040363269424693,-1.0,1.0,1.0,1.0,-1.0,0.21796165489396577,-1,-1.0,-1.0,-1.0,1.0,1,EURUSD
9,Thu,1.0,False,1.004234122042402,1.0,1.0,1.0,1.0,-1.0,1.0161892901617664,-1,-1.0,-1.0,-1.0,1.0,1,EURUSD
3,Tue,-1.0,False,0.016730568142319373,-1.0,-1.0,-1.0,-1.0,-1.0,0.18403624956439862,1,1.0,1.0,1.0,-1.0,0,EURUSD
9,Tue,-1.0,False,0.4847594564818644,-1.0,1.0,1.0,-1.0,-1.0,0.2908556738890404,0,1.0,1.0,-1.0,0.0,0,EURUSD
3,Wed,1.0,False,0.8064280496713417,1.0,-1.0,-1.0,-1.0,-1.0,0.9116143170196845,1,1.0,1.0,1.0,-1.0,-1,EURUSD
9,Wed,-1.0,True,3.8086956521739785,-1.0,1.0,-1.0,1.0,-1.0,0.39503105590057186,-1,-1.0,-1.0,-1.0,1.0,0,EURUSD
3,Thu,-1.0,True,0.8408182459440355,-1.0,1.0,1.0,-1.0,-1.0,0.33858452856803267,0,1.0,-1.0,1.0,0.0,0,EURUSD
9,Thu,1.0,True,1.1994645247657438,1.0,-1.0,1.0,-1.0,-1.0,0.2891566265060169,0,1.0,1.0,-1.0,-1.0,0,EURUSD
3,Tue,-1.0,False,0.4438871473353175,-1.0,-1.0,-1.0,-1.0,1.0,1.1510971786833917,1,1.0,1.0,1.0,-1.0,-1,EURUSD
9,Tue,-1.0,False,0.28500414250201755,1.0,1.0,1.0,-1.0,1.0,0.30488815244415224,-1,1.0,1.0,-1.0,0.0,0,EURUSD
3,Wed,-1.0,True,0.8282025819265093,-1.0,-1.0,-1.0,-1.0,-1.0,0.536246276067464,1,1.0,1.0,1.0,-1.0,-1,EURUSD
9,Wed,-1.0,True,2.256471288307064,-1.0,-1.0,1.0,-1.0,-1.0,0.13567390657536002,0,1.0,1.0,1.0,-1.0,0,EURUSD
3,Thu,1.0,False,0.3473349805859726,-1.0,-1.0,-1.0,-1.0,-1.0,0.75397105541834,1,1.0,1.0,1.0,-1.0,-1,EURUSD
9,Thu,1.0,False,0.16337115072937378,-1.0,1.0,1.0,-1.0,-1.0,0.443435980551034,0,1.0,1.0,-1.0,0.0,0,EURUSD
3,Tue,1.0,True,0.8992974238876599,1.0,-1.0,-1.0,1.0,1.0,0.1967213114754516,0,1.0,1.0,-1.0,0.0,0,EURUSD
9,Tue,-1.0,False,0.01392649903287021,-1.0,-1.0,-1.0,1.0,1.0,0.9377176015474531,0,-1.0,-1.0,1.0,0.0,0,EURUSD
3,Wed,1.0,False,1.0007867820613507,1.0,1.0,1.0,-1.0,-1.0,1.1581431943352025,-1,-1.0,-1.0,-1.0,0.0,1,EURUSD
9,Wed,-1.0,True,1.0125287650216792,-1.0,1.0,1.0,1.0,-1.0,2.7368959345436457,-1,-1.0,-1.0,-1.0,1.0,1,EURUSD
3,Thu,1.0,False,0.15279415232255855,-1.0,-1.0,-1.0,-1.0,1.0,0.39047394482437214,1,1.0,1.0,1.0,-1.0,-1,EURUSD
9,Thu,1.0,True,0.9884995988232702,1.0,-1.0,-1.0,-1.0,1.0,0.7124899705803285,0,1.0,1.0,1.0,-1.0,0,EURUSD
3,Tue,1.0,True,1.6370500880946404,1.0,1.0,1.0,-1.0,-1.0,0.616159073747813,-1,-1.0,-1.0,-1.0,0.0,0,EURUSD
9,Tue,-1.0,False,0.2889344262294903,-1.0,1.0,1.0,1.0,-1.0,1.0020491803278824,0,-1.0,-1.0,-1.0,1.0,0,EURUSD
3,Wed,-1.0,True,1.1483253588517037,-1.0,-1.0,-1.0,1.0,1.0,0.8740031897927336,0,-1.0,1.0,-1.0,0.0,0,EURUSD
9,Wed,1.0,False,0.726493436914057,1.0,-1.0,-1.0,-1.0,1.0,0.488615054915534,1,1.0,1.0,1.0,-1.0,0,EURUSD
3,Thu,-1.0,False,0.33485376978808296,-1.0,1.0,1.0,1.0,1.0,0.6310705661389749,-1,-1.0,-1.0,-1.0,1.0,1,EURUSD
9,Thu,1.0,False,0.5438165438164768,1.0,1.0,1.0,1.0,1.0,1.9787059787060208,-1,-1.0,-1.0,-1.0,1.0,1,EURUSD
3,Tue,-1.0,True,0.9302325581394301,-1.0,-1.0,-1.0,1.0,-1.0,1.4883720930232383,0,1.0,1.0,1.0,0.0,0,EURUSD
9,Tue,-1.0,False,0.31578947368427907,-1.0,-1.0,-1.0,-1.0,-1.0,0.6947368421052136,1,1.0,1.0,1.0,-1.0,0,EURUSD
3,Wed,1.0,True,1.3473379210432457,1.0,-1.0,-1.0,-1.0,-1.0,3.1379934806228778,1,1.0,1.0,1.0,-1.0,-1,EURUSD
9,Wed,-1.0,True,1.7577679137603235,-1.0,1.0,1.0,-1.0,-1.0,1.5903614457832385,-1,1.0,1.0,-1.0,0.0,0,EURUSD
3,Thu,-1.0,False,0.48040597688185965,-1.0,1.0,1.0,1.0,-1.0,0.155624471384385,-1,-1.0,-1.0,-1.0,1.0,1,EURUSD
9,Thu,1.0,True,2.392327811682678,-1.0,-1.0,-1.0,-1.0,-1.0,0.32083696599834444,1,1.0,1.0,1.0,-1.0,-1,EURUSD
3,Tue,-1.0,True,0.5914489311163059,-1.0,-1.0,-1.0,-1.0,1.0,0.37767220902622733,1,1.0,1.0,1.0,-1.0,0,EURUSD
9,Tue,1.0,False,0.02302526383112888,-1.0,1.0,1.0,-1.0,1.0,0.2609529900863546,0,1.0,1.0,-1.0,0.0,0,EURUSD
3,Wed,-1.0,False,0.3462489694971902,-1.0,-1.0,-1.0,1.0,-1.0,1.4344600164880141,-1,-1.0,1.0,1.0,0.0,0,EURUSD
9,Wed,1.0,False,0.44813278008282326,-1.0,1.0,-1.0,-1.0,-1.0,0.13941908713695697,1,-1.0,1.0,1.0,0.0,0,EURUSD
3,Thu,1.0,True,0.6697209496042745,1.0,1.0,1.0,1.0,-1.0,0.4897959183673334,-1,-1.0,-1.0,-1.0,1.0,1,EURUSD
9,Thu,-1.0,False,0.1532507739937797,-1.0,1.0,-1.0,1.0,-1.0,0.25541795665636824,0,-1.0,-1.0,1.0,1.0,0,EURUSD
3,Tue,1.0,False,0.41348973607034223,1.0,-1.0,-1.0,-1.0,-1.0,0.48387096774196464,0,1.0,1.0,1.0,-1.0,0,EURUSD
9,Tue,1.0,False,0.23575638506883095,-1.0,1.0,1.0,-1.0,-1.0,1.0467583497052075,0,1.0,-1.0,-1.0,0.0,0,EURUSD
3,Thu,-1.0,False,0.35064935064933006,1.0,-1.0,1.0,-1.0,1.0,0.0649350649349116,1,1.0,1.0,1.0,-1.0,0,EURUSD
9,Thu,-1.0,False,0.07230657989892102,1.0,1.0,1.0,1.0,1.0,0.41937816341271433,-1,-1.0,-1.0,-1.0,1.0,0,EURUSD
3,Tue,1.0,False,0.4104234527688148,1.0,1.0,1.0,-1.0,-1.0,0.5146579804560709,0,-1.0,-1.0,-1.0,0.0,0,EURUSD
9,Tue,-1.0,True,1.3698264352470768,-1.0,0.0,-1.0,-1.0,-1.0,0.0,1,1.0,1.0,1.0,0.0,0,EURUSD
3,Thu,-1.0,False,0.007682458386733974,-1.0,-1.0,-1.0,1.0,-1.0,0.07682458386682799,0,-1.0,1.0,-1.0,0.0,0,EURUSD
9,Thu,-1.0,False,0.6303693570450359,-1.0,-1.0,-1.0,-1.0,-1.0,0.3151846785224451,1,1.0,1.0,1.0,-1.0,-1,EURUSD
3,Tue,1.0,False,0.4728385615914635,1.0,1.0,1.0,1.0,1.0,0.7804131599081912,-1,-1.0,-1.0,-1.0,1.0,1,EURUSD
9,Tue,-1.0,False,0.24483550114763689,-1.0,1.0,-1.0,-1.0,1.0,0.4529456771231554,1,-1.0,-1.0,1.0,0.0,0,EURUSD
3,Wed,-1.0,True,0.990958408679835,-1.0,-1.0,-1.0,1.0,-1.0,1.3598553345389546,1,1.0,1.0,1.0,0.0,-1,EURUSD
9,Wed,-1.0,True,0.831441048034949,-1.0,1.0,1.0,-1.0,-1.0,1.4532751091702032,0,1.0,1.0,1.0,0.0,0,EURUSD
3,Thu,1.0,True,1.2021726010862746,1.0,-1.0,-1.0,-1.0,-1.0,0.6662643331321774,1,1.0,1.0,1.0,-1.0,-1,EURUSD
9,Thu,-1.0,False,0.04222378606623921,-1.0,1.0,1.0,1.0,-1.0,0.37156931738211746,-1,1.0,1.0,-1.0,1.0,0,EURUSD
3,Tue,1.0,False,0.40172166427555406,1.0,1.0,1.0,-1.0,1.0,0.09182209469162803,-1,-1.0,-1.0,-1.0,0.0,0,EURUSD
9,Tue,1.0,False,0.9353910541459644,1.0,1.0,-1.0,-1.0,1.0,0.33272299241428765,0,-1.0,-1.0,1.0,0.0,0,EURUSD
3,Wed,-1.0,False,0.6905417814508247,1.0,1.0,1.0,-1.0,1.0,0.6978879706152438,0,1.0,-1.0,-1.0,0.0,0,EURUSD
9,Wed,-1.0,True,1.1520532741398415,-1.0,1.0,1.0,1.0,1.0,2.983351831298559,-1,-1.0,-1.0,-1.0,1.0,1,EURUSD
3,Thu,-1.0,False,0.11041948579161309,-1.0,1.0,1.0,-1.0,-1.0,0.5650879566981958,-1,-1.0,-1.0,-1.0,0.0,0,EURUSD
9,Thu,-1.0,False,0.16556688662264274,1.0,1.0,-1.0,-1.0,-1.0,0.6910617876425295,1,1.0,1.0,1.0,0.0,0,EURUSD
3,Tue,-1.0,True,0.4769953051642795,-1.0,1.0,-1.0,-1.0,1.0,0.17652582159623467,0,1.0,1.0,1.0,0.0,0,EURUSD
9,Tue,1.0,False,0.353413654618473,1.0,1.0,1.0,-1.0,1.0,0.9477911646586971,0,1.0,1.0,-1.0,0.0,0,EURUSD
3,Wed,1.0,True,0.6722855726326743,1.0,1.0,-1.0,-1.0,1.0,0.47595438770446397,0,1.0,1.0,1.0,0.0,0,EURUSD
9,Wed,-1.0,False,0.42338709677414993,-1.0,-1.0,-1.0,1.0,1.0,0.3991935483870288,0,-1.0,-1.0,-1.0,0.0,0,EURUSD
3,Thu,-1.0,True,0.5387205387204764,1.0,-1.0,-1.0,-1.0,-1.0,0.2962962962962421,1,1.0,1.0,1.0,-1.0,0,EURUSD
9,Thu,-1.0,False,0.20471161657193632,-1.0,1.0,1.0,1.0,-1.0,0.6921202274573444,0,-1.0,0.0,-1.0,1.0,0,EURUSD
3,Tue,-1.0,True,0.5269577945839887,1.0,-1.0,-1.0,1.0,1.0,0.19907294462064395,0,1.0,-1.0,1.0,0.0,0,EURUSD
9,Tue,1.0,False,0.4576409697629567,-1.0,1.0,1.0,-1.0,1.0,0.3072732225551426,0,1.0,1.0,1.0,0.0,0,EURUSD
3,Wed,1.0,True,0.660135644310555,-1.0,-1.0,-1.0,1.0,-1.0,1.9080633006781922,1,1.0,1.0,1.0,0.0,-1,EURUSD
9,Wed,1.0,True,1.1899380240612394,1.0,-1.0,-1.0,-1.0,-1.0,1.4349252643091872,1,1.0,1.0,1.0,-1.0,-1,EURUSD
3,Thu,-1.0,False,0.1665660832830086,-1.0,1.0,1.0,-1.0,-1.0,0.7097163548581695,1,-1.0,-1.0,-1.0,0.0,0,EURUSD
9,Thu,-1.0,True,1.8186738836266088,-1.0,1.0,1.0,-1.0,-1.0,3.4359945872799718,-1,-1.0,-1.0,-1.0,0.0,1,EURUSD
3,Tue,1.0,True,0.8911750522424229,1.0,1.0,1.0,-1.0,1.0,0.17746343031663364,0,1.0,-1.0,-1.0,0.0,0,EURUSD
9,Tue,1.0,True,0.8076514346440082,1.0,1.0,1.0,1.0,1.0,0.6503719447396576,0,1.0,-1.0,-1.0,1.0,0,EURUSD
3,Wed,1.0,False,0.09206255532602968,1.0,1.0,1.0,1.0,1.0,1.260548834464377,-1,-1.0,-1.0,-1.0,1.0,1,EURUSD
9,Wed,1.0,True,1.0455580865602394,1.0,-1.0,-1.0,1.0,1.0,0.7722095671982332,0,-1.0,-1.0,-1.0,0.0,0,EURUSD
3,Thu,-1.0,True,1.1619108688681732,-1.0,-1.0,-1.0,-1.0,1.0,0.7771721705674706,1,1.0,1.0,1.0,-1.0,-1,EURUSD
9,Thu,1.0,False,0.16164480680602733,1.0,-1.0,-1.0,-1.0,1.0,0.12761432116260346,0,1.0,1.0,1.0,-1.0,0,EURUSD
3,Tue,1.0,True,1.5901060070671518,1.0,-1.0,-1.0,1.0,1.0,0.21201413427558885,0,1.0,1.0,-1.0,0.0,0,EURUSD
9,Tue,1.0,True,1.1434071222329687,1.0,1.0,1.0,1.0,1.0,0.034648700673695236,0,-1.0,-1.0,-1.0,1.0,0,EURUSD
3,Wed,-1.0,False,0.45194193801493754,-1.0,1.0,1.0,-1.0,1.0,1.5912122400943203,-1,-1.0,-1.0,-1.0,0.0,1,EURUSD
9,Wed,1.0,True,1.383681726230514,1.0,-1.0,-1.0,1.0,1.0,3.220498988536644,1,1.0,1.0,1.0,0.0,-1,EURUSD
3,Thu,-1.0,True,0.642951251646917,-1.0,-1.0,-1.0,1.0,1.0,0.2845849802371523,0,-1.0,1.0,-1.0,0.0,0,EURUSD
9,Thu,1.0,False,0.3547782635852582,1.0,1.0,-1.0,-1.0,1.0,0.12991880074960774,1,-1.0,1.0,1.0,0.0,0,EURUSD
3,Tue,-1.0,False,0.7148014440434364,1.0,1.0,1.0,-1.0,-1.0,0.2599277978337145,0,1.0,-1.0,1.0,0.0,0,EURUSD
9,Tue,1.0,True,0.8829431438128964,1.0,-1.0,-1.0,-1.0,-1.0,1.2040133779264222,1,1.0,1.0,1.0,-1.0,-1,EURUSD
3,Wed,-1.0,True,1.1518324607328436,-1.0,-1.0,-1.0,1.0,-1.0,0.4188481675392159,0,-1.0,1.0,-1.0,0.0,0,EURUSD
9,Wed,1.0,False,0.01988400994191407,-1.0,1.0,1.0,-1.0,-1.0,0.5567522783760223,0,1.0,1.0,1.0,0.0,0,EURUSD
3,Thu,1.0,False,0.1714898177922349,1.0,1.0,1.0,1.0,-1.0,0.5058949624864743,0,-1.0,-1.0,-1.0,1.0,0,EURUSD
9,Thu,-1.0,False,0.13694721825957243,1.0,1.0,1.0,1.0,-1.0,1.0527817403709263,-1,-1.0,-1.0,-1.0,1.0,1,EURUSD
3,Tue,1.0,False,0.5155555555555921,1.0,-1.0,-1.0,1.0,-1.0,1.1288888888890132,0,1.0,1.0,1.0,0.0,0,EURUSD
9,Tue,1.0,False,0.20869565217387798,-1.0,1.0,1.0,1.0,-1.0,0.589792060491552,-1,-1.0,-1.0,-1.0,1.0,0,EURUSD
3,Wed,1.0,False,0.7416457060726722,1.0,-1.0,1.0,-1.0,1.0,0.0431189363996608,0,1.0,1.0,1.0,-1.0,0,EURUSD
9,Wed,1.0,True,0.4679191775966461,1.0,1.0,-1.0,-1.0,1.0,0.6295639844026709,0,1.0,1.0,1.0,0.0,0,EURUSD
3,Thu,1.0,False,0.21811572250830397,1.0,1.0,1.0,-1.0,-1.0,0.24719781884277678,0,1.0,-1.0,-1.0,0.0,0,EURUSD
9,Thu,-1.0,False,0.21890547263692375,-1.0,-1.0,-1.0,1.0,-1.0,3.522388059701581,0,1.0,1.0,1.0,0.0,-1,EURUSD
3,Tue,1.0,True,1.5744680851063964,1.0,1.0,1.0,1.0,1.0,0.4072948328267053,-1,-1.0,-1.0,-1.0,1.0,0,EURUSD
9,Tue,-1.0,True,0.9851576994434198,-1.0,-1.0,-1.0,1.0,1.0,0.7959183673469451,-1,-1.0,-1.0,-1.0,0.0,0,EURUSD
3,Wed,1.0,True,1.0319735391400275,1.0,1.0,1.0,1.0,1.0,1.869900771775095,-1,-1.0,-1.0,-1.0,1.0,1,EURUSD
9,Wed,1.0,True,2.2111801242236697,1.0,1.0,1.0,1.0,1.0,0.8198757763974682,-1,-1.0,-1.0,-1.0,1.0,0,EURUSD
3,Thu,1.0,False,0.09479649665119112,1.0,-1.0,-1.0,1.0,1.0,0.14425553838230704,-1,-1.0,1.0,1.0,0.0,0,EURUSD
9,Thu,1.0,False,0.48287112561171985,-1.0,1.0,1.0,-1.0,1.0,1.1179989124523995,-1,-1.0,-1.0,-1.0,0.0,1,EURUSD
3,Tue,1.0,True,1.732633788037736,1.0,1.0,1.0,1.0,1.0,0.906610703043043,-1,-1.0,-1.0,-1.0,1.0,0,EURUSD
9,Tue,1.0,False,0.09475762228562569,1.0,1.0,1.0,1.0,1.0,0.7054178547926665,0,-1.0,-1.0,-1.0,1.0,0,EURUSD
3,Wed,1.0,True,0.5624532535526996,1.0,-1.0,-1.0,-1.0,1.0,0.670157068062839,1,1.0,1.0,1.0,-1.0,-1,EURUSD
9,Wed,1.0,False,0.25601750547039126,1.0,-1.0,-1.0,-1.0,1.0,1.4901531728665383,0,1.0,1.0,1.0,-1.0,-1,EURUSD
3,Thu,-1.0,False,0.5684539302446447,-1.0,-1.0,-1.0,-1.0,-1.0,0.6621551275377805,1,1.0,1.0,1.0,-1.0,-1,EURUSD
9,Thu,1.0,False,0.7355212355211649,1.0,-1.0,-1.0,-1.0,-1.0,1.2451737451737968,1,1.0,1.0,1.0,-1.0,-1,EURUSD
3,Tue,1.0,True,1.2729970326409934,1.0,1.0,1.0,-1.0,1.0,1.1483679525222725,1,1.0,-1.0,-1.0,0.0,0,EURUSD
9,Tue,1.0,False,0.07356948228876564,1.0,-1.0,-1.0,1.0,1.0,0.4005449591281476,1,1.0,-1.0,1.0,0.0,0,EURUSD
3,Wed,-1.0,True,2.0324324324324445,-1.0,-1.0,-1.0,-1.0,1.0,0.7639639639640003,1,1.0,1.0,1.0,-1.0,-1,EURUSD
9,Wed,-1.0,True,0.4925639500297979,-1.0,-1.0,1.0,-1.0,1.0,0.542534205829927,0,1.0,1.0,1.0,-1.0,0,EURUSD
3,Thu,-1.0,False,0.8591012947449396,-1.0,-1.0,-1.0,-1.0,-1.0,0.12185833968024362,1,1.0,1.0,1.0,-1.0,0,EURUSD
9,Thu,-1.0,False,0.5017421602787157,-1.0,-1.0,-1.0,-1.0,-1.0,0.9437531110004445,1,1.0,1.0,1.0,-1.0,0,EURUSD
3,Tue,-1.0,False,0.5107871720115802,-1.0,-1.0,-1.0,1.0,-1.0,0.6017492711370727,1,1.0,1.0,1.0,0.0,0,EURUSD
9,Tue,-1.0,True,0.5634782608696935,-1.0,1.0,1.0,1.0,-1.0,0.49391304347824366,-1,-1.0,-1.0,-1.0,1.0,0,EURUSD
3,Wed,-1.0,False,0.06508474576277677,1.0,1.0,1.0,-1.0,-1.0,0.14644067796615742,0,1.0,-1.0,1.0,0.0,0,EURUSD
9,Wed,-1.0,False,0.8851325393777075,1.0,-1.0,-1.0,1.0,-1.0,0.746830580099864,0,1.0,1.0,1.0,0.0,0,EURUSD
3,Thu,-1.0,False,0.5707890318970406,1.0,1.0,-1.0,1.0,-1.0,0.2618914381645947,0,-1.0,1.0,-1.0,1.0,0,EURUSD
9,Thu,-1.0,False,0.440311636089403,1.0,0.0,1.0,1.0,-1.0,0.0,0,-1.0,-1.0,-1.0,0.0,0,EURUSD
3,Tue,1.0,False,0.06908462867011242,-1.0,-1.0,-1.0,1.0,0.0,1.2504317789292343,1,1.0,1.0,1.0,0.0,-1,EURUSD
9,Tue,1.0,False,0.4135472370766609,1.0,-1.0,-1.0,-1.0,0.0,1.20499108734399,1,1.0,1.0,1.0,-1.0,-1,EURUSD
3,Wed,1.0,False,0.23912321487874555,1.0,-1.0,-1.0,-1.0,-1.0,0.25506476253743476,1,0.0,1.0,1.0,-1.0,0,EURUSD
9,Wed,1.0,True,1.438621679827705,1.0,1.0,-1.0,1.0,-1.0,0.6547020818376239,0,-1.0,-1.0,-1.0,1.0,0,EURUSD
3,Thu,1.0,True,1.6522539098435618,1.0,1.0,1.0,1.0,1.0,1.3836246550138747,-1,-1.0,-1.0,-1.0,1.0,1,EURUSD
9,Thu,-1.0,False,0.15218769816104902,-1.0,1.0,1.0,1.0,1.0,0.8852251109701976,0,-1.0,-1.0,-1.0,1.0,0,EURUSD
3,Tue,1.0,False,0.27959902465459296,-1.0,-1.0,1.0,1.0,-1.0,0.24383635871038656,0,-1.0,1.0,-1.0,0.0,0,EURUSD
9,Tue,1.0,False,0.5006657789613563,1.0,1.0,1.0,-1.0,-1.0,0.24145583666223452,0,-1.0,1.0,1.0,0.0,0,EURUSD
3,Wed,1.0,False,0.39371381306865955,-1.0,-1.0,1.0,1.0,1.0,0.2282878411910931,0,-1.0,-1.0,-1.0,0.0,0,EURUSD
9,Wed,1.0,True,1.2035928143712344,1.0,1.0,-1.0,-1.0,1.0,0.0628742514969527,0,-1.0,-1.0,1.0,0.0,0,EURUSD
3,Thu,-1.0,False,0.05965427635298396,1.0,1.0,1.0,1.0,-1.0,0.0813467404812925,-1,-1.0,-1.0,-1.0,1.0,0,EURUSD
9,Thu,1.0,False,0.7907888290054097,1.0,-1.0,1.0,1.0,-1.0,0.2763351298382959,-1,-1.0,-1.0,-1.0,0.0,0,EURUSD
3,Tue,-1.0,True,0.7008914847832757,1.0,-1.0,1.0,1.0,1.0,0.2213341530894296,-1,1.0,-1.0,-1.0,0.0,0,EURUSD
9,Tue,-1.0,False,0.526810912511698,-1.0,-1.0,-1.0,-1.0,1.0,0.6660395108184529,1,1.0,1.0,1.0,-1.0,0,EURUSD
3,Wed,-1.0,True,0.8165498375790481,1.0,1.0,1.0,1.0,-1.0,1.4156266028380744,-1,-1.0,-1.0,-1.0,1.0,1,EURUSD
9,Wed,-1.0,False,0.4997375328084108,1.0,1.0,1.0,1.0,-1.0,0.23517060367449688,0,-1.0,-1.0,1.0,1.0,0,EURUSD
3,Thu,1.0,False,0.2934963868816472,1.0,-1.0,-1.0,-1.0,1.0,0.43579766536964076,1,1.0,1.0,1.0,-1.0,-1,EURUSD
3,Tue,-1.0,True,1.6976704642067428,-1.0,1.0,1.0,1.0,1.0,0.5060363883693777,-1,-1.0,-1.0,-1.0,1.0,1,EURUSD
9,Tue,-1.0,True,0.7072157159047948,-1.0,-1.0,-1.0,-1.0,1.0,0.1178692859840989,0,1.0,1.0,1.0,-1.0,0,EURUSD
3,Wed,1.0,False,0.279775280898834,1.0,-1.0,-1.0,1.0,-1.0,0.4584269662921375,0,1.0,1.0,-1.0,0.0,0,EURUSD
9,Wed,-1.0,False,0.1717990275526463,-1.0,1.0,-1.0,1.0,-1.0,0.2884927066450723,0,1.0,-1.0,-1.0,1.0,0,EURUSD
3,Thu,1.0,True,0.6261896947817448,1.0,-1.0,-1.0,1.0,-1.0,0.11421069904820537,0,-1.0,1.0,1.0,0.0,0,EURUSD
9,Thu,1.0,False,0.16022487702039967,1.0,-1.0,-1.0,1.0,-1.0,0.2656359803232228,0,-1.0,-1.0,-1.0,0.0,0,EURUSD
3,Tue,1.0,False,0.12713360800470686,1.0,1.0,-1.0,-1.0,1.0,0.4096527369040322,0,1.0,1.0,1.0,0.0,0,EURUSD
9,Tue,1.0,True,1.7900826446281881,1.0,-1.0,-1.0,-1.0,1.0,0.1636363636363376,1,1.0,1.0,1.0,-1.0,0,EURUSD
3,Wed,1.0,False,0.377179763186279,-1.0,1.0,1.0,-1.0,-1.0,0.4908503767491902,0,-1.0,-1.0,-1.0,0.0,0,EURUSD
9,Wed,1.0,False,0.020087884494684058,-1.0,1.0,1.0,-1.0,-1.0,0.567482736974295,1,1.0,-1.0,1.0,0.0,0,EURUSD
3,Thu,1.0,False,0.13991031390142625,1.0,-1.0,-1.0,-1.0,-1.0,0.14529147982062457,1,1.0,1.0,1.0,-1.0,0,EURUSD
9,Thu,-1.0,False,0.26910755148747223,1.0,-1.0,1.0,1.0,-1.0,0.6700228832951997,-1,1.0,-1.0,-1.0,0.0,0,EURUSD
3,Tue,1.0,False,0.4868660598179432,1.0,-1.0,1.0,1.0,1.0,0.36202860858258734,0,-1.0,-1.0,-1.0,0.0,0,EURUSD
9,Tue,1.0,False,0.7597546012269965,1.0,1.0,1.0,1.0,1.0,0.08834355828226363,0,-1.0,-1.0,-1.0,1.0,0,EURUSD
3,Wed,1.0,False,0.41230523371957084,-1.0,1.0,1.0,-1.0,1.0,1.0355573312026207,0,1.0,-1.0,-1.0,0.0,0,EURUSD
9,Wed,1.0,False,0.08664259927797957,1.0,-1.0,1.0,1.0,1.0,0.4383096198767579,0,1.0,-1.0,1.0,0.0,0,EURUSD
3,Thu,-1.0,True,1.1571526040482736,-1.0,-1.0,-1.0,1.0,-1.0,0.7805321810325402,1,1.0,1.0,1.0,0.0,0,EURUSD
9,Thu,1.0,False,0.19107479572598016,1.0,1.0,1.0,-1.0,-1.0,0.432432432432358,0,1.0,1.0,-1.0,0.0,0,EURUSD
3,Tue,1.0,False,0.03552047360628427,1.0,-1.0,-1.0,1.0,-1.0,0.2525900345337815,-1,-1.0,-1.0,-1.0,0.0,0,EURUSD
9,Tue,1.0,True,1.4928533615669903,1.0,1.0,1.0,-1.0,-1.0,0.14610905240864935,0,-1.0,-1.0,1.0,0.0,0,EURUSD
3,Wed,1.0,False,0.12991452991446875,1.0,-1.0,-1.0,1.0,1.0,0.1641025641024229,0,1.0,1.0,1.0,0.0,0,EURUSD
9,Wed,1.0,False,0.42739726027397146,1.0,-1.0,-1.0,1.0,1.0,0.7342465753424045,0,-1.0,-1.0,1.0,0.0,0,EURUSD
3,Thu,1.0,True,1.8157543391188722,1.0,1.0,-1.0,1.0,-1.0,0.021361815754242015,0,-1.0,1.0,-1.0,1.0,0,EURUSD
9,Thu,1.0,True,1.536917562724042,1.0,-1.0,-1.0,1.0,-1.0,1.0093189964157734,1,-1.0,1.0,1.0,0.0,-1,EURUSD
3,Tue,1.0,False,0.18084589207585677,1.0,1.0,1.0,-1.0,1.0,0.7233835683032975,-1,-1.0,-1.0,-1.0,0.0,1,EURUSD
9,Tue,-1.0,False,0.7729039422541898,-1.0,1.0,-1.0,1.0,1.0,0.07329261521380656,0,-1.0,-1.0,1.0,1.0,0,EURUSD
3,Wed,1.0,False,0.06248372819577574,-1.0,1.0,-1.0,1.0,1.0,0.16870606612860836,0,-1.0,-1.0,-1.0,1.0,0,EURUSD
9,Wed,1.0,True,0.6119298245614224,1.0,-1.0,-1.0,1.0,1.0,0.8421052631579254,0,-1.0,-1.0,1.0,0.0,0,EURUSD
3,Thu,-1.0,False,0.5806014017635777,-1.0,1.0,1.0,1.0,1.0,0.010852362649856312,0,-1.0,1.0,-1.0,1.0,0,EURUSD
9,Thu,-1.0,False,0.7820543093270028,-1.0,1.0,1.0,-1.0,1.0,0.9293978748523456,0,1.0,1.0,1.0,0.0,0,EURUSD
3,Tue,-1.0,False,1.2606635071088332,-1.0,1.0,-1.0,-1.0,1.0,0.009478672985844,1,1.0,1.0,1.0,0.0,0,EURUSD
9,Tue,1.0,True,1.2622950819670926,1.0,1.0,1.0,-1.0,1.0,0.5983606557376123,0,1.0,1.0,1.0,0.0,0,EURUSD
3,Wed,-1.0,True,0.6728971962616905,1.0,1.0,1.0,-1.0,-1.0,0.5871357888950303,1,1.0,-1.0,1.0,0.0,0,EURUSD
9,Wed,-1.0,False,0.47483270293861574,-1.0,-1.0,-1.0,1.0,-1.0,0.55164387547284,0,1.0,-1.0,1.0,0.0,0,EURUSD
3,Thu,1.0,True,1.4949221394719518,1.0,-1.0,-1.0,-1.0,-1.0,0.2274881516588145,0,1.0,1.0,1.0,-1.0,0,EURUSD
9,Thu,1.0,True,4.154151068046638,1.0,-1.0,-1.0,1.0,-1.0,0.8086324598106239,0,1.0,-1.0,-1.0,0.0,0,EURUSD
3,Tue,1.0,False,0.4301298701299199,-1.0,-1.0,1.0,-1.0,1.0,0.2119480519480564,1,1.0,1.0,1.0,-1.0,0,EURUSD
9,Tue,-1.0,True,0.616628175519682,-1.0,-1.0,-1.0,-1.0,1.0,0.5057736720553658,1,1.0,1.0,1.0,-1.0,-1,EURUSD
3,Wed,1.0,True,1.071178529755006,1.0,-1.0,-1.0,-1.0,-1.0,0.315052508751509,1,1.0,1.0,1.0,-1.0,-1,EURUSD
9,Wed,1.0,True,2.0351673284175247,1.0,-1.0,-1.0,1.0,-1.0,0.19058423142375108,0,-1.0,-1.0,1.0,0.0,0,EURUSD
3,Thu,1.0,False,0.18897637795279604,1.0,-1.0,-1.0,-1.0,1.0,0.2969628796400438,1,1.0,1.0,1.0,-1.0,-1,EURUSD
9,Thu,1.0,False,0.2376950780311718,1.0,1.0,1.0,1.0,1.0,0.1296518607443482,0,-1.0,-1.0,-1.0,1.0,0,EURUSD
3,Tue,-1.0,False,0.8034717916924882,-1.0,1.0,1.0,-1.0,1.0,0.4091754494730753,0,1.0,-1.0,1.0,0.0,0,EURUSD
9,Tue,1.0,False,0.20396600566570058,1.0,1.0,1.0,1.0,1.0,0.3807365439094285,-1,-1.0,-1.0,-1.0,1.0,1,EURUSD
3,Wed,-1.0,True,0.8446771378707904,-1.0,1.0,1.0,-1.0,1.0,0.460732984293102,0,1.0,-1.0,1.0,0.0,0,EURUSD
9,Wed,1.0,False,2.0596739464780423,1.0,-1.0,-1.0,1.0,1.0,0.4281759458626625,0,-1.0,-1.0,-1.0,0.0,0,EURUSD
3,Thu,-1.0,False,0.3324099722991965,-1.0,1.0,1.0,1.0,1.0,0.767564845127094,-1,-1.0,-1.0,-1.0,1.0,0,EURUSD
9,Thu,1.0,False,1.0107349298099795,-1.0,-1.0,1.0,1.0,1.0,0.16845582163501494,0,-1.0,-1.0,-1.0,0.0,0,EURUSD
3,Tue,1.0,False,0.3056872037914236,-1.0,-1.0,-1.0,-1.0,1.0,0.19905213270146555,0,-1.0,1.0,-1.0,-1.0,0,EURUSD
9,Tue,-1.0,False,0.8497536945812734,-1.0,-1.0,1.0,1.0,1.0,0.4211822660099883,-1,-1.0,-1.0,-1.0,0.0,0,EURUSD
3,Wed,1.0,False,0.3562592775853115,1.0,-1.0,1.0,1.0,-1.0,0.07718951014347097,0,-1.0,-1.0,-1.0,0.0,0,EURUSD
9,Wed,-1.0,False,0.07574654042241125,-1.0,1.0,1.0,-1.0,-1.0,0.8215586307356919,0,-1.0,-1.0,1.0,0.0,0,EURUSD
3,Thu,1.0,False,0.5377855887522052,1.0,-1.0,-1.0,-1.0,-1.0,0.6695957820738654,0,1.0,-1.0,1.0,-1.0,0,EURUSD
9,Thu,-1.0,False,0.16688396349406603,-1.0,1.0,1.0,1.0,-1.0,0.391134289439268,-1,-1.0,-1.0,-1.0,1.0,1,EURUSD
3,Tue,-1.0,False,0.2620829120323463,-1.0,1.0,1.0,1.0,1.0,0.21840242669365784,0,-1.0,-1.0,-1.0,1.0,0,EURUSD
9,Tue,-1.0,False,0.3875715453802456,-1.0,1.0,-1.0,-1.0,1.0,0.5739983646770794,0,-1.0,-1.0,-1.0,0.0,0,EURUSD
3,Wed,-1.0,True,0.714357178589311,-1.0,1.0,1.0,1.0,1.0,0.32416208104051203,0,-1.0,1.0,-1.0,1.0,0,EURUSD
9,Wed,-1.0,False,0.40106100795750066,1.0,-1.0,-1.0,-1.0,1.0,0.26737400530509464,0,1.0,1.0,1.0,-1.0,0,EURUSD
3,Thu,1.0,True,0.9215999999999247,1.0,1.0,-1.0,1.0,1.0,0.3455999999999895,0,-1.0,1.0,1.0,1.0,0,EURUSD
9,Thu,1.0,True,0.6748377793800245,1.0,-1.0,-1.0,1.0,1.0,1.16510454217744,0,-1.0,-1.0,1.0,0.0,0,EURUSD
3,Tue,-1.0,True,0.4543999999999942,-1.0,1.0,-1.0,1.0,1.0,0.019199999999983744,0,-1.0,1.0,1.0,1.0,0,EURUSD
9,Tue,-1.0,True,0.5916524286062719,-1.0,1.0,1.0,1.0,1.0,0.1523065657797963,0,-1.0,-1.0,-1.0,1.0,0,EURUSD
3,Wed,-1.0,False,0.414715719063587,-1.0,-1.0,-1.0,-1.0,1.0,0.6086956521738882,1,1.0,1.0,1.0,-1.0,-1,EURUSD
9,Wed,1.0,False,0.5080946450809545,1.0,-1.0,-1.0,-1.0,1.0,1.3374844333748068,1,1.0,1.0,1.0,-1.0,-1,EURUSD
3,Thu,1.0,True,0.4567862714508557,1.0,1.0,1.0,-1.0,1.0,0.5092043681747352,1,1.0,1.0,1.0,0.0,0,EURUSD
9,Thu,-1.0,True,3.7094527363183296,-1.0,-1.0,-1.0,1.0,1.0,0.6606965174130238,1,1.0,1.0,1.0,0.0,-1,EURUSD
3,Tue,1.0,True,0.4474789915966222,1.0,-1.0,-1.0,1.0,-1.0,0.4222689075629841,0,-1.0,1.0,-1.0,0.0,0,EURUSD
9,Tue,-1.0,False,0.056470588235244944,-1.0,-1.0,-1.0,-1.0,-1.0,0.37647058823524493,1,-1.0,1.0,1.0,-1.0,-1,EURUSD
3,Wed,1.0,True,0.6399062408438089,-1.0,1.0,1.0,-1.0,1.0,0.31643715206551853,0,1.0,-1.0,-1.0,0.0,0,EURUSD
9,Wed,1.0,True,1.6658986175114006,1.0,-1.0,-1.0,-1.0,1.0,0.7465437788018302,1,1.0,1.0,1.0,-1.0,-1,EURUSD
3,Thu,-1.0,False,0.5025773195876636,-1.0,1.0,1.0,1.0,-1.0,0.33247422680407274,0,-1.0,-1.0,-1.0,1.0,0,EURUSD
9,Thu,-1.0,False,0.46956521739129764,-1.0,-1.0,-1.0,-1.0,-1.0,1.4608695652173276,1,1.0,1.0,1.0,-1.0,-1,EURUSD
3,Tue,-1.0,True,0.7123287671232761,1.0,1.0,1.0,1.0,-1.0,0.8675799086757875,-1,-1.0,-1.0,-1.0,1.0,1,EURUSD
9,Tue,1.0,False,0.761041902604703,-1.0,-1.0,-1.0,1.0,-1.0,1.286523216308003,1,-1.0,1.0,1.0,0.0,-1,EURUSD
3,Wed,1.0,True,0.5444234404537367,-1.0,1.0,1.0,1.0,-1.0,0.06805293005665412,-1,-1.0,-1.0,-1.0,1.0,1,EURUSD
9,Wed,-1.0,False,0.4008994539030533,-1.0,-1.0,-1.0,-1.0,-1.0,1.0485062640540077,1,-1.0,1.0,1.0,-1.0,-1,EURUSD
3,Thu,-1.0,True,1.608859007316607,-1.0,-1.0,-1.0,-1.0,1.0,0.346450464702347,0,1.0,1.0,1.0,-1.0,0,EURUSD
9,Thu,1.0,False,0.5483000539665899,1.0,-1.0,-1.0,-1.0,1.0,0.496492174851589,1,1.0,1.0,1.0,-1.0,0,EURUSD
3,Tue,1.0,False,0.3434704830053299,-1.0,-1.0,-1.0,-1.0,1.0,0.10304114490171337,0,1.0,1.0,1.0,-1.0,0,EURUSD
9,Tue,-1.0,False,0.9912045889101018,1.0,-1.0,-1.0,1.0,1.0,0.045889101338528755,0,-1.0,-1.0,-1.0,0.0,0,EURUSD
3,Wed,1.0,True,0.8381839348079966,1.0,-1.0,-1.0,-1.0,1.0,0.3282887077997534,1,1.0,1.0,1.0,-1.0,0,EURUSD
9,Wed,-1.0,False,0.04782237403914224,1.0,0.0,-1.0,-1.0,1.0,0.0,0,1.0,1.0,1.0,0.0,0,EURUSD
3,Thu,-1.0,True,1.0967311541028382,-1.0,-1.0,-1.0,1.0,1.0,0.27218145430288115,0,1.0,1.0,1.0,0.0,0,EURUSD
9,Thu,-1.0,True,1.5930271538720262,1.0,1.0,1.0,-1.0,1.0,0.5390546429770097,0,1.0,1.0,1.0,0.0,0,EURUSD
3,Tue,-1.0,True,2.627270525550996,-1.0,-1.0,-1.0,-1.0,-1.0,0.552191813998544,0,1.0,1.0,1.0,-1.0,0,EURUSD
9,Tue,-1.0,True,0.8555240793201657,1.0,-1.0,-1.0,-1.0,-1.0,1.937677053824312,0,1.0,1.0,1.0,-1.0,0,EURUSD
3,Wed,1.0,False,0.3539486203616006,1.0,-1.0,-1.0,1.0,-1.0,0.06279733587063109,0,0.0,1.0,1.0,0.0,0,EURUSD
9,Wed,-1.0,True,3.977259806708435,-1.0,-1.0,-1.0,-1.0,-1.0,0.5798749289367675,1,1.0,1.0,1.0,-1.0,-1,EURUSD
3,Thu,1.0,True,1.03938859494406,1.0,1.0,1.0,1.0,-1.0,0.04232804232811047,-1,-1.0,-1.0,-1.0,1.0,0,EURUSD
9,Thu,-1.0,True,0.9318614389037031,-1.0,1.0,1.0,1.0,-1.0,0.401979444232958,0,-1.0,-1.0,-1.0,1.0,0,EURUSD
3,Tue,1.0,False,0.19230769230767156,-1.0,-1.0,-1.0,-1.0,-1.0,0.6538461538461687,1,1.0,1.0,1.0,-1.0,-1,EURUSD
9,Tue,-1.0,False,0.13392857142855716,-1.0,-1.0,-1.0,-1.0,-1.0,0.3281250000000691,1,1.0,1.0,1.0,-1.0,0,EURUSD
3,Wed,1.0,False,0.014687882497036028,1.0,-1.0,-1.0,1.0,1.0,0.30844553243579975,0,-1.0,-1.0,-1.0,0.0,0,EURUSD
9,Wed,1.0,True,1.5244299674265984,1.0,-1.0,1.0,1.0,1.0,0.2345276872963864,-1,-1.0,-1.0,-1.0,0.0,0,EURUSD
3,Thu,1.0,False,0.047767984077348336,1.0,1.0,1.0,1.0,1.0,0.23883992038674165,0,-1.0,-1.0,-1.0,1.0,0,EURUSD
9,Thu,1.0,False,0.4375165125495862,-1.0,-1.0,-1.0,-1.0,1.0,1.6295904887714348,1,1.0,1.0,1.0,-1.0,-1,EURUSD
3,Tue,-1.0,False,0.33748801534035844,1.0,-1.0,-1.0,1.0,-1.0,1.0508149568552883,-1,-1.0,1.0,1.0,0.0,0,EURUSD
9,Tue,1.0,True,3.0548464987925854,1.0,-1.0,-1.0,-1.0,-1.0,0.41393583994493627,1,-1.0,1.0,1.0,-1.0,0,EURUSD
3,Wed,1.0,True,0.8186946011281827,1.0,-1.0,-1.0,1.0,1.0,0.32232070910552174,0,-1.0,1.0,-1.0,0.0,0,EURUSD
9,Wed,-1.0,True,1.2321839080460177,-1.0,1.0,-1.0,1.0,1.0,0.14099616858234626,0,-1.0,-1.0,-1.0,1.0,0,EURUSD
3,Thu,-1.0,True,1.485928705440858,-1.0,-1.0,-1.0,-1.0,1.0,0.20712945591010382,1,-1.0,1.0,1.0,-1.0,0,EURUSD
9,Thu,-1.0,True,2.1245901639345632,-1.0,-1.0,1.0,-1.0,1.0,0.6295081967213592,0,1.0,1.0,-1.0,-1.0,0,EURUSD
3,Tue,1.0,True,1.5395923822251516,1.0,-1.0,1.0,-1.0,-1.0,0.43301035750082945,0,1.0,-1.0,1.0,-1.0,0,EURUSD
9,Tue,-1.0,True,0.8372093023256132,-1.0,-1.0,1.0,1.0,-1.0,0.25444596443231565,-1,-1.0,-1.0,-1.0,0.0,0,EURUSD
3,Wed,-1.0,False,0.531435349940582,1.0,1.0,1.0,-1.0,-1.0,0.44602609727161635,0,1.0,-1.0,-1.0,0.0,0,EURUSD
9,Wed,1.0,True,2.7517730496453163,1.0,-1.0,-1.0,1.0,-1.0,0.49172576832157705,0,1.0,-1.0,-1.0,0.0,0,EURUSD
3,Thu,-1.0,True,1.6592178770948638,1.0,1.0,1.0,-1.0,1.0,0.31005586592177214,0,1.0,-1.0,-1.0,0.0,0,EURUSD
9,Thu,1.0,False,0.48264677262411243,-1.0,-1.0,-1.0,1.0,1.0,0.6928316574765205,0,1.0,1.0,1.0,0.0,0,EURUSD
3,Tue,-1.0,True,1.1224541111390371,-1.0,1.0,1.0,1.0,-1.0,0.567261755091744,0,-1.0,-1.0,-1.0,1.0,0,EURUSD
9,Tue,-1.0,True,0.4372810091100202,-1.0,1.0,1.0,1.0,-1.0,0.4933426769446318,-1,-1.0,-1.0,-1.0,1.0,1,EURUSD
3,Wed,1.0,False,0.05637110980612279,-1.0,1.0,-1.0,-1.0,1.0,0.44392248972409704,0,1.0,1.0,1.0,0.0,0,EURUSD
9,Wed,1.0,False,0.015424164524350938,1.0,1.0,-1.0,-1.0,1.0,0.5167095115680682,1,1.0,1.0,1.0,0.0,0,EURUSD
3,Thu,1.0,True,0.4560943643512665,1.0,-1.0,-1.0,1.0,-1.0,0.18872870249018528,1,-1.0,1.0,1.0,0.0,0,EURUSD
9,Thu,1.0,False,0.230769230769331,1.0,-1.0,1.0,1.0,-1.0,0.3899204244030904,0,-1.0,-1.0,-1.0,0.0,0,EURUSD
3,Tue,1.0,True,0.8832487309643966,-1.0,1.0,-1.0,-1.0,1.0,0.11167512690360917,1,1.0,1.0,1.0,0.0,0,EURUSD
9,Tue,-1.0,True,2.3600000000000394,1.0,1.0,1.0,-1.0,1.0,1.176000000000082,0,1.0,1.0,1.0,0.0,0,EURUSD
3,Wed,1.0,False,0.1777777777777573,1.0,-1.0,1.0,-1.0,-1.0,0.09481481481477758,0,1.0,-1.0,1.0,-1.0,0,EURUSD
9,Wed,-1.0,False,0.22895622895623147,-1.0,1.0,-1.0,1.0,-1.0,0.5656565656565279,0,-1.0,-1.0,-1.0,1.0,0,EURUSD
3,Thu,-1.0,False,0.2573099415204201,-1.0,1.0,1.0,-1.0,1.0,0.2729044834308535,1,1.0,-1.0,1.0,0.0,0,EURUSD
9,Thu,1.0,False,0.2355415352261234,1.0,-1.0,-1.0,1.0,1.0,0.824395373291245,1,1.0,1.0,1.0,0.0,0,EURUSD
3,Tue,-1.0,True,1.2447041636232687,-1.0,1.0,1.0,1.0,1.0,0.5259313367420946,-1,-1.0,-1.0,-1.0,1.0,1,EURUSD
9,Tue,-1.0,False,0.39779005524863026,-1.0,-1.0,-1.0,-1.0,1.0,0.9515762105947422,1,1.0,1.0,1.0,-1.0,-1,EURUSD
3,Wed,-1.0,False,0.8141923436041181,-1.0,-1.0,1.0,1.0,-1.0,0.4780578898225664,-1,-1.0,-1.0,-1.0,0.0,0,EURUSD
9,Wed,-1.0,False,0.3149221849251773,1.0,1.0,-1.0,-1.0,-1.0,0.32956972841016763,0,1.0,1.0,-1.0,0.0,0,EURUSD
3,Thu,1.0,False,0.05904059040579864,1.0,-1.0,-1.0,1.0,-1.0,0.6863468634686998,1,1.0,1.0,1.0,0.0,-1,EURUSD
9,Thu,1.0,True,2.6992454186128803,1.0,1.0,-1.0,-1.0,-1.0,0.06899029823937904,0,1.0,1.0,1.0,0.0,0,EURUSD
3,Tue,1.0,True,0.82758620689651,1.0,1.0,-1.0,1.0,1.0,0.13641530882918604,0,-1.0,-1.0,-1.0,1.0,0,EURUSD
9,Tue,-1.0,False,0.8489314664700308,1.0,1.0,1.0,1.0,1.0,0.5128960943257459,-1,-1.0,-1.0,-1.0,1.0,0,EURUSD
3,Wed,-1.0,False,0.15076278791508027,-1.0,1.0,1.0,-1.0,1.0,0.30152557583016054,0,1.0,-1.0,1.0,0.0,0,EURUSD
9,Wed,1.0,False,0.34185820653933396,1.0,1.0,-1.0,-1.0,1.0,0.22531563612829542,0,1.0,1.0,1.0,0.0,0,EURUSD
3,Thu,1.0,False,0.22135922330099994,1.0,-1.0,-1.0,-1.0,-1.0,0.2563106796116501,1,1.0,1.0,1.0,-1.0,-1,EURUSD
9,Thu,-1.0,True,1.5332329533232552,-1.0,-1.0,-1.0,1.0,-1.0,0.5833512583350512,0,-1.0,-1.0,-1.0,0.0,0,EURUSD
3,Tue,-1.0,False,0.2989619377161802,-1.0,1.0,-1.0,-1.0,1.0,0.08304498269894918,1,1.0,1.0,1.0,0.0,0,EURUSD
9,Tue,1.0,False,0.4013651877133801,1.0,-1.0,-1.0,-1.0,1.0,0.3686006825938945,0,1.0,1.0,1.0,-1.0,0,EURUSD
3,Wed,-1.0,True,0.9053380782916912,-1.0,-1.0,1.0,-1.0,1.0,0.4014234875444649,1,1.0,-1.0,1.0,-1.0,0,EURUSD
9,Wed,-1.0,False,0.5798773891092365,-1.0,-1.0,-1.0,-1.0,1.0,0.22502704651995634,1,1.0,1.0,1.0,-1.0,-1,EURUSD
3,Thu,1.0,False,0.3626242544732154,-1.0,-1.0,-1.0,1.0,-1.0,0.9733598409543199,0,-1.0,1.0,1.0,0.0,0,EURUSD
9,Thu,-1.0,True,4.182572614107979,-1.0,-1.0,-1.0,-1.0,-1.0,0.6672199170124149,0,-1.0,1.0,1.0,-1.0,0,EURUSD
3,Tue,1.0,False,0.3529411764706678,1.0,1.0,1.0,1.0,1.0,0.4033613445378527,-1,-1.0,-1.0,-1.0,1.0,1,EURUSD
9,Tue,-1.0,False,0.42553191489357683,-1.0,-1.0,-1.0,1.0,1.0,0.3148936170212657,0,-1.0,-1.0,1.0,0.0,0,EURUSD
3,Wed,1.0,True,1.1348383160463096,-1.0,-1.0,1.0,1.0,1.0,0.4173276388041131,-1,-1.0,-1.0,-1.0,0.0,0,EURUSD
9,Wed,1.0,False,0.9211356466876899,1.0,1.0,1.0,-1.0,1.0,0.5741324921135323,0,1.0,1.0,1.0,0.0,0,EURUSD
3,Thu,1.0,True,0.4566596194503475,1.0,1.0,1.0,1.0,-1.0,0.07610993657512832,0,-1.0,1.0,-1.0,1.0,0,EURUSD
9,Thu,-1.0,True,0.9864077669901951,-1.0,-1.0,-1.0,1.0,-1.0,0.13203883495145838,0,-1.0,-1.0,-1.0,0.0,0,EURUSD
3,Tue,-1.0,True,0.33773693279715916,-1.0,-1.0,-1.0,-1.0,-1.0,0.46869615163699885,1,1.0,1.0,1.0,-1.0,-1,EURUSD
9,Tue,1.0,False,0.3676522978268072,-1.0,-1.0,-1.0,-1.0,-1.0,0.974706091913019,1,1.0,1.0,1.0,-1.0,0,EURUSD
3,Wed,-1.0,False,0.06073752711498097,1.0,-1.0,-1.0,-1.0,-1.0,0.18221258134494292,1,1.0,1.0,1.0,-1.0,0,EURUSD
9,Wed,1.0,False,0.5121707235744971,1.0,-1.0,1.0,1.0,-1.0,0.6082027342448152,0,1.0,-1.0,-1.0,0.0,0,EURUSD
3,Thu,-1.0,True,1.8443033745405415,-1.0,-1.0,-1.0,1.0,-1.0,0.5693284330103395,-1,-1.0,1.0,-1.0,0.0,0,EURUSD
9,Thu,1.0,False,0.2597765363128784,-1.0,-1.0,-1.0,-1.0,-1.0,0.5279329608937822,0,1.0,1.0,1.0,-1.0,0,EURUSD
3,Tue,-1.0,True,1.1245085190039532,-1.0,-1.0,1.0,1.0,-1.0,0.5740498034076894,-1,-1.0,-1.0,-1.0,0.0,0,EURUSD
9,Tue,1.0,False,0.2865916069601374,1.0,-1.0,-1.0,-1.0,-1.0,0.12282497441135758,0,1.0,1.0,1.0,-1.0,0,EURUSD
3,Wed,1.0,True,1.0816901408449495,1.0,1.0,-1.0,1.0,1.0,0.07511737089200807,-1,-1.0,1.0,-1.0,1.0,0,EURUSD
9,Wed,-1.0,False,0.206349206349142,1.0,-1.0,-1.0,1.0,1.0,0.3492063492063352,0,-1.0,1.0,1.0,0.0,0,EURUSD
3,Thu,-1.0,False,0.5700903312144485,-1.0,1.0,-1.0,1.0,1.0,0.32920709267315484,0,-1.0,1.0,-1.0,1.0,0,EURUSD
9,Thu,1.0,False,0.5346534653464637,1.0,-1.0,-1.0,-1.0,1.0,0.14427157001414906,0,-1.0,1.0,1.0,-1.0,0,EURUSD
3,Tue,1.0,False,0.6872017353580396,1.0,-1.0,-1.0,-1.0,-1.0,1.1245119305856728,1,1.0,1.0,1.0,-1.0,-1,EURUSD
9,Tue,-1.0,False,0.1747572815534661,-1.0,-1.0,-1.0,-1.0,-1.0,0.49514563106797427,0,1.0,1.0,1.0,-1.0,0,EURUSD
3,Wed,-1.0,False,0.40527182866558825,-1.0,1.0,1.0,1.0,-1.0,0.4448105436573904,-1,-1.0,-1.0,-1.0,1.0,1,EURUSD
9,Wed,1.0,False,0.054719562243617514,1.0,-1.0,-1.0,-1.0,-1.0,0.3392612859097482,1,1.0,1.0,1.0,-1.0,-1,EURUSD
3,Thu,-1.0,True,0.7341430499325249,-1.0,1.0,1.0,-1.0,1.0,0.29149797570872815,0,1.0,-1.0,1.0,0.0,0,EURUSD
9,Thu,1.0,True,1.4841960604674334,1.0,-1.0,-1.0,-1.0,1.0,0.07695831424646493,1,1.0,1.0,1.0,-1.0,0,EURUSD
3,Tue,-1.0,False,0.053523639607606005,-1.0,-1.0,-1.0,1.0,1.0,0.8563782337197945,0,-1.0,1.0,1.0,0.0,0,EURUSD
9,Tue,-1.0,False,0.11210191082785598,1.0,-1.0,-1.0,-1.0,1.0,1.936305732484111,1,1.0,1.0,1.0,-1.0,-1,EURUSD
3,Wed,1.0,False,0.2597603401624056,-1.0,-1.0,-1.0,-1.0,1.0,0.15771163509857397,1,1.0,1.0,1.0,-1.0,0,EURUSD
9,Wed,1.0,False,0.22205773501117668,1.0,-1.0,-1.0,1.0,1.0,0.5329385640265873,0,1.0,1.0,-1.0,0.0,0,EURUSD
3,Thu,-1.0,False,0.05654450261775229,-1.0,-1.0,-1.0,1.0,-1.0,0.28272251308890095,0,-1.0,-1.0,-1.0,0.0,0,EURUSD
9,Thu,1.0,True,1.4628344895935874,1.0,-1.0,-1.0,-1.0,-1.0,2.5688800792863256,1,1.0,1.0,1.0,-1.0,-1,EURUSD
3,Tue,-1.0,True,1.2959604286891502,-1.0,1.0,1.0,1.0,-1.0,0.3759274525967018,-1,-1.0,-1.0,-1.0,1.0,1,EURUSD
9,Tue,-1.0,True,1.096200485044546,-1.0,1.0,1.0,-1.0,-1.0,0.2910266774454032,0,1.0,1.0,1.0,0.0,0,EURUSD
3,Wed,1.0,False,0.16389244558252244,-1.0,-1.0,-1.0,1.0,-1.0,0.09218950064012624,0,-1.0,1.0,1.0,0.0,0,EURUSD
9,Wed,1.0,True,1.485450346420167,1.0,-1.0,-1.0,1.0,-1.0,1.917782909930672,1,1.0,1.0,1.0,0.0,-1,EURUSD
3,Thu,1.0,True,1.3875338753386521,1.0,1.0,-1.0,1.0,1.0,0.10840108401082467,0,-1.0,-1.0,-1.0,1.0,0,EURUSD
9,Thu,-1.0,True,1.5526427061308736,1.0,1.0,1.0,1.0,1.0,0.4871035940801459,-1,-1.0,-1.0,-1.0,1.0,1,EURUSD
3,Tue,-1.0,False,0.5744125326368965,1.0,1.0,-1.0,-1.0,1.0,0.7937336814622391,0,-1.0,-1.0,-1.0,0.0,0,EURUSD
9,Tue,-1.0,False,0.04794246903725638,-1.0,1.0,1.0,1.0,1.0,2.8957251298441964,-1,-1.0,-1.0,-1.0,1.0,1,EURUSD
3,Wed,-1.0,True,0.6854082998660952,-1.0,1.0,1.0,-1.0,1.0,0.19277108433718323,-1,-1.0,-1.0,-1.0,0.0,0,EURUSD
9,Wed,1.0,False,0.39560439560458427,1.0,-1.0,-1.0,-1.0,1.0,0.5754245754243417,0,1.0,-1.0,1.0,-1.0,0,EURUSD
3,Thu,1.0,True,1.6555183946487473,1.0,1.0,1.0,-1.0,1.0,2.578595317725919,-1,-1.0,-1.0,-1.0,0.0,1,EURUSD
9,Thu,1.0,False,0.625780389276521,1.0,-1.0,1.0,1.0,1.0,0.2203452074918099,0,-1.0,-1.0,-1.0,0.0,0,EURUSD
3,Tue,1.0,False,0.13514781792573766,-1.0,-1.0,-1.0,1.0,-1.0,0.3266072266540327,0,-1.0,1.0,1.0,0.0,0,EURUSD
9,Tue,1.0,False,0.2540266912102425,-1.0,1.0,1.0,-1.0,-1.0,0.5301426599171771,0,-1.0,1.0,-1.0,0.0,0,EURUSD
3,Wed,-1.0,False,0.8033472803346086,-1.0,-1.0,-1.0,1.0,-1.0,0.5623430962341814,-1,-1.0,1.0,1.0,0.0,0,EURUSD
9,Wed,-1.0,True,1.5434373824746985,-1.0,-1.0,-1.0,-1.0,-1.0,0.4874012786761784,0,1.0,1.0,1.0,-1.0,0,EURUSD
3,Thu,1.0,False,0.100139082058332,1.0,-1.0,1.0,-1.0,-1.0,0.008344923504922764,0,1.0,-1.0,1.0,-1.0,0,EURUSD
9,Thu,1.0,False,0.620616365568472,-1.0,1.0,1.0,-1.0,-1.0,1.4367693942614328,0,1.0,-1.0,-1.0,0.0,0,EURUSD
3,Tue,1.0,False,0.5893310753598684,1.0,1.0,1.0,-1.0,1.0,0.4165961049957729,-1,-1.0,-1.0,-1.0,0.0,0,EURUSD
9,Tue,1.0,False,0.7987169206093262,1.0,1.0,1.0,1.0,1.0,1.2894947874898326,-1,-1.0,-1.0,-1.0,1.0,1,EURUSD
3,Wed,-1.0,False,0.490207050923417,-1.0,-1.0,-1.0,1.0,1.0,0.4700615556798602,0,-1.0,1.0,1.0,0.0,0,EURUSD
9,Wed,1.0,True,1.7875210792579022,1.0,-1.0,-1.0,-1.0,1.0,1.3558178752106989,1,1.0,1.0,1.0,-1.0,-1,EURUSD
3,Thu,1.0,False,0.052079566003572865,-1.0,-1.0,-1.0,-1.0,1.0,0.04339963833643921,1,1.0,1.0,1.0,-1.0,0,EURUSD
9,Thu,-1.0,False,0.02923264311812409,-1.0,1.0,1.0,-1.0,1.0,1.169305724725829,-1,-1.0,1.0,-1.0,0.0,0,EURUSD
3,Tue,-1.0,False,0.23863636363616042,-1.0,1.0,1.0,1.0,1.0,0.3522727272725114,-1,-1.0,-1.0,-1.0,1.0,0,EURUSD
9,Tue,1.0,False,0.024857586742506498,-1.0,-1.0,1.0,1.0,1.0,0.03728638011389773,-1,-1.0,-1.0,-1.0,0.0,0,EURUSD
3,Wed,1.0,False,0.28133453561758776,1.0,-1.0,-1.0,1.0,1.0,0.183949504057709,-1,-1.0,-1.0,-1.0,0.0,0,EURUSD
9,Wed,-1.0,False,0.43233743409468123,-1.0,1.0,1.0,1.0,1.0,0.35852372583479647,-1,-1.0,-1.0,-1.0,1.0,0,EURUSD
3,Thu,1.0,True,1.2909260991580367,1.0,1.0,1.0,-1.0,1.0,0.8306828811973149,0,1.0,-1.0,-1.0,0.0,0,EURUSD
9,Thu,1.0,False,0.5355789473685554,1.0,-1.0,-1.0,1.0,1.0,0.5355789473685554,1,1.0,-1.0,1.0,0.0,0,EURUSD
3,Tue,1.0,False,0.5531514581372153,1.0,-1.0,-1.0,1.0,-1.0,0.4402634054561356,0,-1.0,1.0,1.0,0.0,0,EURUSD
9,Tue,1.0,False,0.34389926183233654,-1.0,-1.0,-1.0,-1.0,-1.0,0.3230568823274376,1,1.0,1.0,1.0,-1.0,0,EURUSD
3,Wed,1.0,False,0.4584629053753185,-1.0,1.0,1.0,1.0,-1.0,1.3647267880941365,-1,-1.0,-1.0,-1.0,1.0,1,EURUSD
9,Wed,1.0,False,0.3181617322138445,1.0,1.0,1.0,1.0,-1.0,0.07423773751658726,0,-1.0,-1.0,1.0,1.0,0,EURUSD
3,Thu,1.0,False,0.3065239903350054,1.0,1.0,1.0,-1.0,1.0,0.38108387987584824,0,1.0,-1.0,1.0,0.0,0,EURUSD
9,Thu,1.0,False,0.5423271500842802,1.0,1.0,1.0,1.0,1.0,1.1413153456999496,-1,-1.0,-1.0,-1.0,1.0,1,EURUSD
3,Tue,1.0,False,0.17281728172811173,1.0,-1.0,1.0,-1.0,1.0,0.03240324032400596,1,-1.0,-1.0,1.0,-1.0,0,EURUSD
9,Tue,1.0,True,2.2118546845125335,-1.0,-1.0,1.0,1.0,1.0,0.20191204588900524,-1,-1.0,-1.0,-1.0,0.0,0,EURUSD
3,Wed,1.0,False,0.36779047088314215,1.0,1.0,-1.0,-1.0,-1.0,0.20061298411826653,1,1.0,1.0,1.0,0.0,0,EURUSD
9,Wed,1.0,True,0.6499708794407975,1.0,1.0,1.0,1.0,-1.0,0.34944670937678113,-1,1.0,-1.0,-1.0,1.0,1,EURUSD
3,Thu,-1.0,False,0.1476014760146352,-1.0,-1.0,-1.0,1.0,-1.0,1.0135301353014416,0,1.0,1.0,1.0,0.0,-1,EURUSD
9,Thu,-1.0,True,1.1339320577900753,-1.0,1.0,1.0,-1.0,-1.0,3.092541975790585,-1,-1.0,-1.0,-1.0,0.0,0,EURUSD
3,Tue,1.0,True,0.6025531914894692,1.0,1.0,1.0,1.0,1.0,0.7659574468083321,-1,-1.0,-1.0,-1.0,1.0,0,EURUSD
9,Tue,-1.0,False,0.5357585779247538,-1.0,-1.0,-1.0,1.0,1.0,1.4683753617196629,0,-1.0,1.0,1.0,0.0,0,EURUSD
3,Wed,1.0,True,1.033112582781389,1.0,-1.0,-1.0,1.0,1.0,1.0927152317881814,0,1.0,1.0,1.0,0.0,0,EURUSD
9,Wed,-1.0,False,0.4982698961938083,-1.0,1.0,-1.0,-1.0,1.0,0.10380622837369086,0,1.0,1.0,1.0,0.0,0,EURUSD
3,Tue,-1.0,False,0.3162939297124046,-1.0,-1.0,-1.0,1.0,1.0,0.7955271565496262,1,1.0,1.0,1.0,0.0,0,EURUSD
9,Tue,-1.0,False,0.010820559062289167,-1.0,1.0,-1.0,-1.0,1.0,0.1947700631200037,1,1.0,1.0,1.0,0.0,0,EURUSD
3,Wed,-1.0,True,1.6686390532543451,-1.0,-1.0,-1.0,-1.0,-1.0,0.0355029585801145,1,1.0,-1.0,1.0,-1.0,0,EURUSD
9,Wed,-1.0,True,1.1786621507197812,1.0,-1.0,-1.0,1.0,-1.0,1.3615580016936024,0,1.0,-1.0,-1.0,0.0,0,EURUSD
3,Tue,-1.0,False,0.06385404789055009,-1.0,-1.0,1.0,1.0,1.0,0.6567844925884284,-1,-1.0,1.0,-1.0,0.0,0,EURUSD
9,Tue,-1.0,False,0.17227049489980878,-1.0,1.0,1.0,-1.0,1.0,0.8794862108046153,0,1.0,1.0,1.0,0.0,0,EURUSD
3,Wed,1.0,False,0.28818011257043685,1.0,-1.0,-1.0,1.0,-1.0,1.323827392120113,1,1.0,1.0,1.0,0.0,-1,EURUSD
9,Wed,1.0,False,0.4792176039118494,-1.0,1.0,1.0,-1.0,-1.0,0.37163814180932675,0,-1.0,-1.0,-1.0,0.0,0,EURUSD
3,Thu,-1.0,True,0.8649811726736645,-1.0,-1.0,-1.0,1.0,-1.0,0.43894566971489124,0,-1.0,1.0,-1.0,0.0,0,EURUSD
9,Thu,1.0,False,0.2513781697903956,1.0,-1.0,-1.0,-1.0,-1.0,1.415656008820122,1,1.0,1.0,1.0,-1.0,-1,EURUSD
3,Tue,1.0,False,0.5275862068965651,1.0,1.0,1.0,-1.0,1.0,0.5482758620691145,0,1.0,1.0,-1.0,0.0,0,EURUSD
9,Tue,-1.0,False,0.4586666666665977,-1.0,1.0,-1.0,-1.0,1.0,1.4293333333334766,0,-1.0,-1.0,-1.0,0.0,0,EURUSD
3,Wed,1.0,False,0.1462140992167447,1.0,-1.0,1.0,1.0,-1.0,0.3237597911227587,-1,-1.0,-1.0,-1.0,0.0,0,EURUSD
9,Wed,1.0,True,0.6507004066879238,1.0,-1.0,1.0,1.0,-1.0,1.051965657478445,0,-1.0,-1.0,1.0,0.0,0,EURUSD
3,Thu,1.0,False,0.2427745664737833,1.0,-1.0,-1.0,-1.0,1.0,0.48554913294782326,1,1.0,1.0,1.0,-1.0,-1,EURUSD
9,Thu,-1.0,False,0.056206088993094656,1.0,-1.0,-1.0,-1.0,1.0,2.4056206088994094,1,1.0,1.0,1.0,-1.0,-1,EURUSD
3,Tue,1.0,True,2.9533540648602594,1.0,1.0,1.0,1.0,1.0,2.1643713904931072,-1,-1.0,-1.0,-1.0,1.0,1,EURUSD
9,Tue,-1.0,True,1.0898770104068738,-1.0,1.0,-1.0,1.0,1.0,0.5903500473036812,-1,-1.0,-1.0,-1.0,1.0,0,EURUSD
3,Wed,-1.0,False,0.421746293245451,-1.0,-1.0,-1.0,-1.0,1.0,0.421746293245451,1,1.0,1.0,1.0,-1.0,0,EURUSD
9,Wed,-1.0,True,1.187878787878861,-1.0,1.0,1.0,1.0,1.0,0.3636363636364153,-1,-1.0,-1.0,-1.0,1.0,1,EURUSD
3,Thu,-1.0,False,0.10935601458087138,1.0,1.0,1.0,1.0,-1.0,0.14580801944105393,0,-1.0,1.0,-1.0,1.0,0,EURUSD
9,Thu,1.0,False,0.41685429398519774,1.0,1.0,1.0,1.0,-1.0,0.7719523962689927,-1,-1.0,-1.0,-1.0,1.0,1,EURUSD
3,Tue,-1.0,False,0.19699042407658526,1.0,-1.0,-1.0,-1.0,1.0,0.5384404924760872,1,1.0,1.0,1.0,-1.0,-1,EURUSD
9,Tue,1.0,True,1.2503793626708282,1.0,-1.0,1.0,1.0,1.0,0.3034901365705305,-1,-1.0,-1.0,-1.0,0.0,0,EURUSD
3,Wed,-1.0,False,0.4206500956023335,-1.0,-1.0,-1.0,-1.0,1.0,0.16061185468454586,-1,1.0,1.0,1.0,-1.0,0,EURUSD
9,Wed,1.0,False,0.1772470144563046,-1.0,-1.0,-1.0,-1.0,1.0,0.8409805153991817,1,1.0,1.0,1.0,-1.0,-1,EURUSD
3,Thu,-1.0,False,0.2341463414635034,-1.0,-1.0,-1.0,1.0,-1.0,0.44227642276423484,-1,-1.0,1.0,-1.0,0.0,0,EURUSD
9,Thu,1.0,True,0.6216921356690226,-1.0,-1.0,1.0,-1.0,-1.0,0.22363026462911983,0,-1.0,1.0,1.0,-1.0,0,EURUSD
3,Tue,-1.0,False,0.15221987315011673,-1.0,1.0,1.0,1.0,-1.0,0.07610993657498795,-1,-1.0,-1.0,-1.0,1.0,0,EURUSD
9,Tue,-1.0,False,0.35365501300202723,1.0,-1.0,1.0,-1.0,-1.0,0.03467206009831042,0,-1.0,1.0,1.0,-1.0,0,EURUSD
3,Wed,-1.0,False,0.26348078785921697,-1.0,1.0,-1.0,1.0,1.0,0.18598643848886914,0,-1.0,1.0,-1.0,1.0,0,EURUSD
9,Wed,-1.0,False,0.6183953033268567,-1.0,1.0,1.0,-1.0,1.0,0.06262230919753976,0,-1.0,1.0,-1.0,0.0,0,EURUSD
3,Thu,1.0,False,0.3385959019147535,-1.0,1.0,1.0,-1.0,-1.0,0.6933154182063234,0,1.0,-1.0,-1.0,0.0,0,EURUSD
9,Thu,-1.0,True,1.0834686586554139,-1.0,1.0,1.0,1.0,-1.0,0.94316336472876,-1,-1.0,-1.0,-1.0,1.0,1,EURUSD
3,Tue,1.0,False,0.048435923309926104,1.0,1.0,1.0,-1.0,1.0,0.44399596367309774,0,1.0,-1.0,-1.0,0.0,0,EURUSD
9,Tue,1.0,False,0.7451381780961811,1.0,1.0,1.0,-1.0,1.0,1.0399181166836233,1,1.0,1.0,-1.0,0.0,0,EURUSD
3,Wed,1.0,False,0.07879185817464736,1.0,1.0,-1.0,1.0,-1.0,0.2206172028890826,0,-1.0,-1.0,-1.0,1.0,0,EURUSD
9,Wed,-1.0,False,0.11192072282129348,-1.0,-1.0,-1.0,-1.0,-1.0,2.693092392888355,1,1.0,1.0,1.0,-1.0,-1,EURUSD
3,Thu,1.0,True,0.43838604143944493,1.0,1.0,1.0,-1.0,-1.0,0.8047982551798353,0,-1.0,-1.0,-1.0,0.0,0,EURUSD
9,Thu,-1.0,False,0.13784301212513295,1.0,1.0,1.0,1.0,-1.0,0.9112954690491594,0,-1.0,-1.0,-1.0,1.0,0,EURUSD
3,Tue,1.0,True,1.1605970149253533,1.0,-1.0,-1.0,-1.0,-1.0,1.576119402984918,1,1.0,1.0,1.0,-1.0,-1,EURUSD
9,Tue,1.0,False,0.1798715203426494,-1.0,-1.0,-1.0,-1.0,-1.0,0.680942184154071,1,1.0,1.0,1.0,-1.0,-1,EURUSD
3,Wed,-1.0,False,0.3494176372710612,1.0,-1.0,-1.0,-1.0,1.0,0.9683860232944133,1,1.0,1.0,1.0,-1.0,-1,EURUSD
9,Wed,-1.0,True,0.8422791081750669,-1.0,-1.0,-1.0,-1.0,1.0,1.5953757225434395,0,1.0,1.0,1.0,-1.0,-1,EURUSD
3,Thu,1.0,False,0.0390243902437235,-1.0,1.0,1.0,1.0,-1.0,0.24390243902446332,-1,-1.0,-1.0,-1.0,1.0,0,EURUSD
9,Thu,-1.0,True,1.331189710610847,-1.0,-1.0,-1.0,-1.0,-1.0,0.3762057877814521,1,1.0,1.0,1.0,-1.0,-1,EURUSD
3,Tue,1.0,False,0.3842049092848138,1.0,-1.0,-1.0,-1.0,-1.0,0.08537886872997968,0,1.0,-1.0,1.0,-1.0,0,EURUSD
9,Tue,1.0,False,0.11021814006879081,1.0,-1.0,-1.0,1.0,-1.0,0.8266360505165429,1,1.0,-1.0,1.0,0.0,0,EURUSD
3,Wed,-1.0,True,0.7179487179486226,-1.0,-1.0,-1.0,1.0,-1.0,0.8512820512821431,-1,-1.0,-1.0,-1.0,0.0,0,EURUSD
9,Wed,1.0,True,1.2975734355045516,1.0,-1.0,-1.0,-1.0,-1.0,1.2669220945084096,0,-1.0,1.0,1.0,-1.0,0,EURUSD
3,Thu,-1.0,True,1.3832258064517624,-1.0,-1.0,-1.0,1.0,1.0,0.2890322580645816,1,-1.0,1.0,1.0,0.0,0,EURUSD
9,Thu,1.0,False,0.6273814798406053,-1.0,-1.0,1.0,-1.0,1.0,0.24457244129370728,0,1.0,1.0,-1.0,-1.0,0,EURUSD
3,Tue,-1.0,True,1.0890322580645506,-1.0,-1.0,-1.0,-1.0,-1.0,1.3006451612903693,1,1.0,1.0,1.0,-1.0,-1,EURUSD
9,Tue,-1.0,True,1.1330049261083772,-1.0,-1.0,-1.0,-1.0,-1.0,1.1034482758620965,0,1.0,1.0,1.0,-1.0,0,EURUSD
3,Wed,-1.0,True,0.7252625760088821,-1.0,1.0,1.0,0.0,-1.0,0.22111663902716047,-1,-1.0,-1.0,-1.0,0.0,0,EURUSD
9,Wed,-1.0,False,0.282041865589411,1.0,1.0,-1.0,1.0,-1.0,0.030848329048849474,0,-1.0,-1.0,-1.0,1.0,0,EURUSD
3,Thu,-1.0,False,0.3542642924085722,1.0,-1.0,1.0,-1.0,1.0,0.11246485473288403,0,1.0,1.0,1.0,-1.0,0,EURUSD
9,Thu,1.0,False,0.299653179190743,-1.0,-1.0,-1.0,1.0,1.0,1.2763005780346646,0,1.0,1.0,1.0,0.0,0,EURUSD
3,Tue,1.0,True,1.2945677123183041,1.0,1.0,1.0,-1.0,1.0,0.5554705432287365,-1,1.0,-1.0,-1.0,0.0,0,EURUSD
9,Tue,-1.0,False,0.1226241569589615,1.0,-1.0,-1.0,1.0,1.0,0.21091354996930925,0,-1.0,-1.0,1.0,0.0,0,EURUSD
3,Wed,-1.0,True,0.9832625530852209,-1.0,1.0,-1.0,1.0,-1.0,0.011991006745019647,-1,-1.0,-1.0,-1.0,1.0,0,EURUSD
9,Wed,1.0,True,0.5442312484425326,-1.0,-1.0,-1.0,-1.0,-1.0,0.7116870171941219,1,1.0,1.0,1.0,-1.0,-1,EURUSD
3,Thu,1.0,False,0.2062168309325295,-1.0,1.0,1.0,-1.0,-1.0,0.5094768764216385,0,1.0,-1.0,-1.0,0.0,0,EURUSD
9,Thu,-1.0,False,0.9122606458988628,-1.0,-1.0,-1.0,1.0,-1.0,1.1934838525293427,1,1.0,-1.0,1.0,0.0,-1,EURUSD
3,Tue,1.0,True,0.8240887480190866,1.0,1.0,-1.0,-1.0,1.0,0.13312202852617963,1,1.0,1.0,1.0,0.0,0,EURUSD
9,Tue,1.0,False,0.39862905351973077,1.0,1.0,1.0,1.0,1.0,1.044028473503796,0,-1.0,-1.0,-1.0,1.0,0,EURUSD
3,Wed,-1.0,True,1.2891891891891798,-1.0,-1.0,1.0,1.0,1.0,0.2594594594593602,-1,-1.0,-1.0,-1.0,0.0,0,EURUSD
9,Wed,1.0,False,0.5681381957773256,1.0,-1.0,-1.0,1.0,1.0,3.0172744721689124,1,1.0,1.0,1.0,0.0,-1,EURUSD
3,Thu,-1.0,True,0.7137954701440545,-1.0,-1.0,-1.0,1.0,-1.0,0.04392587508583674,0,-1.0,1.0,1.0,0.0,0,EURUSD
9,Thu,1.0,True,1.6628805088596097,1.0,1.0,1.0,1.0,-1.0,0.4034529759200166,-1,-1.0,-1.0,-1.0,1.0,0,EURUSD
3,Tue,1.0,True,0.6061506462635613,-1.0,1.0,1.0,-1.0,1.0,0.2959441390581243,0,1.0,-1.0,1.0,0.0,0,EURUSD
9,Tue,-1.0,False,0.3448413490321529,1.0,-1.0,-1.0,1.0,1.0,0.22989423268810194,0,1.0,-1.0,1.0,0.0,0,EURUSD
3,Wed,1.0,False,0.07049254405782064,1.0,1.0,-1.0,-1.0,-1.0,0.22774514234076243,1,1.0,1.0,1.0,0.0,0,EURUSD
9,Wed,-1.0,True,1.0374157564489654,-1.0,-1.0,-1.0,1.0,-1.0,0.7920055775040477,1,1.0,1.0,1.0,0.0,0,EURUSD
3,Thu,-1.0,True,0.8782978723402723,-1.0,1.0,-1.0,-1.0,-1.0,0.5991489361701996,1,-1.0,1.0,-1.0,0.0,0,EURUSD
9,Thu,1.0,False,0.5171192443920577,1.0,1.0,-1.0,-1.0,-1.0,0.7579693034239404,1,1.0,1.0,1.0,0.0,0,EURUSD
3,Tue,1.0,True,0.5888125613346515,1.0,-1.0,-1.0,1.0,0.0,0.3846908734053707,0,-1.0,1.0,1.0,0.0,0,EURUSD
9,Tue,1.0,True,0.867737948083959,1.0,1.0,1.0,-1.0,0.0,2.402966625463423,0,-1.0,-1.0,-1.0,0.0,1,EURUSD
3,Wed,1.0,True,1.3663803680982087,1.0,1.0,1.0,1.0,1.0,0.14134969325154334,0,-1.0,1.0,-1.0,1.0,0,EURUSD
9,Wed,-1.0,False,0.15145368492227607,1.0,1.0,1.0,1.0,1.0,0.4056795131845994,0,-1.0,-1.0,-1.0,1.0,0,EURUSD
3,Thu,1.0,False,0.4772425983208798,1.0,-1.0,-1.0,-1.0,1.0,0.6098099867432548,1,1.0,1.0,1.0,-1.0,-1,EURUSD
9,Thu,1.0,False,0.3976608187134631,1.0,1.0,-1.0,-1.0,1.0,0.29824561403496747,1,1.0,1.0,1.0,0.0,0,EURUSD
3,Tue,1.0,True,0.7536636427075258,1.0,-1.0,1.0,-1.0,1.0,0.2344731332868602,0,1.0,-1.0,1.0,-1.0,0,EURUSD
9,Tue,1.0,False,0.02623906705537136,1.0,1.0,-1.0,1.0,1.0,0.5072886297376328,0,-1.0,-1.0,-1.0,1.0,0,EURUSD
3,Wed,1.0,False,0.240752351097197,1.0,1.0,1.0,1.0,1.0,0.7573667711598255,-1,-1.0,-1.0,-1.0,1.0,0,EURUSD
9,Wed,1.0,False,0.6575342465754149,-1.0,1.0,1.0,1.0,1.0,0.48600357355569546,-1,-1.0,-1.0,-1.0,1.0,0,EURUSD
3,Thu,1.0,False,0.21801665404990608,1.0,-1.0,-1.0,1.0,1.0,0.3633610900832216,0,1.0,1.0,1.0,0.0,0,EURUSD
9,Thu,-1.0,False,0.1720676799541697,-1.0,1.0,1.0,1.0,1.0,1.2044737596788821,-1,-1.0,-1.0,-1.0,1.0,1,EURUSD
3,Tue,1.0,True,1.0784760664279893,1.0,-1.0,-1.0,1.0,1.0,0.17193096711160033,0,-1.0,-1.0,-1.0,0.0,0,EURUSD
9,Tue,1.0,False,0.4202180376609771,-1.0,1.0,1.0,1.0,1.0,0.21407333994052435,-1,-1.0,-1.0,-1.0,1.0,1,EURUSD
3,Wed,-1.0,True,0.7387529597474142,-1.0,1.0,1.0,-1.0,1.0,0.3220205209155449,0,0.0,-1.0,-1.0,0.0,0,EURUSD
9,Wed,1.0,False,0.5126964933493642,1.0,1.0,1.0,-1.0,1.0,0.5997581620312709,0,1.0,1.0,1.0,0.0,0,EURUSD
3,Thu,-1.0,False,0.11707317073160481,-1.0,-1.0,-1.0,1.0,1.0,0.507317073170793,0,-1.0,1.0,1.0,0.0,0,EURUSD
9,Thu,-1.0,False,0.2576383154419323,-1.0,1.0,1.0,-1.0,1.0,0.4062758051197586,0,1.0,1.0,1.0,0.0,0,EURUSD
3,Tue,-1.0,False,0.3657917019474205,-1.0,1.0,1.0,-1.0,1.0,0.2641828958511279,0,1.0,1.0,1.0,0.0,0,EURUSD
9,Tue,-1.0,True,0.8747152619589048,-1.0,1.0,1.0,-1.0,1.0,0.6560364464691786,1,1.0,1.0,1.0,0.0,0,EURUSD
3,Wed,-1.0,False,0.11492957746479224,1.0,1.0,1.0,-1.0,-1.0,0.7436619718310615,-1,-1.0,-1.0,-1.0,0.0,0,EURUSD
9,Wed,-1.0,True,0.46078961600864843,1.0,-1.0,-1.0,1.0,-1.0,1.0903190914007008,1,-1.0,1.0,1.0,0.0,-1,EURUSD
3,Thu,-1.0,False,0.3388704318936932,-1.0,1.0,1.0,-1.0,-1.0,0.6877076411958682,0,-1.0,-1.0,-1.0,0.0,0,EURUSD
9,Thu,1.0,False,0.12616255560044795,1.0,1.0,-1.0,-1.0,-1.0,0.8054993934491298,1,1.0,1.0,1.0,0.0,0,EURUSD
3,Tue,-1.0,True,2.044943820224618,-1.0,-1.0,-1.0,-1.0,1.0,0.7528089887639776,1,1.0,1.0,1.0,-1.0,-1,EURUSD
9,Tue,1.0,True,1.4300518134714328,1.0,-1.0,-1.0,-1.0,1.0,1.0673575129532242,1,1.0,1.0,1.0,-1.0,-1,EURUSD
3,Wed,-1.0,False,0.08615875548478484,1.0,-1.0,-1.0,-1.0,-1.0,0.4595133625845981,1,1.0,1.0,1.0,-1.0,-1,EURUSD
9,Wed,-1.0,False,0.18165627782725638,-1.0,-1.0,1.0,1.0,-1.0,0.918967052537955,-1,1.0,1.0,1.0,0.0,0,EURUSD
3,Thu,1.0,True,0.9177664974620119,1.0,-1.0,-1.0,-1.0,-1.0,0.06497461928922628,0,1.0,1.0,1.0,-1.0,0,EURUSD
9,Thu,-1.0,True,0.8143712574850636,-1.0,-1.0,1.0,1.0,-1.0,0.6843455945253261,-1,-1.0,-1.0,-1.0,0.0,0,EURUSD
3,Tue,1.0,False,0.2377919320594939,1.0,1.0,-1.0,-1.0,-1.0,0.46709129511662056,1,1.0,1.0,1.0,0.0,0,EURUSD
9,Tue,1.0,False,0.32812500000006706,1.0,-1.0,-1.0,1.0,-1.0,0.046875000000098796,0,1.0,-1.0,-1.0,0.0,0,EURUSD
3,Wed,1.0,False,0.03628117913835899,1.0,-1.0,1.0,1.0,1.0,0.3537414965987484,0,-1.0,-1.0,-1.0,0.0,0,EURUSD
9,Wed,-1.0,True,1.1949305974654263,-1.0,-1.0,-1.0,1.0,1.0,1.3759806879903738,0,-1.0,-1.0,-1.0,0.0,0,EURUSD
3,Thu,-1.0,False,0.310653833388562,1.0,1.0,1.0,1.0,1.0,0.08762031198128045,0,-1.0,1.0,1.0,1.0,0,EURUSD
9,Thu,1.0,False,0.2864197530863199,-1.0,1.0,-1.0,1.0,1.0,0.2962962962962611,0,-1.0,-1.0,-1.0,1.0,0,EURUSD
3,Tue,-1.0,True,1.3278463648833254,-1.0,1.0,1.0,-1.0,-1.0,0.5706447187929489,1,1.0,0.0,1.0,0.0,0,EURUSD
3,Wed,-1.0,True,1.6802383316781797,-1.0,-1.0,-1.0,-1.0,-1.0,0.0595829195631855,0,1.0,1.0,1.0,-1.0,0,EURUSD
9,Wed,-1.0,True,1.2000000000000126,-1.0,-1.0,1.0,-1.0,-1.0,0.09142857142866423,0,1.0,1.0,1.0,-1.0,0,EURUSD
3,Thu,1.0,True,0.9288824383162799,-1.0,-1.0,-1.0,1.0,-1.0,0.4992743105949747,0,-1.0,1.0,1.0,0.0,0,EURUSD
9,Thu,-1.0,False,0.29553617239610913,-1.0,-1.0,-1.0,-1.0,-1.0,1.095946639301953,1,1.0,1.0,1.0,-1.0,-1,EURUSD
3,Tue,-1.0,True,0.45062586926285064,-1.0,1.0,1.0,-1.0,1.0,0.44228094575792815,1,1.0,1.0,1.0,0.0,0,EURUSD
9,Tue,1.0,False,0.026815642458077493,-1.0,-1.0,-1.0,-1.0,1.0,0.49162011173188386,0,1.0,1.0,1.0,-1.0,0,EURUSD
3,Wed,1.0,False,0.09962640099625233,-1.0,-1.0,-1.0,-1.0,-1.0,0.1594022415939595,1,1.0,1.0,1.0,-1.0,0,EURUSD
9,Wed,-1.0,True,0.5398773006135593,-1.0,-1.0,1.0,1.0,-1.0,0.01963190184061988,0,1.0,-1.0,-1.0,0.0,0,EURUSD
3,Thu,-1.0,False,0.1203007518797222,-1.0,-1.0,1.0,-1.0,1.0,0.051557465091255,0,1.0,-1.0,1.0,-1.0,0,EURUSD
9,Thu,-1.0,False,0.11839814277423058,-1.0,-1.0,-1.0,-1.0,1.0,0.5850261172373291,0,1.0,1.0,1.0,-1.0,0,EURUSD
3,Tue,1.0,True,1.1516314779271046,1.0,-1.0,-1.0,-1.0,0.0,0.2763915547026006,1,1.0,1.0,1.0,-1.0,-1,EURUSD
9,Tue,-1.0,True,0.4169079328314563,-1.0,-1.0,-1.0,1.0,0.0,0.9727851766067314,0,1.0,-1.0,-1.0,0.0,0,EURUSD
3,Wed,1.0,False,0.7604726100964883,1.0,-1.0,1.0,1.0,-1.0,0.20622986036511542,-1,-1.0,-1.0,-1.0,0.0,0,EURUSD
9,Wed,1.0,False,0.8119266055047059,1.0,-1.0,-1.0,-1.0,-1.0,0.2201834862384452,1,-1.0,1.0,1.0,-1.0,0,EURUSD
3,Thu,1.0,True,0.9895052473764177,1.0,1.0,1.0,-1.0,-1.0,0.6656671664167684,0,1.0,1.0,1.0,0.0,0,EURUSD
9,Thu,1.0,True,1.6651327433628194,1.0,1.0,1.0,1.0,-1.0,1.1469026548672383,-1,1.0,-1.0,-1.0,1.0,0,EURUSD
3,Tue,1.0,True,1.481206496519799,1.0,-1.0,1.0,1.0,-1.0,0.089095127610299,-1,-1.0,-1.0,-1.0,0.0,0,EURUSD
9,Tue,1.0,False,0.11401425178145885,-1.0,1.0,1.0,1.0,-1.0,0.6498812351543408,-1,-1.0,-1.0,-1.0,1.0,0,EURUSD
3,Wed,-1.0,False,0.25409047160744036,-1.0,-1.0,-1.0,-1.0,1.0,0.7738209817133819,1,1.0,1.0,1.0,-1.0,-1,EURUSD
9,Wed,-1.0,True,1.9587242026267457,-1.0,1.0,1.0,-1.0,1.0,0.14634146341459453,0,1.0,1.0,-1.0,0.0,0,EURUSD
3,Thu,1.0,False,0.08771128369127194,-1.0,1.0,1.0,1.0,-1.0,0.021927820922939708,0,-1.0,1.0,-1.0,1.0,0,EURUSD
9,Thu,-1.0,False,0.4872570194386491,-1.0,1.0,1.0,1.0,-1.0,1.1714902807773968,-1,-1.0,-1.0,-1.0,1.0,1,EURUSD
3,Tue,-1.0,False,0.07052896725442412,-1.0,-1.0,1.0,1.0,1.0,0.07052896725442412,0,-1.0,-1.0,-1.0,0.0,0,EURUSD
9,Tue,1.0,False,0.11477761836440882,-1.0,1.0,1.0,1.0,1.0,0.8263988522236415,-1,-1.0,-1.0,-1.0,1.0,1,EURUSD
3,Wed,-1.0,True,0.535590611773783,-1.0,1.0,1.0,1.0,1.0,0.7018083878415653,-1,-1.0,-1.0,-1.0,1.0,1,EURUSD
9,Wed,1.0,False,1.0887759092687077,1.0,-1.0,-1.0,1.0,1.0,1.4360578803285218,1,1.0,1.0,1.0,0.0,-1,EURUSD
3,Thu,-1.0,True,0.48017148981769797,-1.0,-1.0,1.0,1.0,1.0,0.09431939978568385,0,-1.0,1.0,-1.0,0.0,0,EURUSD
9,Thu,1.0,False,0.12765957446816653,-1.0,1.0,1.0,-1.0,1.0,0.5872340425532636,0,1.0,1.0,1.0,0.0,0,EURUSD
3,Tue,1.0,True,1.3442622950820253,1.0,-1.0,-1.0,-1.0,1.0,0.3825136612022615,1,1.0,1.0,1.0,-1.0,-1,EURUSD
9,Tue,1.0,False,0.08594449418092824,-1.0,-1.0,-1.0,1.0,1.0,1.3751119068934206,0,-1.0,-1.0,-1.0,0.0,0,EURUSD
3,Wed,-1.0,False,0.43964302489443813,-1.0,-1.0,1.0,1.0,1.0,0.022545796148573924,0,-1.0,-1.0,1.0,0.0,0,EURUSD
9,Wed,1.0,True,1.2759493670885775,1.0,-1.0,-1.0,-1.0,1.0,0.6805063291137822,1,1.0,1.0,1.0,-1.0,-1,EURUSD
3,Thu,1.0,True,0.6542113323124451,1.0,-1.0,-1.0,1.0,-1.0,0.9188361408881868,0,-1.0,1.0,1.0,0.0,0,EURUSD
9,Thu,1.0,False,0.7781025777305369,1.0,-1.0,-1.0,-1.0,-1.0,0.2359819293117086,1,1.0,1.0,1.0,-1.0,-1,EURUSD
3,Tue,1.0,False,0.009497427780038595,-1.0,1.0,-1.0,-1.0,-1.0,0.1994459833795452,0,1.0,1.0,1.0,0.0,0,EURUSD
9,Tue,1.0,False,0.29225092250918144,1.0,-1.0,-1.0,-1.0,-1.0,1.337269372693873,1,1.0,1.0,1.0,-1.0,-1,EURUSD
3,Wed,-1.0,False,0.8740675734972672,-1.0,1.0,1.0,-1.0,-1.0,0.50548486178129,0,1.0,-1.0,1.0,0.0,0,EURUSD
9,Wed,-1.0,True,1.2904464714354333,1.0,1.0,-1.0,-1.0,-1.0,0.046087373979882586,1,1.0,1.0,1.0,0.0,0,EURUSD
3,Thu,-1.0,True,0.6922265212803804,-1.0,-1.0,-1.0,1.0,-1.0,0.4896236370030039,0,-1.0,1.0,-1.0,0.0,0,EURUSD
9,Thu,1.0,True,1.2802160702227638,1.0,-1.0,-1.0,-1.0,-1.0,0.6644159351789733,1,1.0,1.0,1.0,-1.0,-1,EURUSD
3,Tue,1.0,True,1.9187279151941872,1.0,-1.0,-1.0,-1.0,1.0,0.4664310954063517,1,1.0,1.0,1.0,-1.0,-1,EURUSD
9,Tue,1.0,False,0.31021111589850686,1.0,-1.0,-1.0,1.0,1.0,0.9513140887548547,0,1.0,1.0,1.0,0.0,0,EURUSD
3,Wed,-1.0,False,0.237188872620782,-1.0,-1.0,1.0,-1.0,1.0,0.2459736456806737,0,1.0,-1.0,1.0,-1.0,0,EURUSD
9,Wed,-1.0,True,1.330275229357733,1.0,-1.0,-1.0,-1.0,1.0,1.137614678899184,1,1.0,1.0,1.0,-1.0,0,EURUSD
3,Thu,1.0,False,0.7764968389737006,1.0,-1.0,1.0,1.0,-1.0,0.08032725920409392,-1,-1.0,-1.0,-1.0,0.0,0,EURUSD
9,Thu,1.0,True,4.025423728813412,1.0,-1.0,-1.0,1.0,-1.0,0.5593220338982078,0,-1.0,-1.0,-1.0,0.0,0,EURUSD
3,Tue,-1.0,False,0.2325344212135605,-1.0,-1.0,-1.0,-1.0,1.0,0.4650688424273927,1,1.0,1.0,1.0,-1.0,-1,EURUSD
9,Tue,1.0,False,0.5111821086261413,1.0,-1.0,1.0,-1.0,1.0,0.15335463258772888,-1,1.0,1.0,-1.0,-1.0,0,EURUSD
3,Wed,1.0,False,0.2985339848956575,1.0,1.0,1.0,1.0,-1.0,0.5437583296312747,-1,-1.0,-1.0,-1.0,1.0,1,EURUSD
9,Wed,-1.0,False,0.19047619047622566,1.0,-1.0,-1.0,-1.0,-1.0,0.9251700680272091,1,1.0,1.0,1.0,-1.0,0,EURUSD
3,Thu,1.0,True,0.9689978370584045,1.0,1.0,1.0,1.0,1.0,0.34607065609224613,-1,-1.0,-1.0,-1.0,1.0,1,EURUSD
9,Thu,-1.0,False,0.4799999999999445,1.0,1.0,-1.0,-1.0,1.0,0.5952000000000591,0,-1.0,-1.0,1.0,0.0,0,EURUSD
3,Tue,-1.0,True,0.516836335160582,1.0,1.0,-1.0,1.0,-1.0,0.0939702427564505,0,-1.0,-1.0,-1.0,1.0,0,EURUSD
9,Tue,1.0,True,3.979899497487491,1.0,1.0,1.0,1.0,-1.0,1.4572864321607881,-1,-1.0,-1.0,-1.0,1.0,1,EURUSD
3,Wed,-1.0,True,0.943371085942667,-1.0,1.0,1.0,1.0,1.0,0.24783477681548102,-1,-1.0,0.0,-1.0,1.0,0,EURUSD
9,Wed,1.0,True,1.383164512748766,1.0,-1.0,-1.0,-1.0,1.0,0.3520782396088648,1,1.0,1.0,1.0,-1.0,0,EURUSD
3,Thu,1.0,True,0.49215922798552264,1.0,-1.0,-1.0,1.0,1.0,0.27020506634482894,0,1.0,1.0,1.0,0.0,0,EURUSD
9,Thu,-1.0,True,2.0805258833196727,-1.0,1.0,1.0,-1.0,1.0,0.8578471651601487,1,-1.0,-1.0,-1.0,0.0,0,EURUSD
3,Tue,1.0,True,0.45569620253152643,1.0,-1.0,1.0,1.0,-1.0,0.025316455696367677,-1,-1.0,-1.0,-1.0,0.0,0,EURUSD
9,Tue,-1.0,False,0.2687094873304572,-1.0,-1.0,-1.0,1.0,-1.0,0.1555686505598871,0,-1.0,-1.0,1.0,0.0,0,EURUSD
3,Wed,1.0,False,0.4241316270565392,1.0,1.0,1.0,1.0,-1.0,0.16087751371123546,0,-1.0,-1.0,-1.0,1.0,0,EURUSD
9,Wed,1.0,False,0.1406799531066717,1.0,1.0,1.0,-1.0,-1.0,0.4783118405627462,0,-1.0,-1.0,1.0,0.0,0,EURUSD
3,Thu,-1.0,False,0.6341749853201228,-1.0,-1.0,1.0,1.0,1.0,0.3664122137403625,0,-1.0,-1.0,-1.0,0.0,0,EURUSD
9,Thu,-1.0,False,1.1950207468880722,-1.0,-1.0,-1.0,-1.0,1.0,1.2199170124481253,1,1.0,1.0,1.0,-1.0,-1,EURUSD
3,Tue,1.0,False,0.34387351778644004,-1.0,-1.0,-1.0,-1.0,-1.0,0.3320158102764811,1,1.0,1.0,1.0,-1.0,-1,EURUSD
9,Tue,1.0,False,0.0470127326151285,1.0,1.0,1.0,-1.0,-1.0,0.5406464250733253,0,1.0,1.0,-1.0,0.0,0,EURUSD
3,Wed,-1.0,True,0.7290260366440215,-1.0,-1.0,1.0,1.0,1.0,0.3355834136932145,0,-1.0,-1.0,-1.0,0.0,0,EURUSD
9,Wed,-1.0,False,0.466734902763601,1.0,-1.0,-1.0,-1.0,1.0,0.4298874104401947,1,1.0,1.0,1.0,-1.0,-1,EURUSD
3,Thu,-1.0,False,0.22492970946593455,-1.0,-1.0,1.0,-1.0,1.0,0.05998125585760474,0,-1.0,1.0,1.0,-1.0,0,EURUSD
9,Thu,-1.0,False,0.235550708833243,1.0,1.0,1.0,1.0,1.0,0.1766630316248596,0,-1.0,-1.0,-1.0,1.0,0,EURUSD
3,Tue,1.0,False,0.022130013831403863,1.0,-1.0,-1.0,-1.0,-1.0,0.33195020746884674,0,1.0,1.0,1.0,-1.0,0,EURUSD
9,Tue,-1.0,False,0.14864221057642277,1.0,1.0,1.0,1.0,-1.0,0.262982372558306,-1,-1.0,-1.0,-1.0,1.0,0,EURUSD
3,Wed,1.0,True,1.0870659285355897,1.0,-1.0,-1.0,1.0,1.0,0.03623553095115056,0,-1.0,-1.0,-1.0,0.0,0,EURUSD
9,Wed,-1.0,True,0.7909604519773002,-1.0,1.0,1.0,1.0,1.0,1.4802259887007023,-1,-1.0,-1.0,-1.0,1.0,1,EURUSD
3,Thu,-1.0,True,0.5167464114833207,-1.0,1.0,1.0,-1.0,1.0,0.022966507177183796,1,1.0,1.0,1.0,0.0,0,EURUSD
9,Thu,-1.0,True,0.8566721581549196,-1.0,1.0,1.0,-1.0,1.0,0.5403624382207909,0,1.0,1.0,-1.0,0.0,0,EURUSD
3,Tue,-1.0,False,0.651162790697449,-1.0,-1.0,-1.0,1.0,-1.0,0.26356589147286713,1,1.0,-1.0,1.0,0.0,0,EURUSD
9,Tue,1.0,False,0.7851186658114453,1.0,0.0,-1.0,-1.0,-1.0,0.0,-1,1.0,1.0,1.0,0.0,0,EURUSD
3,Wed,1.0,True,0.5426695842451378,1.0,-1.0,-1.0,-1.0,1.0,0.3676148796499697,1,1.0,1.0,1.0,-1.0,0,EURUSD
9,Wed,1.0,True,2.743350107835994,1.0,1.0,1.0,-1.0,1.0,1.5010783608916674,0,-1.0,-1.0,-1.0,0.0,0,EURUSD
3,Thu,-1.0,False,0.828811050814173,1.0,-1.0,1.0,1.0,-1.0,0.09472126295000341,0,-1.0,-1.0,1.0,0.0,0,EURUSD
9,Thu,1.0,True,1.1199999999999712,1.0,-1.0,-1.0,1.0,-1.0,0.2057142857143633,-1,-1.0,-1.0,-1.0,0.0,0,EURUSD
3,Tue,-1.0,False,0.12541567695968597,1.0,1.0,-1.0,-1.0,1.0,0.18242280285029122,1,1.0,1.0,1.0,0.0,0,EURUSD
9,Tue,-1.0,False,0.26996625421819775,1.0,1.0,-1.0,1.0,1.0,0.0539932508436995,0,1.0,1.0,-1.0,1.0,0,EURUSD
3,Wed,1.0,True,0.8607292289299641,1.0,1.0,1.0,1.0,-1.0,0.4160191273160537,-1,-1.0,-1.0,-1.0,1.0,1,EURUSD
9,Wed,1.0,True,4.355160932297661,1.0,-1.0,-1.0,1.0,-1.0,0.5061043285239333,0,-1.0,-1.0,-1.0,0.0,0,EURUSD
3,Thu,1.0,True,1.0251916757939827,1.0,1.0,-1.0,-1.0,1.0,0.2803943044905788,0,1.0,-1.0,1.0,0.0,0,EURUSD
9,Thu,1.0,False,0.29755301794457123,-1.0,-1.0,-1.0,1.0,1.0,0.9709624796084086,0,-1.0,-1.0,1.0,0.0,0,EURUSD
3,Tue,-1.0,False,0.12471131639743187,1.0,-1.0,-1.0,-1.0,-1.0,0.3325635103926389,1,1.0,1.0,1.0,-1.0,-1,EURUSD
9,Tue,1.0,True,0.9343404997094021,1.0,-1.0,-1.0,1.0,-1.0,0.34863451481708435,0,1.0,1.0,1.0,0.0,0,EURUSD
3,Wed,1.0,False,0.3584229390678974,1.0,1.0,-1.0,-1.0,1.0,0.31541218638008084,0,1.0,1.0,1.0,0.0,0,EURUSD
9,Wed,-1.0,True,1.9659735349714218,-1.0,1.0,1.0,-1.0,1.0,1.0586011342157167,0,1.0,-1.0,-1.0,0.0,0,EURUSD
3,Thu,-1.0,False,0.128945601074675,1.0,-1.0,0.0,1.0,-1.0,0.2095366017460785,1,-1.0,1.0,1.0,0.0,0,EURUSD
9,Thu,-1.0,False,0.015957446808615005,1.0,1.0,1.0,-1.0,-1.0,0.20744680851057776,1,1.0,1.0,1.0,0.0,0,EURUSD
3,Tue,-1.0,False,0.45360824742261646,-1.0,1.0,1.0,-1.0,1.0,0.3573883161511154,0,1.0,1.0,1.0,0.0,0,EURUSD
9,Tue,1.0,False,0.05617320070222249,1.0,1.0,-1.0,-1.0,1.0,0.07021650087754425,0,1.0,1.0,1.0,0.0,0,EURUSD
3,Wed,-1.0,True,1.6017084890549844,-1.0,1.0,1.0,-1.0,-1.0,0.5381740523223131,1,1.0,1.0,1.0,0.0,0,EURUSD
9,Wed,1.0,False,0.08646423057130015,1.0,1.0,1.0,-1.0,-1.0,0.58054554812143,0,1.0,1.0,-1.0,0.0,0,EURUSD
3,Thu,1.0,False,0.5346246973364498,1.0,1.0,1.0,1.0,-1.0,0.5113801452784442,-1,-1.0,-1.0,-1.0,1.0,0,EURUSD
9,Thu,1.0,True,1.4477958236659987,1.0,1.0,1.0,1.0,-1.0,0.9466357308582524,0,-1.0,-1.0,-1.0,1.0,0,EURUSD
3,Tue,-1.0,True,1.6666666666664869,-1.0,1.0,1.0,1.0,1.0,0.9333333333331586,0,-1.0,-1.0,-1.0,1.0,0,EURUSD
9,Tue,1.0,True,1.083060824068157,1.0,1.0,-1.0,-1.0,1.0,0.10987573577504052,1,1.0,1.0,1.0,0.0,0,EURUSD
3,Wed,1.0,False,0.54124629080126,1.0,1.0,1.0,1.0,1.0,0.18516320474772455,-1,-1.0,-1.0,-1.0,1.0,1,EURUSD
9,Wed,1.0,False,0.07920792079201341,1.0,1.0,1.0,-1.0,1.0,2.019801980198101,0,-1.0,-1.0,-1.0,0.0,0,EURUSD
3,Thu,-1.0,False,0.04230938739537088,-1.0,1.0,1.0,1.0,1.0,0.34905244601139873,0,-1.0,-1.0,-1.0,1.0,0,EURUSD
9,Thu,-1.0,False,1.494117647058932,-1.0,-1.0,-1.0,-1.0,1.0,1.2352941176470416,1,1.0,1.0,1.0,-1.0,-1,EURUSD
3,Tue,-1.0,True,8.238067177371818,-1.0,-1.0,-1.0,1.0,0.0,2.404242781378759,1,1.0,1.0,1.0,0.0,-1,GBPUSD
9,Tue,1.0,False,1.4273643158920875,1.0,1.0,1.0,-1.0,0.0,1.4351641208969268,0,1.0,1.0,-1.0,0.0,0,GBPUSD
3,Wed,1.0,False,0.5420883732411769,1.0,1.0,1.0,1.0,-1.0,1.1967415452974755,-1,-1.0,-1.0,-1.0,1.0,1,GBPUSD
9,Wed,1.0,False,0.42248722316862375,-1.0,1.0,1.0,1.0,-1.0,0.2623509369676113,0,-1.0,-1.0,-1.0,1.0,0,GBPUSD
3,Thu,1.0,False,0.47345629510828363,1.0,-1.0,-1.0,-1.0,1.0,0.5966319165999009,1,1.0,1.0,1.0,-1.0,-1,GBPUSD
9,Thu,-1.0,False,0.5024090380461161,-1.0,-1.0,-1.0,-1.0,1.0,3.2656587473002863,1,1.0,1.0,1.0,-1.0,-1,GBPUSD
3,Tue,1.0,True,0.6829581993569319,1.0,-1.0,-1.0,-1.0,1.0,0.8372990353697766,1,1.0,1.0,1.0,-1.0,-1,GBPUSD
9,Tue,1.0,False,0.7547169811320413,1.0,1.0,-1.0,-1.0,1.0,0.40387557368691535,1,1.0,1.0,1.0,0.0,0,GBPUSD
3,Wed,-1.0,True,1.4221867517957458,-1.0,-1.0,-1.0,1.0,-1.0,0.24421388667199034,-1,-1.0,1.0,1.0,0.0,0,GBPUSD
9,Wed,1.0,True,2.142857142857051,1.0,-1.0,-1.0,-1.0,-1.0,0.4084033613445218,1,1.0,1.0,1.0,-1.0,0,GBPUSD
3,Thu,-1.0,False,0.3819095477387387,1.0,1.0,-1.0,-1.0,-1.0,0.1407035175879681,1,-1.0,1.0,1.0,0.0,0,GBPUSD
9,Thu,-1.0,True,4.3885505481119935,-1.0,1.0,1.0,-1.0,-1.0,3.7417783191229392,0,-1.0,-1.0,-1.0,0.0,1,GBPUSD
3,Tue,-1.0,False,0.05945121951217833,-1.0,1.0,1.0,-1.0,-1.0,1.9664634146341298,-1,-1.0,-1.0,-1.0,0.0,1,GBPUSD
9,Tue,1.0,True,1.7926473448745548,1.0,-1.0,-1.0,1.0,-1.0,0.27076444271543454,0,-1.0,-1.0,-1.0,0.0,0,GBPUSD
3,Wed,1.0,True,0.9806714140386661,1.0,1.0,1.0,1.0,1.0,0.9684638860630915,-1,-1.0,-1.0,-1.0,1.0,1,GBPUSD
9,Wed,1.0,False,0.6414676577573852,-1.0,1.0,1.0,1.0,1.0,0.9716906531709285,-1,-1.0,-1.0,-1.0,1.0,1,GBPUSD
3,Thu,-1.0,False,0.16647398843925376,1.0,1.0,1.0,-1.0,1.0,0.23781998348469852,1,1.0,-1.0,1.0,0.0,0,GBPUSD
9,Thu,1.0,False,0.15848652507584549,1.0,1.0,-1.0,1.0,1.0,0.7024808138497655,0,-1.0,-1.0,-1.0,1.0,0,GBPUSD
3,Tue,-1.0,False,0.6133388738832621,-1.0,1.0,1.0,1.0,-1.0,0.10471639310203656,-1,-1.0,-1.0,-1.0,1.0,0,GBPUSD
9,Tue,-1.0,True,1.1804701627485548,1.0,1.0,-1.0,-1.0,-1.0,0.19095840867992317,1,1.0,1.0,1.0,0.0,0,GBPUSD
3,Wed,-1.0,False,0.04034969737735453,-1.0,-1.0,-1.0,-1.0,-1.0,0.49630127774043936,0,1.0,1.0,1.0,-1.0,0,GBPUSD
9,Wed,1.0,True,1.9499709133217669,1.0,-1.0,1.0,1.0,-1.0,0.7073880162885253,0,1.0,1.0,-1.0,0.0,0,GBPUSD
3,Thu,-1.0,False,0.6932084309133238,-1.0,1.0,1.0,-1.0,1.0,0.3231850117096436,1,-1.0,-1.0,-1.0,0.0,0,GBPUSD
9,Thu,-1.0,False,0.7960350743423978,-1.0,-1.0,1.0,-1.0,1.0,0.12809759817006205,1,1.0,1.0,1.0,-1.0,0,GBPUSD
3,Tue,-1.0,True,2.2572850035536605,-1.0,1.0,1.0,-1.0,-1.0,0.18194740582805724,0,-1.0,-1.0,1.0,0.0,0,GBPUSD
9,Tue,-1.0,False,0.21502412129559853,-1.0,1.0,-1.0,-1.0,-1.0,1.1026878015162007,1,1.0,1.0,1.0,0.0,0,GBPUSD
3,Wed,1.0,False,0.028429282160685385,-1.0,-1.0,1.0,1.0,-1.0,0.15920398009953515,0,-1.0,-1.0,-1.0,0.0,0,GBPUSD
9,Wed,1.0,False,0.07106899615042091,-1.0,1.0,1.0,1.0,-1.0,1.0376073437962716,-1,-1.0,-1.0,-1.0,1.0,1,GBPUSD
3,Thu,-1.0,False,0.11709601873540171,-1.0,-1.0,-1.0,-1.0,1.0,0.5011709601873071,0,1.0,1.0,1.0,-1.0,0,GBPUSD
9,Thu,-1.0,False,0.9312747643120453,-1.0,1.0,-1.0,-1.0,1.0,0.2852848749828958,0,1.0,1.0,1.0,0.0,0,GBPUSD
3,Tue,-1.0,False,0.04325190228270224,-1.0,-1.0,-1.0,1.0,-1.0,0.941930316379738,1,-1.0,1.0,1.0,0.0,-1,GBPUSD
9,Tue,-1.0,False,0.13338822560724006,1.0,-1.0,-1.0,-1.0,-1.0,0.32111980238782856,1,1.0,1.0,1.0,-1.0,0,GBPUSD
3,Wed,-1.0,True,0.44413290340669503,1.0,1.0,1.0,-1.0,0.0,1.7765316136267801,0,0.0,-1.0,-1.0,0.0,1,GBPUSD
9,Wed,-1.0,False,0.535619272834805,-1.0,-1.0,-1.0,1.0,0.0,0.17735737511090743,0,0.0,-1.0,-1.0,0.0,0,GBPUSD
3,Thu,1.0,True,1.649655172413816,1.0,-1.0,1.0,1.0,0.0,0.18206896551720866,-1,-1.0,-1.0,-1.0,0.0,0,GBPUSD
9,Thu,-1.0,True,0.866481521042488,-1.0,1.0,1.0,1.0,0.0,1.6099124118777473,-1,-1.0,-1.0,-1.0,1.0,1,GBPUSD
3,Tue,1.0,True,1.8391386953768438,1.0,-1.0,-1.0,-1.0,1.0,0.3293223559214914,-1,-1.0,1.0,1.0,-1.0,0,GBPUSD
9,Tue,-1.0,False,1.0817149138879263,-1.0,-1.0,1.0,1.0,1.0,0.052766581165314706,-1,-1.0,-1.0,-1.0,0.0,0,GBPUSD
3,Wed,1.0,False,0.5684210526315364,1.0,-1.0,-1.0,-1.0,1.0,1.8581717451524162,1,1.0,1.0,1.0,-1.0,-1,GBPUSD
9,Wed,-1.0,True,0.8154992548435392,-1.0,-1.0,-1.0,-1.0,1.0,1.0658718330849426,1,1.0,1.0,1.0,-1.0,-1,GBPUSD
3,Thu,1.0,False,0.14767853813161697,1.0,1.0,1.0,-1.0,-1.0,0.5101622226365492,0,-1.0,1.0,-1.0,0.0,0,GBPUSD
9,Thu,-1.0,False,0.2709010904916172,1.0,-1.0,-1.0,1.0,-1.0,2.263631145972878,1,1.0,1.0,1.0,0.0,-1,GBPUSD
3,Tue,-1.0,False,0.6296603148301565,1.0,-1.0,-1.0,-1.0,1.0,0.8152444076222397,1,1.0,1.0,1.0,-1.0,0,GBPUSD
3,Wed,-1.0,True,1.5664041994750817,-1.0,1.0,1.0,1.0,0.0,0.20577427821517394,0,-1.0,-1.0,1.0,1.0,0,GBPUSD
3,Thu,-1.0,True,1.426552984165657,-1.0,-1.0,-1.0,1.0,-1.0,0.35663824604141425,0,-1.0,1.0,-1.0,0.0,0,GBPUSD
3,Tue,1.0,True,2.5656892172707786,1.0,-1.0,-1.0,-1.0,0.0,0.5319787577926952,1,0.0,1.0,1.0,-1.0,-1,GBPUSD
3,Wed,1.0,False,0.08010995483997786,-1.0,1.0,1.0,1.0,0.0,1.2204987237385048,-1,0.0,-1.0,-1.0,1.0,1,GBPUSD
3,Thu,1.0,False,0.5390374331551007,-1.0,-1.0,-1.0,-1.0,0.0,0.25240641711233996,1,0.0,1.0,1.0,-1.0,-1,GBPUSD
3,Tue,-1.0,True,1.3870519588775132,-1.0,1.0,1.0,1.0,0.0,0.9135871075299269,-1,0.0,-1.0,-1.0,1.0,1,GBPUSD
3,Wed,1.0,True,0.7127071823204506,1.0,-1.0,1.0,1.0,0.0,0.3259668508286572,0,1.0,-1.0,-1.0,0.0,0,GBPUSD
3,Thu,1.0,False,1.0879120879120416,1.0,-1.0,-1.0,1.0,0.0,0.3758241758241492,0,-1.0,1.0,-1.0,0.0,0,GBPUSD
3,Tue,-1.0,False,0.4436785210715806,-1.0,1.0,1.0,-1.0,0.0,0.23311922293594778,-1,1.0,-1.0,-1.0,0.0,0,GBPUSD
3,Wed,1.0,False,0.12209688122094185,1.0,-1.0,-1.0,1.0,-1.0,0.13271400132718245,0,1.0,1.0,1.0,0.0,0,GBPUSD
3,Thu,1.0,True,0.8989881058051085,1.0,1.0,-1.0,1.0,-1.0,0.07243032132079029,0,1.0,1.0,-1.0,1.0,0,GBPUSD
3,Tue,-1.0,True,0.9711684370258431,-1.0,-1.0,-1.0,-1.0,0.0,0.44309559939296594,1,1.0,1.0,1.0,-1.0,0,GBPUSD
3,Wed,1.0,True,2.051969823973258,1.0,1.0,-1.0,1.0,0.0,0.013411567476888086,0,1.0,1.0,-1.0,1.0,0,GBPUSD
9,Wed,-1.0,True,1.912552891396354,0.0,1.0,0.0,1.0,0.0,0.03949224259508781,0,0.0,-1.0,-1.0,1.0,0,GBPUSD
3,Thu,-1.0,False,0.6709463657071801,-1.0,-1.0,1.0,1.0,0.0,0.019879892317270217,-1,0.0,-1.0,-1.0,0.0,0,GBPUSD
3,Tue,1.0,False,0.42869104102704914,-1.0,1.0,-1.0,1.0,0.0,0.0066982975160917975,0,-1.0,-1.0,-1.0,1.0,0,GBPUSD
3,Wed,1.0,True,0.7032967032968012,1.0,-1.0,-1.0,-1.0,0.0,1.0076077768385332,1,-1.0,1.0,1.0,-1.0,-1,GBPUSD
3,Thu,1.0,True,1.0345399281569485,1.0,1.0,1.0,-1.0,0.0,0.6963249516440942,-1,0.0,-1.0,-1.0,0.0,1,GBPUSD
3,Tue,1.0,True,1.3607328546670738,1.0,-1.0,-1.0,-1.0,0.0,0.5585540975488642,1,0.0,1.0,1.0,-1.0,0,GBPUSD
9,Tue,-1.0,False,0.4995836802663934,0.0,-1.0,0.0,1.0,0.0,1.15903413821821,0,0.0,-1.0,-1.0,0.0,0,GBPUSD
3,Wed,-1.0,True,0.40362912148698404,-1.0,1.0,1.0,-1.0,0.0,0.361141845541054,1,1.0,1.0,1.0,0.0,0,GBPUSD
3,Thu,1.0,True,0.7327383748237716,1.0,1.0,1.0,-1.0,0.0,0.21982151244709391,0,1.0,-1.0,1.0,0.0,0,GBPUSD
9,Thu,-1.0,True,2.47970479704803,0.0,1.0,0.0,1.0,0.0,1.015845452572238,0,0.0,-1.0,-1.0,1.0,0,GBPUSD
3,Tue,-1.0,False,0.2766570605186983,1.0,1.0,1.0,1.0,-1.0,0.9268011527376702,-1,-1.0,-1.0,-1.0,1.0,1,GBPUSD
9,Tue,1.0,False,0.22986247544197688,0.0,-1.0,0.0,1.0,-1.0,1.361493123772112,-1,-1.0,-1.0,-1.0,0.0,0,GBPUSD
3,Wed,-1.0,False,0.8143121529918933,-1.0,1.0,1.0,1.0,-1.0,0.42196175200507097,-1,-1.0,-1.0,-1.0,1.0,1,GBPUSD
3,Thu,1.0,False,0.2262895174708866,1.0,-1.0,-1.0,1.0,0.0,0.32612312811986804,1,-1.0,1.0,1.0,0.0,0,GBPUSD
3,Tue,1.0,True,1.1537171604247973,1.0,1.0,1.0,1.0,-1.0,0.5299049748463365,-1,-1.0,-1.0,-1.0,1.0,1,GBPUSD
3,Wed,1.0,True,3.4458641560187893,1.0,-1.0,-1.0,-1.0,-1.0,0.5487558843308729,0,-1.0,1.0,1.0,-1.0,0,GBPUSD
3,Thu,1.0,False,0.16622880343915808,-1.0,1.0,1.0,-1.0,0.0,0.3955099116311529,0,1.0,-1.0,-1.0,0.0,0,GBPUSD
3,Tue,-1.0,False,0.35614778921872137,-1.0,0.0,-1.0,-1.0,0.0,0.0,1,1.0,1.0,1.0,0.0,0,GBPUSD
3,Wed,1.0,True,1.0145016970071572,1.0,1.0,1.0,1.0,-1.0,0.24436902190677348,-1,-1.0,-1.0,-1.0,1.0,1,GBPUSD
3,Thu,-1.0,False,0.5820078226858548,-1.0,1.0,1.0,1.0,1.0,0.5444589308997065,-1,-1.0,-1.0,-1.0,1.0,1,GBPUSD
3,Tue,1.0,False,0.40366972477050317,-1.0,-1.0,-1.0,1.0,0.0,0.022018348623833773,0,0.0,1.0,1.0,0.0,0,GBPUSD
3,Wed,1.0,True,0.9282891022022088,1.0,1.0,-1.0,1.0,0.0,0.10163749294190479,0,-1.0,-1.0,-1.0,1.0,0,GBPUSD
3,Thu,-1.0,False,0.8142270861834089,-1.0,1.0,1.0,1.0,1.0,0.17072503419968119,0,-1.0,1.0,-1.0,1.0,0,GBPUSD
3,Tue,1.0,True,1.8713450292397715,-1.0,1.0,-1.0,-1.0,-1.0,0.1403508771928634,0,1.0,-1.0,-1.0,0.0,0,GBPUSD
3,Wed,1.0,True,0.590567327409489,1.0,-1.0,-1.0,1.0,1.0,0.27887901572113244,1,1.0,1.0,1.0,0.0,0,GBPUSD
3,Thu,-1.0,True,2.573389996730964,-1.0,1.0,1.0,-1.0,1.0,0.392285060477244,0,1.0,-1.0,1.0,0.0,0,GBPUSD
3,Tue,-1.0,True,2.5838333921638252,1.0,-1.0,-1.0,-1.0,0.0,1.3893399223437133,1,0.0,1.0,1.0,-1.0,-1,GBPUSD
3,Wed,-1.0,True,0.6789431545236679,-1.0,-1.0,-1.0,-1.0,0.0,0.8903122497998546,1,0.0,1.0,1.0,-1.0,-1,GBPUSD
3,Thu,-1.0,False,0.5769549599336319,-1.0,-1.0,-1.0,-1.0,0.0,0.39789997236815905,1,1.0,1.0,1.0,-1.0,-1,GBPUSD
3,Tue,1.0,False,0.30654205607478435,-1.0,-1.0,-1.0,1.0,-1.0,0.4336448598131055,1,1.0,1.0,1.0,0.0,0,GBPUSD
3,Wed,1.0,False,0.9087779690189447,-1.0,1.0,1.0,1.0,-1.0,0.08261617900165276,-1,-1.0,-1.0,-1.0,1.0,0,GBPUSD
3,Thu,1.0,False,0.4651162790697839,1.0,1.0,1.0,-1.0,0.0,0.3009575923392934,0,1.0,1.0,1.0,0.0,0,GBPUSD
3,Tue,1.0,True,1.2895522388061058,1.0,-1.0,-1.0,1.0,0.0,2.0537313432834186,1,0.0,1.0,1.0,0.0,-1,GBPUSD
3,Wed,-1.0,True,1.175838926174434,-1.0,1.0,1.0,-1.0,0.0,0.2684563758388928,1,1.0,-1.0,1.0,0.0,0,GBPUSD
3,Thu,1.0,True,0.7626666666665683,-1.0,-1.0,-1.0,-1.0,1.0,0.373333333333291,1,1.0,1.0,1.0,-1.0,-1,GBPUSD
3,Tue,-1.0,False,0.37117228580278694,-1.0,-1.0,1.0,1.0,0.0,0.2895143829261606,-1,0.0,-1.0,-1.0,0.0,0,GBPUSD
3,Wed,-1.0,True,1.1075548939338915,-1.0,-1.0,-1.0,-1.0,0.0,0.48232229251953396,1,1.0,1.0,1.0,-1.0,0,GBPUSD
3,Thu,1.0,False,0.10405698358627138,1.0,-1.0,-1.0,1.0,1.0,0.6094766181480666,-1,-1.0,1.0,1.0,0.0,0,GBPUSD
3,Tue,1.0,True,3.0788544527264485,1.0,-1.0,-1.0,1.0,0.0,0.16006276971361638,-1,-1.0,-1.0,-1.0,0.0,0,GBPUSD
3,Wed,1.0,False,0.2956058588548491,1.0,-1.0,-1.0,1.0,0.0,0.8149134487350469,1,-1.0,1.0,1.0,0.0,0,GBPUSD
3,Thu,-1.0,False,0.13647441104795546,1.0,1.0,1.0,-1.0,0.0,0.8058489033305579,0,1.0,-1.0,1.0,0.0,0,GBPUSD
3,Tue,-1.0,False,0.31187669990945444,1.0,1.0,-1.0,-1.0,0.0,0.20308250226659155,1,1.0,1.0,1.0,0.0,0,GBPUSD
3,Wed,1.0,False,1.433211105290787,-1.0,-1.0,1.0,1.0,0.0,0.22629649030901286,0,0.0,-1.0,1.0,0.0,0,GBPUSD
3,Thu,-1.0,False,0.39091534755689283,1.0,-1.0,-1.0,-1.0,0.0,0.31383344803863916,1,1.0,1.0,1.0,-1.0,-1,GBPUSD
3,Tue,1.0,True,1.3522167487684598,1.0,1.0,1.0,1.0,0.0,0.007389162561624698,-1,0.0,-1.0,-1.0,1.0,0,GBPUSD
3,Wed,-1.0,False,0.3929740994343862,1.0,1.0,-1.0,-1.0,0.0,0.28579934504313226,0,1.0,1.0,1.0,0.0,0,GBPUSD
9,Wed,-1.0,True,1.4596632319678768,0.0,-1.0,0.0,-1.0,0.0,1.8517215380749605,1,1.0,1.0,1.0,-1.0,-1,GBPUSD
3,Thu,1.0,True,0.6341072858286945,1.0,1.0,-1.0,-1.0,-1.0,0.3138510808646154,1,1.0,1.0,1.0,0.0,0,GBPUSD
3,Tue,1.0,True,1.3842058562554853,1.0,1.0,-1.0,-1.0,0.0,0.028393966282036092,1,0.0,1.0,1.0,0.0,0,GBPUSD
3,Wed,-1.0,False,0.1078431372549571,1.0,-1.0,-1.0,-1.0,0.0,0.058823529411715626,1,0.0,1.0,1.0,-1.0,0,GBPUSD
3,Thu,1.0,True,0.5396536007292311,1.0,1.0,1.0,1.0,0.0,0.40109389243394483,0,-1.0,-1.0,-1.0,1.0,0,GBPUSD
3,Tue,1.0,True,1.797513321491967,1.0,-1.0,-1.0,1.0,0.0,0.7246891651865222,-1,0.0,1.0,1.0,0.0,0,GBPUSD
3,Wed,-1.0,False,0.6786786786787279,-1.0,-1.0,-1.0,1.0,0.0,0.6786786786787279,0,-1.0,1.0,-1.0,0.0,0,GBPUSD
3,Thu,1.0,True,1.2801625603251252,1.0,-1.0,-1.0,1.0,1.0,1.0302260604521105,0,1.0,1.0,1.0,0.0,0,GBPUSD
3,Tue,-1.0,False,0.01419698314117529,1.0,-1.0,-1.0,1.0,0.0,0.3904170363797986,-1,0.0,-1.0,-1.0,0.0,0,GBPUSD
3,Wed,-1.0,True,3.9629629629628806,-1.0,1.0,1.0,-1.0,0.0,0.6543209876543582,0,0.0,-1.0,-1.0,0.0,0,GBPUSD
3,Thu,-1.0,True,1.194267515923561,-1.0,-1.0,-1.0,1.0,0.0,0.2866242038216292,1,0.0,1.0,1.0,0.0,0,GBPUSD
3,Tue,1.0,True,0.7095965923327299,1.0,1.0,1.0,1.0,-1.0,0.6073665747932631,-1,1.0,0.0,-1.0,1.0,0,GBPUSD
3,Wed,-1.0,True,0.6813880126183467,1.0,1.0,1.0,-1.0,0.0,0.880986521365058,-1,0.0,-1.0,-1.0,0.0,1,GBPUSD
3,Thu,1.0,False,0.5073746312684931,1.0,-1.0,-1.0,1.0,0.0,0.9380530973451353,0,0.0,1.0,1.0,0.0,0,GBPUSD
3,Tue,1.0,False,0.44661378889565817,-1.0,-1.0,1.0,-1.0,-1.0,0.4246491763268754,0,1.0,-1.0,1.0,-1.0,0,GBPUSD
9,Tue,-1.0,True,1.4101140017538807,-1.0,-1.0,-1.0,-1.0,-1.0,1.1365097924582819,1,1.0,1.0,1.0,-1.0,-1,GBPUSD
3,Wed,1.0,False,0.08529542425585435,1.0,-1.0,-1.0,-1.0,-1.0,0.3145268769435147,0,1.0,1.0,1.0,-1.0,0,GBPUSD
9,Wed,-1.0,True,2.057733735458802,-1.0,-1.0,-1.0,1.0,-1.0,0.9771650150796864,0,1.0,1.0,1.0,0.0,0,GBPUSD
3,Thu,-1.0,True,0.9849521203830447,-1.0,1.0,-1.0,-1.0,-1.0,0.42681258549931533,1,1.0,1.0,1.0,0.0,0,GBPUSD
9,Thu,1.0,False,1.2392589672842307,1.0,-1.0,-1.0,-1.0,-1.0,0.6574694521087937,1,1.0,1.0,1.0,-1.0,0,GBPUSD
3,Tue,-1.0,False,0.04870977094811112,-1.0,-1.0,1.0,-1.0,1.0,0.2992171643955839,0,1.0,1.0,1.0,-1.0,0,GBPUSD
9,Tue,1.0,False,0.01315789473692836,-1.0,-1.0,-1.0,-1.0,1.0,1.5460526315790029,1,1.0,1.0,1.0,-1.0,-1,GBPUSD
3,Wed,1.0,True,0.9235702832709046,1.0,1.0,1.0,1.0,-1.0,0.15392838054517452,-1,-1.0,-1.0,-1.0,1.0,0,GBPUSD
9,Wed,-1.0,False,0.3198223209328396,1.0,-1.0,1.0,-1.0,-1.0,0.06662965019432926,1,1.0,1.0,1.0,-1.0,0,GBPUSD
3,Thu,1.0,True,0.692033293697925,1.0,1.0,1.0,-1.0,-1.0,0.7633769322234827,-1,-1.0,-1.0,-1.0,0.0,0,GBPUSD
9,Thu,1.0,False,1.3070017953322648,1.0,-1.0,1.0,1.0,-1.0,0.5170556552962754,-1,-1.0,-1.0,-1.0,0.0,0,GBPUSD
3,Tue,1.0,True,1.4550264550264618,1.0,-1.0,-1.0,1.0,-1.0,0.03174603174600455,0,-1.0,-1.0,1.0,0.0,0,GBPUSD
9,Tue,1.0,False,0.43602628527248805,1.0,-1.0,-1.0,1.0,-1.0,0.15771163509857264,0,-1.0,-1.0,-1.0,0.0,0,GBPUSD
3,Wed,1.0,True,0.9538188277086912,1.0,1.0,1.0,1.0,1.0,0.026642984014147778,-1,-1.0,-1.0,-1.0,1.0,1,GBPUSD
9,Wed,-1.0,True,1.1540195341849158,1.0,-1.0,-1.0,1.0,1.0,0.012021036814370596,0,-1.0,-1.0,-1.0,0.0,0,GBPUSD
3,Thu,1.0,True,0.9693251533741798,1.0,1.0,1.0,-1.0,1.0,0.05521472392633336,0,-1.0,-1.0,-1.0,0.0,0,GBPUSD
9,Thu,1.0,False,0.4682080924855361,1.0,1.0,1.0,1.0,1.0,0.7630057803468138,-1,-1.0,-1.0,-1.0,1.0,1,GBPUSD
3,Tue,1.0,False,0.8368876080691247,1.0,-1.0,-1.0,1.0,1.0,0.0069164265130136635,0,-1.0,-1.0,-1.0,0.0,0,GBPUSD
9,Tue,-1.0,True,1.6410256410257578,-1.0,1.0,-1.0,-1.0,1.0,0.10940170940166657,1,-1.0,1.0,1.0,0.0,0,GBPUSD
3,Wed,1.0,False,0.02756244616712461,-1.0,1.0,1.0,1.0,-1.0,0.07579672695955443,-1,-1.0,-1.0,-1.0,1.0,1,GBPUSD
9,Wed,1.0,False,0.0927483518981611,1.0,-1.0,-1.0,-1.0,-1.0,0.03273471243473773,1,1.0,1.0,1.0,-1.0,0,GBPUSD
3,Thu,-1.0,True,0.9853241686792109,-1.0,1.0,1.0,1.0,-1.0,0.24521642206950434,0,-1.0,-1.0,-1.0,1.0,0,GBPUSD
9,Thu,-1.0,True,1.1118130132659503,-1.0,-1.0,-1.0,-1.0,-1.0,1.35944409349342,1,1.0,1.0,1.0,-1.0,-1,GBPUSD
3,Tue,-1.0,False,0.8499156829679444,-1.0,0.0,-1.0,1.0,1.0,0.0,0,-1.0,1.0,-1.0,0.0,0,GBPUSD
9,Tue,-1.0,True,1.0293282876064431,-1.0,-1.0,-1.0,-1.0,1.0,0.24976348155151398,1,1.0,1.0,1.0,-1.0,0,GBPUSD
3,Wed,1.0,False,0.34034766697167174,1.0,1.0,-1.0,-1.0,1.0,0.0988106129916813,1,1.0,1.0,1.0,0.0,0,GBPUSD
9,Wed,1.0,True,3.0380422691879843,1.0,-1.0,-1.0,1.0,1.0,0.4057842046719094,0,-1.0,-1.0,-1.0,0.0,0,GBPUSD
3,Thu,-1.0,True,0.8059486687455544,-1.0,-1.0,-1.0,1.0,1.0,0.4144878867833111,0,1.0,1.0,1.0,0.0,0,GBPUSD
9,Thu,1.0,False,0.25416036308628687,-1.0,1.0,-1.0,-1.0,1.0,0.06656580937962663,1,1.0,1.0,1.0,0.0,0,GBPUSD
3,Tue,-1.0,True,2.8875154511741803,-1.0,-1.0,-1.0,-1.0,1.0,1.2954264524103412,1,1.0,1.0,1.0,-1.0,0,GBPUSD
9,Tue,1.0,True,1.9413399197283923,1.0,-1.0,-1.0,-1.0,1.0,0.4149428836061439,0,1.0,1.0,1.0,-1.0,0,GBPUSD
3,Wed,-1.0,True,1.0362502886169644,-1.0,1.0,1.0,1.0,-1.0,0.7259293465711846,-1,-1.0,-1.0,-1.0,1.0,1,GBPUSD
9,Wed,-1.0,False,0.6182096403978239,-1.0,1.0,1.0,-1.0,-1.0,0.856924254016865,0,-1.0,1.0,1.0,0.0,0,GBPUSD
3,Thu,-1.0,False,0.9554740701938114,-1.0,-1.0,-1.0,-1.0,-1.0,0.08171817705616811,0,1.0,1.0,1.0,-1.0,0,GBPUSD
9,Thu,1.0,False,0.09226037929272947,-1.0,1.0,-1.0,-1.0,-1.0,0.33828805740649265,0,1.0,1.0,1.0,0.0,0,GBPUSD
3,Tue,1.0,False,0.3245436105476298,-1.0,-1.0,-1.0,-1.0,1.0,0.19472616632861392,0,1.0,1.0,1.0,-1.0,0,GBPUSD
9,Tue,-1.0,False,0.15681615681623515,-1.0,1.0,1.0,-1.0,1.0,0.11404811404807029,1,1.0,1.0,1.0,0.0,0,GBPUSD
3,Wed,-1.0,True,2.5295281152868094,-1.0,-1.0,-1.0,1.0,-1.0,0.5493077140436499,0,1.0,-1.0,1.0,0.0,0,GBPUSD
9,Wed,1.0,False,0.8805517241379689,1.0,-1.0,1.0,-1.0,-1.0,0.3310344827585852,0,1.0,1.0,-1.0,-1.0,0,GBPUSD
3,Thu,-1.0,True,0.3073341094296035,-1.0,-1.0,1.0,1.0,-1.0,0.1117578579743787,-1,-1.0,-1.0,-1.0,0.0,0,GBPUSD
9,Thu,-1.0,True,2.3281667557456456,-1.0,1.0,1.0,-1.0,-1.0,0.8722608230891479,0,1.0,1.0,1.0,0.0,0,GBPUSD
3,Tue,1.0,False,0.008321775312121036,1.0,1.0,1.0,-1.0,-1.0,0.03328710124829936,1,1.0,-1.0,1.0,0.0,0,GBPUSD
9,Tue,-1.0,False,0.5287435456109775,-1.0,1.0,1.0,1.0,-1.0,1.3714285714285244,-1,-1.0,-1.0,-1.0,1.0,1,GBPUSD
3,Wed,-1.0,True,2.6302551203736093,-1.0,-1.0,-1.0,-1.0,1.0,0.23284225655765747,0,1.0,1.0,1.0,-1.0,0,GBPUSD
9,Wed,1.0,True,0.6273509722665181,1.0,1.0,-1.0,-1.0,1.0,0.2295186483901523,0,1.0,1.0,-1.0,0.0,0,GBPUSD
3,Thu,1.0,False,0.38685678859268285,-1.0,-1.0,-1.0,-1.0,-1.0,0.03471791692499142,0,1.0,-1.0,1.0,-1.0,0,GBPUSD
9,Thu,-1.0,False,0.04532577903682216,-1.0,-1.0,-1.0,-1.0,-1.0,1.4141643059490125,1,1.0,1.0,1.0,-1.0,-1,GBPUSD
3,Tue,-1.0,True,2.041229909154436,-1.0,-1.0,-1.0,-1.0,-1.0,0.7313067784765661,0,1.0,-1.0,1.0,-1.0,0,GBPUSD
9,Tue,1.0,True,1.0676982591875857,1.0,-1.0,-1.0,-1.0,-1.0,0.6344294003868884,0,1.0,1.0,1.0,-1.0,0,GBPUSD
3,Wed,1.0,True,0.6342648845687497,1.0,-1.0,1.0,-1.0,-1.0,0.1166464155528084,1,1.0,1.0,1.0,-1.0,0,GBPUSD
9,Wed,1.0,False,0.46481601032918335,1.0,-1.0,-1.0,-1.0,-1.0,0.24015493867012966,1,1.0,1.0,1.0,-1.0,0,GBPUSD
3,Thu,-1.0,True,1.2248908296943481,1.0,1.0,1.0,1.0,-1.0,0.30786026200871425,-1,-1.0,-1.0,-1.0,1.0,0,GBPUSD
9,Thu,-1.0,True,1.650588506808203,-1.0,1.0,1.0,1.0,-1.0,0.4541887837526192,-1,-1.0,-1.0,-1.0,1.0,1,GBPUSD
3,Tue,1.0,True,1.2637883703519444,1.0,-1.0,-1.0,-1.0,-1.0,0.017968555028684875,0,1.0,1.0,1.0,-1.0,0,GBPUSD
9,Tue,1.0,False,0.5035823950869053,1.0,1.0,-1.0,-1.0,-1.0,0.571136131013382,1,1.0,1.0,1.0,0.0,0,GBPUSD
3,Wed,-1.0,True,1.2247804414905654,1.0,-1.0,1.0,1.0,-1.0,0.36458580583905853,0,1.0,-1.0,-1.0,0.0,0,GBPUSD
9,Wed,1.0,True,2.6000430755976445,1.0,-1.0,-1.0,1.0,-1.0,0.19642472539309203,-1,-1.0,-1.0,-1.0,0.0,0,GBPUSD
3,Thu,-1.0,True,0.6963684013478824,-1.0,-1.0,-1.0,1.0,1.0,0.08086858854354782,0,-1.0,1.0,-1.0,0.0,0,GBPUSD
9,Thu,-1.0,False,0.9090160559901372,1.0,1.0,1.0,-1.0,1.0,0.508851379168417,0,1.0,1.0,-1.0,0.0,0,GBPUSD
3,Tue,-1.0,False,0.40050568900119343,1.0,1.0,-1.0,-1.0,1.0,0.012136536030286114,1,1.0,1.0,1.0,0.0,0,GBPUSD
9,Tue,1.0,True,0.5474189675870302,1.0,-1.0,-1.0,1.0,1.0,1.0199279711884883,0,1.0,-1.0,1.0,0.0,0,GBPUSD
3,Wed,-1.0,False,0.02417527071269066,-1.0,-1.0,-1.0,1.0,1.0,0.3686728783681635,0,-1.0,1.0,1.0,0.0,0,GBPUSD
9,Wed,1.0,False,1.5685367264315553,1.0,-1.0,1.0,-1.0,1.0,0.1457489878541259,0,-1.0,1.0,-1.0,-1.0,0,GBPUSD
3,Thu,1.0,False,0.07026883151439861,-1.0,1.0,1.0,1.0,1.0,0.22997072132028845,-1,-1.0,-1.0,-1.0,1.0,0,GBPUSD
9,Thu,-1.0,True,3.2966675697643564,-1.0,1.0,1.0,-1.0,1.0,1.2029260363046013,0,-1.0,1.0,-1.0,0.0,0,GBPUSD
3,Tue,-1.0,True,1.7428571428571489,-1.0,-1.0,-1.0,-1.0,1.0,0.17857142857148897,1,1.0,1.0,1.0,-1.0,0,GBPUSD
9,Tue,-1.0,True,2.8350571584104594,-1.0,1.0,1.0,-1.0,1.0,1.7441480675013288,0,1.0,1.0,-1.0,0.0,0,GBPUSD
3,Wed,1.0,False,0.5540453074433148,1.0,1.0,1.0,-1.0,-1.0,0.1449838187702562,-1,1.0,-1.0,-1.0,0.0,0,GBPUSD
9,Wed,-1.0,False,0.6685981724983148,-1.0,1.0,-1.0,1.0,-1.0,0.4065076888790343,0,-1.0,-1.0,1.0,1.0,0,GBPUSD
3,Thu,1.0,True,0.8891159938681519,-1.0,-1.0,-1.0,-1.0,-1.0,0.4108329075116092,1,1.0,1.0,1.0,-1.0,-1,GBPUSD
9,Thu,1.0,True,1.2782193958663752,1.0,1.0,1.0,-1.0,-1.0,0.019077901430826667,0,1.0,1.0,-1.0,0.0,0,GBPUSD
3,Tue,1.0,True,0.728631480616581,-1.0,1.0,1.0,1.0,1.0,0.36992059785153136,0,-1.0,-1.0,-1.0,1.0,0,GBPUSD
9,Tue,-1.0,True,0.8195121951220082,-1.0,1.0,-1.0,-1.0,1.0,0.3991130820399291,1,1.0,1.0,1.0,0.0,0,GBPUSD
3,Wed,-1.0,True,0.5222998387964711,-1.0,-1.0,-1.0,1.0,-1.0,0.36754433100480743,-1,-1.0,1.0,-1.0,0.0,0,GBPUSD
9,Wed,1.0,True,0.8924108503505018,1.0,-1.0,-1.0,-1.0,-1.0,0.38037183785420575,0,1.0,1.0,1.0,-1.0,0,GBPUSD
3,Thu,-1.0,False,0.23414634146342359,1.0,-1.0,-1.0,-1.0,-1.0,0.006886657101910374,1,1.0,1.0,1.0,-1.0,0,GBPUSD
9,Thu,1.0,True,2.757566852776915,1.0,1.0,-1.0,-1.0,-1.0,0.7264178665883795,0,1.0,-1.0,-1.0,0.0,0,GBPUSD
3,Tue,1.0,False,0.4571428571428907,1.0,1.0,1.0,-1.0,1.0,0.05714285714294945,0,1.0,-1.0,1.0,0.0,0,GBPUSD
9,Tue,-1.0,True,1.381342062193004,-1.0,-1.0,-1.0,1.0,1.0,1.3420621931259347,0,1.0,-1.0,1.0,0.0,0,GBPUSD
3,Wed,1.0,False,0.3503649635035898,-1.0,1.0,1.0,-1.0,-1.0,0.6882168925965306,0,1.0,-1.0,-1.0,0.0,0,GBPUSD
9,Wed,-1.0,True,0.9815126050420508,1.0,-1.0,-1.0,-1.0,-1.0,0.25546218487398703,1,1.0,1.0,1.0,-1.0,-1,GBPUSD
3,Thu,-1.0,True,0.5201716738197124,-1.0,-1.0,1.0,1.0,-1.0,0.1287553648069082,0,-1.0,1.0,1.0,0.0,0,GBPUSD
9,Thu,-1.0,False,0.7823920265780981,-1.0,1.0,1.0,1.0,-1.0,1.0415282392027172,-1,-1.0,-1.0,-1.0,1.0,1,GBPUSD
3,Tue,1.0,True,0.8020565552698349,-1.0,-1.0,-1.0,-1.0,-1.0,0.3084832904884683,1,1.0,1.0,1.0,-1.0,-1,GBPUSD
9,Tue,-1.0,False,0.22915340547436458,-1.0,1.0,1.0,-1.0,-1.0,0.3819223424571612,0,1.0,1.0,1.0,0.0,0,GBPUSD
3,Wed,-1.0,True,0.7913513513513666,-1.0,-1.0,-1.0,-1.0,-1.0,0.025945945945972416,1,1.0,1.0,1.0,-1.0,0,GBPUSD
9,Wed,1.0,True,1.1685649202734305,1.0,1.0,-1.0,-1.0,-1.0,0.6697038724373523,0,1.0,1.0,-1.0,0.0,0,GBPUSD
3,Thu,1.0,False,0.9651678277389741,1.0,-1.0,1.0,1.0,-1.0,0.3419886003800299,0,-1.0,1.0,1.0,0.0,0,GBPUSD
9,Thu,1.0,True,1.1707317073170105,1.0,1.0,1.0,-1.0,-1.0,0.6806579693704533,1,1.0,1.0,1.0,0.0,0,GBPUSD
3,Tue,-1.0,True,1.0811554332874105,1.0,1.0,1.0,-1.0,1.0,1.5845942228336694,-1,-1.0,-1.0,-1.0,0.0,1,GBPUSD
9,Tue,1.0,True,3.2361434559850424,1.0,1.0,1.0,1.0,1.0,6.030740568234606,-1,-1.0,-1.0,-1.0,1.0,1,GBPUSD
3,Wed,-1.0,False,0.24274208653305565,-1.0,-1.0,-1.0,-1.0,1.0,0.7776737216707412,1,1.0,1.0,1.0,-1.0,-1,GBPUSD
9,Wed,-1.0,True,1.8349120433018054,-1.0,-1.0,-1.0,-1.0,1.0,1.0230040595399148,1,1.0,1.0,1.0,-1.0,-1,GBPUSD
3,Thu,1.0,True,0.9931425868999314,1.0,-1.0,-1.0,-1.0,-1.0,0.9534168834240501,1,1.0,1.0,1.0,-1.0,-1,GBPUSD
9,Thu,-1.0,False,0.49897189856064106,-1.0,1.0,1.0,-1.0,-1.0,2.884167237834165,-1,-1.0,-1.0,-1.0,0.0,1,GBPUSD
3,Tue,1.0,False,0.4031007751938233,1.0,-1.0,-1.0,1.0,1.0,0.062015503875962226,0,-1.0,1.0,-1.0,0.0,0,GBPUSD
9,Tue,1.0,False,0.3416599516518408,-1.0,1.0,1.0,1.0,1.0,0.2643029814665724,-1,-1.0,-1.0,-1.0,1.0,0,GBPUSD
3,Wed,-1.0,False,0.8778913394298191,1.0,1.0,1.0,-1.0,1.0,0.48413125336204105,0,1.0,1.0,1.0,0.0,0,GBPUSD
9,Wed,-1.0,True,1.9640841457158007,-1.0,-1.0,-1.0,1.0,1.0,1.3052847614162078,0,1.0,1.0,1.0,0.0,0,GBPUSD
3,Thu,-1.0,False,0.019506908696814127,1.0,1.0,1.0,1.0,-1.0,0.5006773232186142,-1,-1.0,-1.0,-1.0,1.0,1,GBPUSD
9,Thu,-1.0,False,0.2953289804117892,1.0,-1.0,-1.0,1.0,-1.0,0.2712204922150122,0,-1.0,-1.0,-1.0,0.0,0,GBPUSD
3,Tue,1.0,True,1.1536213056186708,1.0,-1.0,-1.0,-1.0,1.0,1.1770055212732577,1,1.0,1.0,1.0,-1.0,-1,GBPUSD
9,Tue,1.0,False,0.858499525166261,1.0,1.0,1.0,-1.0,1.0,1.9145299145298316,-1,-1.0,-1.0,-1.0,0.0,1,GBPUSD
3,Wed,-1.0,False,0.021281312347615957,-1.0,-1.0,-1.0,1.0,1.0,0.8086898692085793,1,-1.0,1.0,1.0,0.0,-1,GBPUSD
9,Wed,1.0,False,0.622202526035956,1.0,-1.0,-1.0,-1.0,1.0,0.4892532683359342,0,1.0,1.0,1.0,-1.0,0,GBPUSD
3,Thu,-1.0,True,1.640735502121598,-1.0,-1.0,-1.0,1.0,1.0,0.6789250353606092,1,-1.0,1.0,1.0,0.0,0,GBPUSD
9,Thu,-1.0,False,0.024301336573455026,1.0,-1.0,-1.0,-1.0,1.0,1.1032806804375346,1,1.0,1.0,1.0,-1.0,-1,GBPUSD
3,Tue,1.0,True,1.1179385530227075,1.0,-1.0,-1.0,1.0,-1.0,1.4390485629334964,1,1.0,1.0,1.0,0.0,-1,GBPUSD
9,Tue,-1.0,True,1.641077783426581,-1.0,1.0,1.0,-1.0,-1.0,1.092018301982685,0,-1.0,1.0,-1.0,0.0,0,GBPUSD
3,Wed,-1.0,True,0.8090566037735236,-1.0,1.0,-1.0,1.0,-1.0,0.615849056603787,0,-1.0,-1.0,-1.0,1.0,0,GBPUSD
9,Wed,-1.0,False,0.3240764331209716,-1.0,1.0,1.0,-1.0,-1.0,0.5686624203822284,0,-1.0,1.0,-1.0,0.0,0,GBPUSD
3,Thu,-1.0,True,0.7957371225577197,1.0,1.0,1.0,-1.0,-1.0,1.655417406749487,-1,-1.0,-1.0,-1.0,0.0,1,GBPUSD
9,Thu,-1.0,True,2.0739974126779135,-1.0,1.0,1.0,1.0,-1.0,1.434411384217329,0,-1.0,-1.0,-1.0,1.0,0,GBPUSD
3,Tue,-1.0,True,1.0259433962263889,1.0,-1.0,-1.0,1.0,1.0,1.0471698113207106,-1,-1.0,1.0,1.0,0.0,0,GBPUSD
9,Tue,-1.0,False,1.0206416314350355,1.0,-1.0,-1.0,-1.0,1.0,1.5458841084306751,0,1.0,1.0,1.0,-1.0,0,GBPUSD
3,Wed,1.0,True,0.5568676196395245,1.0,-1.0,-1.0,-1.0,1.0,1.665630826600331,1,1.0,1.0,1.0,-1.0,-1,GBPUSD
9,Wed,-1.0,True,1.4729857819905654,-1.0,1.0,1.0,-1.0,1.0,1.199999999999899,0,1.0,1.0,-1.0,0.0,0,GBPUSD
3,Thu,1.0,True,0.8636279756412241,1.0,-1.0,-1.0,1.0,1.0,1.0097804022882806,1,-1.0,1.0,1.0,0.0,0,GBPUSD
9,Thu,1.0,False,0.6711990111248798,1.0,1.0,1.0,1.0,1.0,0.41532756489493644,-1,-1.0,-1.0,-1.0,1.0,1,GBPUSD
3,Tue,1.0,True,0.7464905037159785,1.0,1.0,1.0,1.0,-1.0,0.5350949628406064,-1,-1.0,-1.0,-1.0,1.0,1,GBPUSD
9,Tue,1.0,False,0.08223510806534357,-1.0,1.0,1.0,1.0,-1.0,0.4807590933051395,-1,-1.0,-1.0,-1.0,1.0,1,GBPUSD
3,Wed,1.0,False,0.017870439314951227,1.0,-1.0,-1.0,-1.0,1.0,2.6924795234549883,1,1.0,1.0,1.0,-1.0,-1,GBPUSD
9,Wed,1.0,True,1.0793036750483327,1.0,1.0,1.0,-1.0,1.0,1.3462282398453098,0,1.0,1.0,1.0,0.0,0,GBPUSD
3,Thu,-1.0,True,0.9101449275361373,-1.0,1.0,-1.0,-1.0,-1.0,0.04057971014493562,0,1.0,1.0,1.0,0.0,0,GBPUSD
9,Thu,-1.0,False,0.6906474820143558,-1.0,1.0,1.0,1.0,-1.0,1.3057553956833725,-1,-1.0,-1.0,-1.0,1.0,1,GBPUSD
3,Tue,-1.0,False,0.4717241379310227,-1.0,-1.0,-1.0,-1.0,0.0,0.6114942528736916,1,-1.0,1.0,1.0,-1.0,-1,GBPUSD
9,Tue,1.0,False,0.39660194174750957,1.0,1.0,1.0,-1.0,0.0,1.208252427184602,-1,-1.0,1.0,-1.0,0.0,1,GBPUSD
3,Wed,-1.0,True,2.497109826589659,-1.0,-1.0,-1.0,1.0,1.0,0.41618497109834984,-1,-1.0,1.0,-1.0,0.0,0,GBPUSD
9,Wed,1.0,True,1.366434955312939,1.0,1.0,1.0,1.0,1.0,0.9612711022839567,-1,-1.0,-1.0,-1.0,1.0,1,GBPUSD
3,Thu,-1.0,True,0.9364548494983697,-1.0,1.0,1.0,1.0,1.0,0.7959866220734434,-1,-1.0,-1.0,-1.0,1.0,1,GBPUSD
9,Thu,1.0,True,2.0105059441525097,1.0,-1.0,-1.0,-1.0,1.0,1.5526679568703294,1,1.0,1.0,1.0,-1.0,-1,GBPUSD
3,Tue,1.0,True,0.8168168168168309,-1.0,1.0,-1.0,1.0,-1.0,0.05285285285287887,-1,-1.0,-1.0,-1.0,1.0,0,GBPUSD
9,Tue,-1.0,False,0.06048856145791197,-1.0,-1.0,-1.0,-1.0,-1.0,0.6514152772392665,1,1.0,1.0,1.0,-1.0,-1,GBPUSD
3,Wed,-1.0,False,0.09843184559710805,-1.0,-1.0,1.0,1.0,-1.0,0.01737032569359218,-1,-1.0,-1.0,-1.0,0.0,0,GBPUSD
9,Wed,1.0,False,0.199406528189799,-1.0,1.0,1.0,-1.0,-1.0,0.3703264094956121,1,-1.0,1.0,1.0,0.0,0,GBPUSD
3,Thu,1.0,False,0.5043567401332992,1.0,1.0,1.0,1.0,1.0,0.8549461814454274,-1,-1.0,-1.0,-1.0,1.0,1,GBPUSD
9,Thu,1.0,False,0.3105882352941479,1.0,-1.0,-1.0,1.0,1.0,1.0842352941177344,1,-1.0,-1.0,1.0,0.0,-1,GBPUSD
3,Tue,-1.0,True,0.6569343065693334,-1.0,1.0,1.0,-1.0,1.0,0.7507820646507263,1,-1.0,1.0,1.0,0.0,0,GBPUSD
9,Tue,-1.0,False,0.425299890948766,-1.0,-1.0,1.0,-1.0,1.0,0.1766630316248564,0,1.0,1.0,1.0,-1.0,0,GBPUSD
3,Wed,1.0,True,1.215004574565417,1.0,1.0,-1.0,-1.0,-1.0,0.7319304666055946,0,1.0,1.0,1.0,0.0,0,GBPUSD
9,Wed,-1.0,False,0.16284329563815955,1.0,1.0,-1.0,1.0,-1.0,0.14733441033918884,-1,-1.0,-1.0,-1.0,1.0,0,GBPUSD
3,Thu,-1.0,False,0.21478289691746305,-1.0,-1.0,1.0,1.0,1.0,0.4216108717268196,0,-1.0,-1.0,-1.0,0.0,0,GBPUSD
9,Thu,1.0,False,0.8648648648648852,1.0,-1.0,-1.0,-1.0,1.0,3.217806041335504,0,1.0,1.0,1.0,-1.0,-1,GBPUSD
3,Tue,-1.0,False,0.7695238095237626,-1.0,-1.0,-1.0,-1.0,-1.0,0.8228571428571061,1,1.0,1.0,1.0,-1.0,-1,GBPUSD
9,Tue,1.0,False,0.4370860927153007,1.0,-1.0,-1.0,-1.0,-1.0,0.2980132450331529,0,1.0,1.0,1.0,-1.0,0,GBPUSD
3,Wed,-1.0,False,0.22933111757380834,1.0,1.0,1.0,-1.0,-1.0,2.4129621936019907,-1,-1.0,-1.0,-1.0,0.0,1,GBPUSD
9,Wed,-1.0,True,0.45068097399926843,1.0,-1.0,-1.0,1.0,-1.0,1.243087082129599,0,-1.0,-1.0,1.0,0.0,0,GBPUSD
3,Thu,-1.0,True,0.5968911917098932,-1.0,1.0,1.0,1.0,1.0,0.018652849740916907,0,-1.0,-1.0,-1.0,1.0,0,GBPUSD
9,Thu,1.0,True,1.3333333333333166,1.0,-1.0,-1.0,-1.0,1.0,1.9047619047618594,1,1.0,1.0,1.0,-1.0,-1,GBPUSD
3,Tue,-1.0,True,0.8467820973537938,-1.0,-1.0,1.0,1.0,1.0,0.266579549166948,-1,-1.0,-1.0,-1.0,0.0,0,GBPUSD
9,Tue,-1.0,True,2.157842157842113,-1.0,-1.0,1.0,-1.0,1.0,0.2077922077923284,0,-1.0,1.0,1.0,-1.0,0,GBPUSD
3,Wed,1.0,False,0.34500000000009734,1.0,1.0,1.0,1.0,-1.0,0.10500000000002238,-1,-1.0,-1.0,-1.0,1.0,0,GBPUSD
9,Wed,-1.0,True,1.369005552751093,-1.0,1.0,1.0,1.0,-1.0,1.702170620898524,0,-1.0,-1.0,-1.0,1.0,0,GBPUSD
3,Thu,-1.0,False,0.2652570879384364,-1.0,1.0,1.0,1.0,1.0,0.48438250840939095,-1,-1.0,-1.0,-1.0,1.0,1,GBPUSD
9,Thu,-1.0,False,0.8516129032258009,-1.0,1.0,1.0,1.0,1.0,0.7096774193547625,1,-1.0,-1.0,-1.0,1.0,0,GBPUSD
3,Tue,-1.0,False,0.5875552533152397,-1.0,1.0,-1.0,-1.0,1.0,0.2040122407343299,1,1.0,1.0,1.0,0.0,0,GBPUSD
9,Tue,1.0,False,0.18269896193762286,-1.0,1.0,-1.0,-1.0,1.0,0.21591695501724095,1,1.0,1.0,1.0,0.0,0,GBPUSD
3,Wed,1.0,True,1.2962356792145275,-1.0,1.0,-1.0,-1.0,-1.0,0.4320785597381759,1,1.0,1.0,1.0,0.0,0,GBPUSD
9,Wed,1.0,True,2.40571088637721,1.0,1.0,1.0,1.0,-1.0,1.5276621058893642,-1,-1.0,-1.0,-1.0,1.0,1,GBPUSD
3,Thu,-1.0,False,0.11750305997552885,1.0,-1.0,-1.0,-1.0,-1.0,0.42105263157887873,1,1.0,1.0,1.0,-1.0,-1,GBPUSD
9,Thu,1.0,False,0.26176808266368745,1.0,-1.0,1.0,1.0,-1.0,0.6704936854190638,0,1.0,1.0,-1.0,0.0,0,GBPUSD
3,Tue,-1.0,False,0.2352172492649217,-1.0,1.0,1.0,1.0,-1.0,0.2273766742895462,-1,-1.0,-1.0,-1.0,1.0,0,GBPUSD
9,Tue,1.0,False,0.8300873069174661,1.0,-1.0,1.0,1.0,-1.0,0.008059100067033038,-1,-1.0,-1.0,-1.0,0.0,0,GBPUSD
3,Wed,-1.0,False,0.3934426229508064,1.0,1.0,1.0,1.0,1.0,1.7340619307832676,-1,-1.0,-1.0,-1.0,1.0,1,GBPUSD
9,Wed,1.0,False,0.6402081977879229,1.0,-1.0,-1.0,1.0,1.0,0.5230969420949425,-1,-1.0,-1.0,-1.0,0.0,0,GBPUSD
3,Thu,-1.0,False,0.46411305317968327,1.0,-1.0,-1.0,1.0,1.0,0.4908888062477152,1,-1.0,1.0,1.0,0.0,0,GBPUSD
9,Thu,1.0,True,2.1832616606020765,1.0,-1.0,-1.0,-1.0,1.0,1.3417135296063278,1,1.0,1.0,1.0,-1.0,-1,GBPUSD
3,Tue,-1.0,True,0.8418038654259007,1.0,1.0,1.0,-1.0,1.0,2.705798138869007,-1,-1.0,-1.0,-1.0,0.0,1,GBPUSD
9,Tue,-1.0,False,0.27476038338668024,1.0,-1.0,-1.0,1.0,1.0,5.290734824281217,0,1.0,1.0,1.0,0.0,-1,GBPUSD
3,Wed,-1.0,False,0.3997370151216755,-1.0,-1.0,-1.0,1.0,-1.0,2.0828402366863483,1,1.0,1.0,1.0,0.0,-1,GBPUSD
9,Wed,-1.0,False,0.3667017913593371,-1.0,1.0,1.0,-1.0,-1.0,0.2971548998946038,0,1.0,1.0,1.0,0.0,0,GBPUSD
3,Thu,1.0,True,0.6055437100213157,1.0,-1.0,-1.0,0.0,-1.0,1.8933901918977605,1,1.0,1.0,1.0,0.0,-1,GBPUSD
9,Thu,1.0,False,1.0624776865404557,1.0,1.0,1.0,-1.0,-1.0,1.6536951088896923,0,-1.0,-1.0,-1.0,0.0,1,GBPUSD
3,Tue,-1.0,False,0.2207911683532361,1.0,1.0,1.0,-1.0,-1.0,0.4084636614535113,-1,1.0,-1.0,-1.0,0.0,0,GBPUSD
9,Tue,1.0,False,0.6111908177905181,1.0,1.0,1.0,1.0,-1.0,3.7446197991390253,-1,-1.0,-1.0,-1.0,1.0,1,GBPUSD
3,Wed,-1.0,True,1.5270191748982598,-1.0,1.0,-1.0,-1.0,1.0,0.4741429401510861,0,-1.0,1.0,-1.0,0.0,0,GBPUSD
9,Wed,1.0,False,0.008119079837491244,-1.0,1.0,1.0,-1.0,1.0,0.5358592692828953,0,-1.0,1.0,-1.0,0.0,0,GBPUSD
3,Thu,1.0,True,2.0543580131208956,1.0,1.0,1.0,1.0,1.0,1.9044048734770493,-1,-1.0,-1.0,-1.0,1.0,1,GBPUSD
9,Thu,1.0,False,0.14549128567821323,-1.0,-1.0,-1.0,1.0,1.0,2.461227582722894,1,1.0,1.0,1.0,0.0,-1,GBPUSD
3,Tue,-1.0,False,0.08664259927811956,-1.0,1.0,1.0,-1.0,1.0,0.9626955475332128,-1,-1.0,-1.0,-1.0,0.0,1,GBPUSD
9,Tue,-1.0,True,1.0642799023596938,1.0,1.0,-1.0,-1.0,1.0,0.136696501220535,1,1.0,1.0,1.0,0.0,0,GBPUSD
3,Wed,-1.0,True,2.151724137931065,-1.0,1.0,1.0,-1.0,1.0,0.39201451905613144,1,1.0,1.0,1.0,0.0,0,GBPUSD
9,Wed,1.0,False,0.45624622812321536,1.0,1.0,-1.0,-1.0,1.0,0.9487024743511951,0,1.0,1.0,-1.0,0.0,0,GBPUSD
3,Thu,1.0,True,0.7839753466870737,1.0,-1.0,-1.0,1.0,-1.0,0.7395993836670816,1,1.0,1.0,1.0,0.0,-1,GBPUSD
9,Thu,1.0,True,1.2552301255230194,-1.0,1.0,1.0,-1.0,-1.0,0.8368200836818891,1,1.0,1.0,1.0,0.0,0,GBPUSD
3,Tue,-1.0,False,0.2519397535371521,1.0,-1.0,-1.0,-1.0,1.0,0.07667731629394758,1,1.0,1.0,1.0,-1.0,0,GBPUSD
9,Tue,1.0,False,0.5464480874318824,1.0,1.0,1.0,1.0,1.0,1.2021857923498502,-1,-1.0,-1.0,-1.0,1.0,1,GBPUSD
3,Wed,1.0,True,1.4144838212635122,1.0,1.0,1.0,1.0,1.0,0.5362095531587291,-1,-1.0,-1.0,-1.0,1.0,1,GBPUSD
9,Wed,-1.0,False,0.06655112651653144,1.0,1.0,1.0,1.0,1.0,1.3726169844022142,0,-1.0,-1.0,-1.0,1.0,0,GBPUSD
3,Thu,1.0,False,0.10831721470021723,1.0,-1.0,1.0,1.0,1.0,0.3558994197293097,-1,-1.0,1.0,-1.0,0.0,0,GBPUSD
9,Thu,1.0,True,1.2745490981965801,1.0,1.0,-1.0,1.0,1.0,0.10420841683364011,0,-1.0,-1.0,-1.0,1.0,0,GBPUSD
3,Tue,-1.0,True,2.503768345894405,-1.0,-1.0,-1.0,1.0,-1.0,0.3998413328045262,0,-1.0,1.0,1.0,0.0,0,GBPUSD
9,Tue,-1.0,False,0.8928327645051521,1.0,-1.0,-1.0,-1.0,-1.0,1.6382252559727044,1,1.0,1.0,1.0,-1.0,-1,GBPUSD
3,Wed,-1.0,False,0.5230202578268783,0.0,-1.0,1.0,1.0,-1.0,0.08839779005517331,0,-1.0,1.0,0.0,0.0,0,GBPUSD
9,Wed,-1.0,False,0.7331975560080538,1.0,-1.0,1.0,1.0,-1.0,0.6517311608962287,0,-1.0,-1.0,-1.0,0.0,0,GBPUSD
3,Thu,1.0,True,0.76494023904382,1.0,1.0,1.0,-1.0,1.0,0.4259326331038444,0,1.0,-1.0,1.0,0.0,0,GBPUSD
9,Thu,-1.0,True,1.8901267767959153,-1.0,-1.0,-1.0,1.0,1.0,1.3737994621590512,1,1.0,-1.0,1.0,0.0,0,GBPUSD
3,Tue,-1.0,True,1.1489361702129406,-1.0,1.0,-1.0,-1.0,1.0,0.13829787234038313,1,1.0,1.0,1.0,0.0,0,GBPUSD
9,Tue,-1.0,False,0.03606311044331048,1.0,1.0,1.0,-1.0,1.0,0.6130728775356775,0,1.0,1.0,-1.0,0.0,0,GBPUSD
3,Wed,1.0,False,0.08342989571255523,-1.0,-1.0,-1.0,-1.0,-1.0,0.5654692931633546,0,1.0,1.0,1.0,-1.0,0,GBPUSD
9,Wed,1.0,False,0.6376811594203748,1.0,1.0,-1.0,-1.0,-1.0,0.03864734299520674,1,1.0,1.0,1.0,0.0,0,GBPUSD
3,Thu,-1.0,False,0.7451487710218797,-1.0,1.0,1.0,-1.0,1.0,0.38809831824075264,0,-1.0,1.0,1.0,0.0,0,GBPUSD
9,Thu,-1.0,True,1.795732574679881,-1.0,-1.0,-1.0,-1.0,1.0,0.7647226173542027,1,1.0,1.0,1.0,-1.0,-1,GBPUSD
3,Tue,-1.0,False,0.3612217795484926,-1.0,1.0,1.0,1.0,1.0,0.9030544488712315,-1,-1.0,-1.0,-1.0,1.0,1,GBPUSD
9,Tue,1.0,False,0.2697841726617259,-1.0,-1.0,-1.0,1.0,1.0,1.4244604316546892,1,-1.0,-1.0,1.0,0.0,0,GBPUSD
3,Wed,1.0,True,0.8692152917503904,1.0,1.0,1.0,-1.0,-1.0,0.6084507042254662,0,1.0,-1.0,-1.0,0.0,0,GBPUSD
9,Wed,1.0,False,0.10003789314138962,1.0,1.0,-1.0,1.0,-1.0,0.08184918529739045,1,1.0,-1.0,1.0,1.0,0,GBPUSD
3,Thu,-1.0,True,1.0183387270765678,-1.0,-1.0,-1.0,1.0,1.0,0.293419633225468,0,1.0,-1.0,-1.0,0.0,0,GBPUSD
9,Thu,1.0,False,0.3631578947367699,-1.0,1.0,1.0,-1.0,1.0,2.25789473684219,-1,-1.0,-1.0,-1.0,0.0,1,GBPUSD
3,Tue,1.0,True,0.70023980815339,1.0,-1.0,0.0,-1.0,0.0,0.27817745803369603,0,1.0,1.0,1.0,-1.0,0,GBPUSD
9,Tue,-1.0,True,1.4977443609022534,-1.0,1.0,1.0,1.0,0.0,0.5413533834585879,-1,-1.0,-1.0,-1.0,1.0,0,GBPUSD
3,Wed,-1.0,False,0.3703386198027484,-1.0,-1.0,-1.0,-1.0,1.0,0.08229747106737895,0,-1.0,-1.0,-1.0,-1.0,0,GBPUSD
9,Wed,-1.0,False,0.48322147651010167,-1.0,1.0,1.0,-1.0,1.0,0.06040268456393036,0,-1.0,-1.0,-1.0,0.0,0,GBPUSD
3,Thu,1.0,False,0.13083475298121097,1.0,-1.0,-1.0,1.0,1.0,0.03270868824534814,-1,-1.0,-1.0,-1.0,0.0,0,GBPUSD
9,Thu,1.0,True,1.4641247833622253,1.0,-1.0,-1.0,1.0,1.0,0.8734835355286046,1,-1.0,-1.0,1.0,0.0,-1,GBPUSD
3,Tue,-1.0,False,0.26977518734387085,-1.0,1.0,1.0,1.0,1.0,0.059950041631922,0,-1.0,-1.0,-1.0,1.0,0,GBPUSD
9,Tue,1.0,True,1.6150081566069785,1.0,-1.0,-1.0,1.0,1.0,0.5579119086459563,0,-1.0,-1.0,-1.0,0.0,0,GBPUSD
3,Wed,1.0,True,0.6865431103948298,1.0,-1.0,-1.0,1.0,1.0,0.25141015310248027,-1,1.0,1.0,-1.0,0.0,0,GBPUSD
9,Wed,-1.0,True,8.69855199648967,-1.0,-1.0,-1.0,1.0,1.0,0.53707766564284,0,-1.0,-1.0,-1.0,0.0,0,GBPUSD
3,Thu,-1.0,True,0.4553142857142239,1.0,-1.0,-1.0,1.0,-1.0,0.23588571428567637,0,-1.0,1.0,-1.0,0.0,0,GBPUSD
9,Thu,1.0,True,1.4380690239255238,1.0,-1.0,1.0,-1.0,-1.0,0.06097819182717647,0,1.0,1.0,1.0,-1.0,0,GBPUSD
3,Tue,-1.0,False,0.34742327735969675,1.0,1.0,1.0,-1.0,1.0,0.1598147075853741,0,1.0,-1.0,-1.0,0.0,0,GBPUSD
9,Tue,1.0,False,0.15647921760377984,-1.0,1.0,1.0,1.0,1.0,0.7563162184189448,-1,-1.0,-1.0,-1.0,1.0,1,GBPUSD
3,Wed,1.0,True,3.3798195242001774,1.0,-1.0,-1.0,1.0,-1.0,0.49220672682514266,1,1.0,1.0,1.0,0.0,-1,GBPUSD
9,Wed,-1.0,False,0.38342486270592774,1.0,1.0,-1.0,1.0,-1.0,0.17373939091357155,0,-1.0,-1.0,-1.0,1.0,0,GBPUSD
3,Thu,-1.0,False,0.013075456278883159,1.0,1.0,1.0,1.0,1.0,0.0980659220919866,-1,-1.0,-1.0,-1.0,1.0,1,GBPUSD
9,Thu,-1.0,False,1.079194630872537,-1.0,-1.0,-1.0,1.0,1.0,0.46711409395973347,0,-1.0,-1.0,1.0,0.0,0,GBPUSD
9,Tue,-1.0,False,0.6218678815489551,1.0,1.0,1.0,-1.0,-1.0,3.4100227790433317,-1,-1.0,-1.0,-1.0,0.0,1,GBPUSD
3,Wed,-1.0,True,0.5431400282884623,-1.0,-1.0,-1.0,1.0,1.0,0.10183875530414163,0,-1.0,1.0,1.0,0.0,0,GBPUSD
9,Wed,1.0,False,0.4489311163896455,1.0,-1.0,1.0,-1.0,1.0,0.24228028503563648,0,1.0,1.0,1.0,-1.0,0,GBPUSD
3,Thu,1.0,True,2.4204545454546045,1.0,1.0,1.0,1.0,1.0,0.40909090909095636,-1,-1.0,-1.0,-1.0,1.0,1,GBPUSD
9,Thu,-1.0,True,2.6692991115499276,-1.0,1.0,-1.0,1.0,1.0,0.355380059230075,0,-1.0,-1.0,-1.0,1.0,0,GBPUSD
3,Tue,-1.0,False,0.18628719275551434,1.0,-1.0,-1.0,-1.0,1.0,0.8227684346701739,1,1.0,1.0,1.0,-1.0,-1,GBPUSD
9,Tue,-1.0,True,1.9383259911894144,-1.0,-1.0,-1.0,-1.0,1.0,0.14977973568282282,0,1.0,1.0,-1.0,-1.0,0,GBPUSD
3,Wed,-1.0,True,0.6508987701039601,1.0,-1.0,1.0,-1.0,-1.0,0.07568590350046439,0,1.0,1.0,1.0,-1.0,0,GBPUSD
9,Wed,1.0,False,0.2306213965406551,-1.0,-1.0,-1.0,1.0,-1.0,0.03843689942352787,0,1.0,-1.0,-1.0,0.0,0,GBPUSD
3,Thu,-1.0,False,0.6722050795157681,-1.0,1.0,1.0,1.0,-1.0,0.028483266081111226,0,-1.0,1.0,-1.0,1.0,0,GBPUSD
9,Thu,1.0,False,0.015765272607825558,-1.0,1.0,-1.0,-1.0,-1.0,0.12086708999340706,1,-1.0,1.0,1.0,0.0,0,GBPUSD
3,Tue,1.0,True,0.5848981222532877,-1.0,-1.0,-1.0,-1.0,1.0,1.2177387135436186,1,1.0,1.0,1.0,-1.0,-1,GBPUSD
9,Tue,1.0,True,0.9361337333904379,1.0,1.0,1.0,-1.0,1.0,0.21603086155169224,0,1.0,1.0,-1.0,0.0,0,GBPUSD
3,Wed,1.0,False,0.09482001755917994,-1.0,1.0,1.0,-1.0,-1.0,0.1369622475855601,1,1.0,1.0,1.0,0.0,0,GBPUSD
9,Wed,-1.0,False,0.40417000801931974,-1.0,-1.0,-1.0,1.0,-1.0,1.1162790697674618,-1,1.0,1.0,-1.0,0.0,0,GBPUSD
3,Thu,-1.0,True,1.010951979780845,-1.0,-1.0,-1.0,-1.0,-1.0,0.23251895534957193,0,1.0,1.0,1.0,-1.0,0,GBPUSD
9,Thu,1.0,True,2.9851654621530406,1.0,-1.0,-1.0,-1.0,-1.0,1.4697603651577702,1,1.0,1.0,1.0,-1.0,-1,GBPUSD
3,Tue,1.0,False,0.590701914311741,-1.0,-1.0,-1.0,-1.0,1.0,0.12032816773023243,1,1.0,1.0,1.0,-1.0,0,GBPUSD
9,Tue,1.0,False,0.1516587677726648,1.0,-1.0,1.0,1.0,1.0,0.22748815165878675,0,1.0,1.0,-1.0,0.0,0,GBPUSD
3,Wed,-1.0,False,0.3956043956044069,-1.0,1.0,-1.0,1.0,1.0,0.38009049773763837,0,-1.0,-1.0,-1.0,1.0,0,GBPUSD
9,Wed,1.0,True,2.6478674656326286,1.0,1.0,-1.0,1.0,1.0,0.5921748325695597,0,-1.0,-1.0,-1.0,1.0,0,GBPUSD
3,Thu,-1.0,True,0.3308270676690749,-1.0,-1.0,-1.0,1.0,1.0,0.3127819548872686,1,-1.0,1.0,1.0,0.0,-1,GBPUSD
9,Thu,-1.0,False,0.13155833985907392,-1.0,-1.0,-1.0,-1.0,1.0,0.8394675019576618,1,1.0,1.0,1.0,-1.0,-1,GBPUSD
3,Tue,1.0,False,0.05967180507223046,1.0,-1.0,1.0,1.0,1.0,0.04773744405746637,-1,-1.0,-1.0,-1.0,0.0,0,GBPUSD
9,Tue,-1.0,True,1.534743202416777,-1.0,1.0,-1.0,1.0,1.0,0.4712990936557253,0,-1.0,-1.0,-1.0,1.0,0,GBPUSD
3,Wed,1.0,True,4.759061833688614,1.0,1.0,-1.0,1.0,1.0,0.08187633262268093,1,1.0,1.0,1.0,1.0,0,GBPUSD
9,Wed,1.0,True,1.2835820895521717,1.0,-1.0,-1.0,1.0,1.0,1.0447761194028495,1,1.0,1.0,1.0,0.0,0,GBPUSD
3,Thu,1.0,False,0.1743503772002842,1.0,-1.0,-1.0,1.0,1.0,0.23470243084665096,0,-1.0,1.0,1.0,0.0,0,GBPUSD
9,Thu,-1.0,False,0.6640316205533132,-1.0,1.0,1.0,-1.0,1.0,1.2411067193676295,-1,-1.0,-1.0,-1.0,0.0,1,GBPUSD
3,Tue,-1.0,True,0.968490878938531,-1.0,1.0,-1.0,1.0,1.0,0.19900497512450904,0,-1.0,1.0,-1.0,1.0,0,GBPUSD
9,Tue,1.0,True,0.7668936616029575,-1.0,1.0,1.0,1.0,1.0,0.829753797800054,-1,-1.0,-1.0,-1.0,1.0,1,GBPUSD
3,Wed,1.0,True,1.1013767209012355,1.0,-1.0,-1.0,-1.0,-1.0,0.24030037546935643,0,1.0,-1.0,1.0,-1.0,0,GBPUSD
9,Wed,-1.0,False,0.39513916111337877,-1.0,1.0,-1.0,-1.0,-1.0,0.3010584084673661,1,1.0,1.0,1.0,0.0,0,GBPUSD
3,Thu,-1.0,False,0.1318198462102638,1.0,-1.0,-1.0,-1.0,-1.0,0.7118271695349563,1,1.0,1.0,1.0,-1.0,-1,GBPUSD
9,Thu,1.0,True,1.2236286919832677,1.0,-1.0,-1.0,1.0,-1.0,0.2953586497890905,0,-1.0,-1.0,-1.0,0.0,0,GBPUSD
3,Tue,-1.0,False,0.1326829268292717,-1.0,-1.0,-1.0,1.0,1.0,0.6478048780486952,1,-1.0,1.0,1.0,0.0,-1,GBPUSD
9,Tue,1.0,False,0.30749014454656476,1.0,1.0,-1.0,-1.0,1.0,0.4257555847568897,0,1.0,1.0,1.0,0.0,0,GBPUSD
3,Wed,-1.0,False,0.09541019154304503,1.0,-1.0,1.0,1.0,-1.0,0.19949403686299313,1,1.0,1.0,1.0,0.0,0,GBPUSD
9,Wed,1.0,True,1.3740075219391328,1.0,1.0,1.0,-1.0,-1.0,0.702047638946877,0,-1.0,-1.0,-1.0,0.0,0,GBPUSD
3,Thu,1.0,False,0.4277588168372954,-1.0,-1.0,-1.0,1.0,1.0,0.13651877133094423,0,-1.0,1.0,1.0,0.0,0,GBPUSD
9,Thu,1.0,False,0.7122692725299121,1.0,-1.0,-1.0,-1.0,1.0,0.8859934853420576,1,1.0,1.0,1.0,-1.0,-1,GBPUSD
3,Tue,-1.0,True,1.5176747839749123,-1.0,1.0,0.0,1.0,1.0,0.1131186174392292,0,-1.0,-1.0,-1.0,1.0,0,GBPUSD
9,Tue,1.0,False,0.578553615960104,-1.0,-1.0,1.0,1.0,1.0,0.43890274314212496,0,-1.0,-1.0,-1.0,0.0,0,GBPUSD
3,Wed,-1.0,True,0.8417975886005498,1.0,1.0,1.0,-1.0,1.0,0.762879064669303,-1,-1.0,-1.0,-1.0,0.0,1,GBPUSD
9,Wed,1.0,True,8.59384615384658,1.0,-1.0,1.0,1.0,1.0,0.11076923076934524,-1,-1.0,-1.0,-1.0,0.0,0,GBPUSD
3,Thu,-1.0,False,0.18501565887730947,1.0,-1.0,-1.0,-1.0,1.0,0.08094435075887105,1,1.0,1.0,1.0,-1.0,-1,GBPUSD
9,Thu,1.0,False,1.1096654275092703,1.0,-1.0,-1.0,-1.0,1.0,0.6022304832713653,1,1.0,1.0,1.0,-1.0,-1,GBPUSD
3,Tue,1.0,True,0.8152173913043669,-1.0,1.0,-1.0,-1.0,1.0,0.010869565217221003,1,1.0,1.0,1.0,0.0,0,GBPUSD
9,Tue,1.0,True,1.7839239412272412,1.0,-1.0,-1.0,-1.0,1.0,1.4935177182369208,1,1.0,1.0,1.0,-1.0,0,GBPUSD
3,Wed,1.0,True,1.9891891891893267,1.0,-1.0,-1.0,-1.0,1.0,0.24216216216220895,1,1.0,1.0,1.0,-1.0,0,GBPUSD
9,Wed,-1.0,True,1.19735876742482,-1.0,-1.0,1.0,1.0,1.0,0.2024944974320927,0,-1.0,-1.0,-1.0,0.0,0,GBPUSD
3,Thu,-1.0,False,0.32142857142856673,-1.0,-1.0,-1.0,-1.0,1.0,0.4285714285713342,1,1.0,1.0,1.0,-1.0,-1,GBPUSD
9,Thu,-1.0,False,0.33061224489795266,-1.0,-1.0,-1.0,-1.0,1.0,2.8163265306125016,1,1.0,1.0,1.0,-1.0,-1,GBPUSD
3,Tue,-1.0,False,0.4541154210027848,-1.0,-1.0,-1.0,1.0,1.0,0.14758751182613195,-1,-1.0,-1.0,-1.0,0.0,0,GBPUSD
9,Tue,-1.0,False,0.2854625550660665,1.0,-1.0,-1.0,-1.0,1.0,0.6343612334803304,1,1.0,1.0,1.0,-1.0,-1,GBPUSD
3,Wed,-1.0,True,1.208551068883641,-1.0,1.0,-1.0,-1.0,1.0,0.05700712589060164,0,1.0,-1.0,0.0,0.0,0,GBPUSD
9,Wed,-1.0,True,1.659813084111991,-1.0,1.0,-1.0,-1.0,1.0,0.4261682242990987,1,1.0,1.0,1.0,0.0,0,GBPUSD
3,Thu,1.0,True,0.4268943436500812,-1.0,1.0,1.0,1.0,-1.0,0.1963713980789312,-1,-1.0,-1.0,-1.0,1.0,1,GBPUSD
9,Thu,1.0,True,1.2081984897519318,1.0,-1.0,-1.0,1.0,-1.0,0.906148867313901,0,-1.0,-1.0,-1.0,0.0,0,GBPUSD
3,Tue,-1.0,True,0.36140135218184083,-1.0,1.0,1.0,-1.0,1.0,0.3245236631837707,1,1.0,-1.0,1.0,0.0,0,GBPUSD
9,Tue,1.0,True,0.8432217434538034,1.0,1.0,1.0,1.0,1.0,0.922770964534161,-1,-1.0,-1.0,-1.0,1.0,1,GBPUSD
3,Wed,1.0,True,0.571185720356887,1.0,-1.0,-1.0,1.0,1.0,0.55078623034423,1,1.0,1.0,1.0,0.0,0,GBPUSD
9,Wed,1.0,True,1.3029772329245983,1.0,1.0,1.0,1.0,1.0,0.7145359019264604,0,-1.0,-1.0,-1.0,1.0,0,GBPUSD
3,Thu,1.0,False,0.1566920565833009,1.0,1.0,1.0,1.0,1.0,0.4004352557128371,0,-1.0,-1.0,-1.0,1.0,0,GBPUSD
9,Thu,-1.0,False,0.283604135893733,1.0,-1.0,1.0,1.0,1.0,0.3722304283604877,0,-1.0,-1.0,-1.0,0.0,0,GBPUSD
3,Tue,-1.0,False,0.3483309143686087,-1.0,1.0,1.0,1.0,-1.0,0.19738751814223737,0,-1.0,-1.0,-1.0,1.0,0,GBPUSD
9,Tue,1.0,True,0.6819431714022188,1.0,-1.0,-1.0,1.0,-1.0,1.6278643446378855,1,1.0,1.0,1.0,0.0,0,GBPUSD
3,Wed,1.0,True,0.6094316807740132,1.0,-1.0,-1.0,1.0,-1.0,0.38694074969787823,-1,-1.0,-1.0,-1.0,0.0,0,GBPUSD
9,Wed,1.0,False,0.2362416107383711,1.0,-1.0,-1.0,1.0,-1.0,0.2684563758390147,-1,-1.0,-1.0,-1.0,0.0,0,GBPUSD
3,Thu,1.0,False,0.43454038997201594,1.0,-1.0,-1.0,1.0,1.0,0.27855153203326743,0,-1.0,1.0,1.0,0.0,0,GBPUSD
9,Thu,1.0,True,6.191369606003754,1.0,-1.0,1.0,1.0,1.0,0.022514071294456397,0,-1.0,-1.0,-1.0,0.0,0,GBPUSD
3,Tue,-1.0,False,0.3208279430789402,1.0,-1.0,-1.0,-1.0,-1.0,0.5588615782664668,1,1.0,1.0,1.0,-1.0,-1,GBPUSD
9,Tue,-1.0,True,2.2596732588132977,-1.0,1.0,1.0,1.0,-1.0,0.3301805674977184,0,-1.0,-1.0,-1.0,1.0,0,GBPUSD
3,Wed,1.0,True,1.323827392120201,1.0,1.0,-1.0,-1.0,1.0,0.42326454033770106,1,1.0,1.0,1.0,0.0,0,GBPUSD
9,Wed,-1.0,False,0.05519053876479699,-1.0,1.0,-1.0,1.0,1.0,0.02365308804203084,0,-1.0,-1.0,-1.0,1.0,0,GBPUSD
3,Thu,-1.0,True,1.4216956682709139,-1.0,1.0,1.0,-1.0,1.0,0.5420214735283451,-1,1.0,-1.0,-1.0,0.0,0,GBPUSD
9,Thu,-1.0,False,0.01928485335467381,-1.0,-1.0,-1.0,-1.0,1.0,0.916030534351181,1,1.0,1.0,1.0,-1.0,-1,GBPUSD
3,Tue,-1.0,True,0.9679193400549986,-1.0,-1.0,-1.0,-1.0,1.0,0.1539871677360558,0,1.0,1.0,1.0,-1.0,0,GBPUSD
9,Tue,-1.0,False,0.6108374384237221,-1.0,1.0,1.0,-1.0,1.0,0.9162561576353643,0,1.0,1.0,-1.0,0.0,0,GBPUSD
3,Wed,-1.0,True,0.8712536935414544,-1.0,1.0,1.0,-1.0,-1.0,0.7598142676235131,0,1.0,-1.0,1.0,0.0,0,GBPUSD
9,Wed,1.0,True,0.9889549702633089,1.0,1.0,1.0,1.0,-1.0,1.1826677994902968,-1,-1.0,-1.0,-1.0,1.0,1,GBPUSD
3,Thu,-1.0,True,0.9250535331907375,-1.0,1.0,1.0,-1.0,-1.0,0.5396145610277558,0,1.0,-1.0,1.0,0.0,0,GBPUSD
9,Thu,1.0,False,0.2076124567474715,1.0,-1.0,-1.0,-1.0,-1.0,0.24913494809703957,1,1.0,1.0,1.0,-1.0,0,GBPUSD
3,Tue,1.0,True,0.41404805914981496,1.0,-1.0,-1.0,-1.0,-1.0,0.6358595194085741,0,1.0,1.0,1.0,-1.0,0,GBPUSD
9,Tue,-1.0,True,1.5169082125604978,-1.0,-1.0,-1.0,-1.0,-1.0,1.0048309178743564,0,1.0,1.0,1.0,-1.0,0,GBPUSD
3,Wed,-1.0,False,0.3093252463988003,-1.0,-1.0,1.0,1.0,-1.0,0.12736921910541213,0,-1.0,1.0,-1.0,0.0,0,GBPUSD
9,Wed,1.0,True,1.045609257998621,1.0,-1.0,1.0,-1.0,-1.0,0.4819605173588329,-1,-1.0,1.0,-1.0,-1.0,0,GBPUSD
3,Thu,-1.0,True,3.0561255280628505,-1.0,-1.0,-1.0,-1.0,1.0,0.13035606517808276,1,1.0,1.0,1.0,-1.0,0,GBPUSD
9,Thu,1.0,False,0.9736654804269842,1.0,1.0,1.0,-1.0,1.0,0.933807829181424,1,1.0,1.0,1.0,0.0,0,GBPUSD
3,Tue,-1.0,True,0.5889113216337648,-1.0,-1.0,-1.0,-1.0,-1.0,0.059636589532513246,1,1.0,1.0,1.0,-1.0,0,GBPUSD
9,Tue,-1.0,True,0.642187499999938,1.0,1.0,-1.0,-1.0,-1.0,0.23906250000000426,0,1.0,1.0,1.0,0.0,0,GBPUSD
3,Wed,1.0,True,0.5580135440180999,-1.0,-1.0,-1.0,1.0,-1.0,0.043340857787853286,0,-1.0,1.0,-1.0,0.0,0,GBPUSD
9,Wed,-1.0,False,0.2592414786366143,-1.0,1.0,1.0,1.0,-1.0,0.6509841574652304,-1,-1.0,-1.0,-1.0,1.0,1,GBPUSD
3,Thu,1.0,True,1.3416614615864704,1.0,-1.0,-1.0,1.0,-1.0,0.08244846970647392,0,-1.0,-1.0,-1.0,0.0,0,GBPUSD
9,Thu,-1.0,True,1.4772524531668247,1.0,1.0,1.0,-1.0,-1.0,0.37823371989289467,0,-1.0,-1.0,-1.0,0.0,0,GBPUSD
3,Tue,1.0,True,2.183445190156592,1.0,1.0,1.0,1.0,1.0,0.06263982102909559,-1,-1.0,-1.0,-1.0,1.0,1,GBPUSD
9,Tue,1.0,False,1.2370295015259125,1.0,1.0,1.0,1.0,1.0,0.6185147507630466,0,-1.0,-1.0,1.0,1.0,0,GBPUSD
3,Wed,-1.0,True,1.9243902439023899,-1.0,1.0,1.0,1.0,1.0,0.043902439024515766,0,1.0,-1.0,-1.0,1.0,0,GBPUSD
9,Wed,-1.0,False,0.6039462396339673,1.0,1.0,-1.0,-1.0,1.0,0.356877323420127,0,1.0,1.0,-1.0,0.0,0,GBPUSD
3,Thu,1.0,True,0.7987321711568856,1.0,1.0,1.0,1.0,-1.0,0.15213946117289293,-1,-1.0,-1.0,-1.0,1.0,1,GBPUSD
9,Thu,-1.0,True,3.936936936936891,-1.0,1.0,1.0,1.0,-1.0,0.7207207207206354,-1,-1.0,-1.0,-1.0,1.0,1,GBPUSD
3,Tue,1.0,True,1.3058823529410737,1.0,1.0,1.0,-1.0,1.0,0.026470588235270855,1,1.0,-1.0,1.0,0.0,0,GBPUSD
9,Tue,1.0,True,1.6109028960817582,1.0,1.0,1.0,1.0,1.0,0.3270868824531083,-1,-1.0,-1.0,-1.0,1.0,0,GBPUSD
3,Wed,-1.0,False,0.18217821782174723,-1.0,-1.0,-1.0,-1.0,1.0,0.43564356435648205,1,1.0,1.0,1.0,-1.0,-1,GBPUSD
9,Wed,1.0,True,1.0966166724799142,1.0,-1.0,1.0,1.0,1.0,0.7785141262644943,0,1.0,-1.0,-1.0,0.0,0,GBPUSD
3,Thu,1.0,True,0.6690163409163363,1.0,1.0,-1.0,-1.0,1.0,0.007689842999089377,0,1.0,1.0,1.0,0.0,0,GBPUSD
9,Thu,1.0,False,0.4665523156089318,-1.0,-1.0,-1.0,1.0,1.0,0.6174957118352702,0,-1.0,-1.0,-1.0,0.0,0,GBPUSD
3,Tue,-1.0,False,0.16423017107300758,1.0,1.0,1.0,1.0,-1.0,0.24634525660959428,-1,-1.0,-1.0,-1.0,1.0,1,GBPUSD
9,Tue,-1.0,False,0.5193621867880635,1.0,1.0,-1.0,1.0,-1.0,0.29384965831430104,0,-1.0,-1.0,-1.0,1.0,0,GBPUSD
3,Wed,1.0,False,0.11195335276979199,1.0,-1.0,-1.0,-1.0,1.0,0.9026239067055546,1,1.0,1.0,1.0,-1.0,-1,GBPUSD
9,Wed,1.0,False,0.04413116763710599,-1.0,-1.0,-1.0,-1.0,1.0,0.6104811523137351,1,1.0,1.0,1.0,-1.0,-1,GBPUSD
3,Thu,1.0,False,0.20725388601049066,1.0,1.0,1.0,1.0,-1.0,0.28324697754750694,-1,-1.0,-1.0,-1.0,1.0,1,GBPUSD
9,Thu,-1.0,True,1.5436739015351366,-1.0,-1.0,-1.0,-1.0,-1.0,0.5399682371625224,0,-1.0,1.0,1.0,-1.0,0,GBPUSD
3,Tue,-1.0,False,0.4951578947369552,-1.0,-1.0,-1.0,-1.0,1.0,0.14147368421055864,1,1.0,1.0,1.0,-1.0,0,GBPUSD
9,Tue,1.0,False,0.8142164781905797,1.0,1.0,1.0,-1.0,1.0,0.6300484652665943,0,1.0,1.0,1.0,0.0,0,GBPUSD
3,Wed,-1.0,False,0.2539682539681835,1.0,-1.0,1.0,1.0,-1.0,0.3527336860669651,-1,-1.0,-1.0,-1.0,0.0,0,GBPUSD
9,Wed,1.0,False,0.2546226129130475,1.0,1.0,1.0,-1.0,-1.0,0.5310700212186189,0,-1.0,-1.0,-1.0,0.0,0,GBPUSD
3,Thu,-1.0,False,0.4998347107437308,-1.0,1.0,1.0,1.0,1.0,0.166611570247969,0,-1.0,1.0,-1.0,1.0,0,GBPUSD
9,Thu,1.0,False,0.10354391371326357,1.0,-1.0,1.0,1.0,1.0,0.554699537750248,-1,-1.0,-1.0,-1.0,0.0,0,GBPUSD
3,Tue,1.0,True,2.200803212851546,1.0,-1.0,1.0,1.0,-1.0,0.2248995983936199,-1,-1.0,-1.0,-1.0,0.0,0,GBPUSD
9,Tue,-1.0,True,1.457142857142869,-1.0,-1.0,-1.0,1.0,-1.0,0.771428571428598,0,-1.0,-1.0,1.0,0.0,0,GBPUSD
3,Wed,-1.0,True,1.4062216852914828,-1.0,1.0,1.0,1.0,1.0,0.28994261552397727,-1,-1.0,-1.0,-1.0,1.0,1,GBPUSD
9,Wed,-1.0,True,2.3265700483091107,-1.0,1.0,1.0,-1.0,1.0,0.22415458937190114,0,-1.0,-1.0,1.0,0.0,0,GBPUSD
3,Thu,-1.0,True,0.7890017931859596,-1.0,1.0,1.0,1.0,-1.0,0.3945008965929798,-1,-1.0,-1.0,-1.0,1.0,1,GBPUSD
9,Thu,1.0,True,1.141115513562942,1.0,-1.0,-1.0,1.0,-1.0,0.9289850655288784,0,1.0,-1.0,1.0,0.0,0,GBPUSD
3,Tue,1.0,False,0.008679927667133516,1.0,1.0,1.0,-1.0,1.0,0.16491862567823504,1,1.0,1.0,1.0,0.0,0,GBPUSD
9,Tue,-1.0,False,0.8738069989396164,-1.0,1.0,-1.0,1.0,1.0,0.7889713679744332,0,-1.0,-1.0,-1.0,1.0,0,GBPUSD
3,Wed,1.0,True,1.9126717557252142,1.0,-1.0,-1.0,1.0,-1.0,0.131908396946617,1,1.0,1.0,1.0,0.0,0,GBPUSD
9,Wed,1.0,True,0.5482052803322062,1.0,-1.0,-1.0,1.0,-1.0,0.07119549095223252,0,-1.0,-1.0,-1.0,0.0,0,GBPUSD
3,Thu,1.0,True,1.1850907932462948,1.0,1.0,1.0,0.0,1.0,0.592545396623105,-1,-1.0,-1.0,-1.0,0.0,1,GBPUSD
9,Thu,-1.0,True,1.5700934579439487,-1.0,1.0,1.0,1.0,1.0,0.797124370956161,-1,-1.0,-1.0,-1.0,1.0,0,GBPUSD
3,Tue,-1.0,False,0.14259881167654226,-1.0,-1.0,1.0,1.0,1.0,0.26659777835180837,-1,-1.0,-1.0,-1.0,0.0,0,GBPUSD
9,Tue,1.0,True,1.0879120879120616,1.0,1.0,-1.0,1.0,1.0,0.1846153846154263,0,-1.0,-1.0,-1.0,1.0,0,GBPUSD
3,Wed,-1.0,True,0.7502038597444881,-1.0,-1.0,-1.0,1.0,1.0,0.5479749932046456,1,1.0,1.0,1.0,0.0,-1,GBPUSD
9,Wed,1.0,True,1.3732210281729706,1.0,1.0,1.0,-1.0,1.0,0.5437118791751406,0,1.0,1.0,1.0,0.0,0,GBPUSD
3,Thu,-1.0,False,0.08969567538709854,-1.0,1.0,1.0,1.0,-1.0,0.5253603844100673,-1,-1.0,-1.0,-1.0,1.0,1,GBPUSD
9,Thu,-1.0,False,0.13107932379716672,-1.0,-1.0,1.0,1.0,-1.0,0.3120936280885318,-1,-1.0,-1.0,-1.0,0.0,0,GBPUSD
3,Tue,-1.0,False,0.2779532533165104,-1.0,-1.0,1.0,1.0,-1.0,0.3689197725836463,0,-1.0,1.0,1.0,0.0,0,GBPUSD
9,Tue,-1.0,False,0.08433236874741709,-1.0,-1.0,-1.0,-1.0,-1.0,0.17858619264154377,0,1.0,1.0,1.0,-1.0,0,GBPUSD
3,Wed,1.0,True,0.5580204778157227,1.0,1.0,-1.0,-1.0,-1.0,0.14334470989764186,1,1.0,1.0,1.0,0.0,0,GBPUSD
9,Wed,-1.0,True,1.0467969104951986,-1.0,1.0,1.0,1.0,-1.0,0.8450704225351883,0,-1.0,-1.0,-1.0,1.0,0,GBPUSD
3,Thu,-1.0,False,0.7428438445426031,-1.0,-1.0,-1.0,-1.0,-1.0,3.3846869909238437,1,1.0,1.0,1.0,-1.0,-1,GBPUSD
9,Thu,1.0,False,0.03990024937659837,1.0,-1.0,-1.0,-1.0,-1.0,0.23940149625936874,1,1.0,1.0,1.0,-1.0,0,GBPUSD
3,Tue,-1.0,True,1.0417021276595826,1.0,1.0,-1.0,1.0,-1.0,0.04765957446809437,0,-1.0,1.0,1.0,1.0,0,GBPUSD
9,Tue,-1.0,False,0.30604982206415965,-1.0,1.0,1.0,1.0,-1.0,0.3060498220640016,0,-1.0,-1.0,-1.0,1.0,0,GBPUSD
3,Wed,-1.0,True,1.489908256880729,-1.0,1.0,1.0,-1.0,1.0,0.6458715596330269,0,1.0,-1.0,-1.0,0.0,0,GBPUSD
9,Wed,-1.0,False,0.12915479582146602,-1.0,-1.0,-1.0,1.0,1.0,0.5925925925925989,0,1.0,1.0,-1.0,0.0,0,GBPUSD
3,Thu,1.0,False,0.46325770402976285,1.0,-1.0,-1.0,1.0,-1.0,0.008127328140926855,0,-1.0,-1.0,-1.0,0.0,0,GBPUSD
9,Thu,1.0,False,0.7177724303883875,-1.0,-1.0,-1.0,1.0,-1.0,2.0625644551393583,0,-1.0,1.0,1.0,0.0,-1,GBPUSD
3,Tue,1.0,False,0.26729665879171727,1.0,-1.0,-1.0,-1.0,-1.0,0.4211947350656927,1,1.0,1.0,1.0,-1.0,-1,GBPUSD
9,Tue,1.0,True,0.8674698795181576,1.0,-1.0,-1.0,1.0,-1.0,0.4151992585728384,0,-1.0,-1.0,-1.0,0.0,0,GBPUSD
3,Wed,-1.0,True,6.340493747996161,-1.0,-1.0,1.0,1.0,1.0,0.12311638345635889,0,-1.0,1.0,-1.0,0.0,0,GBPUSD
9,Wed,-1.0,True,0.9933669408331101,-1.0,1.0,1.0,-1.0,1.0,1.006102414433618,0,1.0,1.0,-1.0,0.0,0,GBPUSD
3,Thu,-1.0,False,0.27286208601082346,-1.0,1.0,-1.0,-1.0,-1.0,0.1720217498763658,0,-1.0,1.0,1.0,0.0,0,GBPUSD
9,Thu,-1.0,False,0.5154769425142346,-1.0,1.0,1.0,1.0,-1.0,0.6140240050536909,-1,-1.0,-1.0,-1.0,1.0,1,GBPUSD
3,Tue,1.0,False,0.937571811566246,1.0,-1.0,1.0,1.0,-1.0,0.2573726541555441,-1,-1.0,-1.0,-1.0,0.0,0,GBPUSD
9,Tue,-1.0,True,1.9196675900277282,-1.0,1.0,1.0,-1.0,-1.0,0.20775623268704987,0,1.0,1.0,1.0,0.0,0,GBPUSD
3,Wed,-1.0,True,1.791477787851315,-1.0,1.0,1.0,1.0,-1.0,0.4206708975521535,-1,-1.0,-1.0,-1.0,1.0,1,GBPUSD
9,Wed,1.0,False,0.13575468889544381,1.0,-1.0,-1.0,-1.0,-1.0,1.7147960702589977,1,1.0,1.0,1.0,-1.0,-1,GBPUSD
3,Thu,1.0,True,0.8093947606142701,1.0,-1.0,1.0,1.0,-1.0,0.014453477868206525,-1,1.0,-1.0,-1.0,0.0,0,GBPUSD
9,Thu,1.0,False,0.08002424977269623,1.0,1.0,1.0,1.0,-1.0,0.29827220369809926,-1,-1.0,-1.0,-1.0,1.0,0,GBPUSD
3,Tue,1.0,False,0.16332703213616656,1.0,1.0,1.0,-1.0,-1.0,0.5444234404536199,0,1.0,-1.0,-1.0,0.0,0,GBPUSD
9,Tue,-1.0,False,0.02826855123672497,1.0,-1.0,-1.0,1.0,-1.0,0.8103651354535496,0,-1.0,-1.0,-1.0,0.0,0,GBPUSD
3,Wed,-1.0,False,0.06801007556669278,1.0,1.0,1.0,-1.0,1.0,0.6498740554156797,0,1.0,-1.0,-1.0,0.0,0,GBPUSD
9,Wed,1.0,True,2.9658639851812003,1.0,-1.0,-1.0,-1.0,1.0,1.3781423657052005,1,1.0,1.0,1.0,-1.0,-1,GBPUSD
3,Thu,1.0,True,1.1047942299533342,1.0,1.0,1.0,-1.0,-1.0,0.9062367416206505,-1,-1.0,-1.0,-1.0,0.0,1,GBPUSD
9,Thu,-1.0,True,2.170648464163863,-1.0,-1.0,-1.0,1.0,-1.0,0.010238907849782892,0,-1.0,-1.0,-1.0,0.0,0,GBPUSD
3,Tue,1.0,False,0.27608874281011,1.0,1.0,1.0,1.0,-1.0,0.7099424815119199,-1,-1.0,-1.0,-1.0,1.0,1,GBPUSD
9,Tue,1.0,True,2.11077542799609,1.0,-1.0,-1.0,1.0,-1.0,0.2980866062437001,0,-1.0,-1.0,-1.0,0.0,0,GBPUSD
3,Wed,1.0,True,1.8885595732068439,1.0,1.0,-1.0,-1.0,1.0,0.12092471843509398,0,1.0,1.0,1.0,0.0,0,GBPUSD
9,Wed,-1.0,False,0.19924307166402414,1.0,1.0,1.0,-1.0,1.0,0.3252350140397811,0,1.0,1.0,1.0,0.0,0,GBPUSD
3,Thu,-1.0,False,0.15521064301545298,-1.0,-1.0,-1.0,1.0,-1.0,0.09756097560970485,-1,-1.0,-1.0,-1.0,0.0,0,GBPUSD
9,Thu,1.0,True,0.9699999999999055,1.0,1.0,1.0,1.0,-1.0,0.794999999999982,-1,-1.0,-1.0,-1.0,1.0,1,GBPUSD
3,Tue,1.0,False,0.7442949093037367,1.0,-1.0,-1.0,-1.0,-1.0,0.6951433586893315,1,1.0,1.0,1.0,-1.0,-1,GBPUSD
9,Tue,-1.0,True,1.3797068123023655,-1.0,-1.0,-1.0,-1.0,-1.0,0.75883874676637,0,1.0,1.0,1.0,-1.0,0,GBPUSD
3,Wed,1.0,True,0.5806949806949334,1.0,-1.0,-1.0,1.0,-1.0,0.42625482625486744,1,1.0,1.0,1.0,0.0,0,GBPUSD
9,Wed,-1.0,True,2.783329018897259,-1.0,1.0,-1.0,1.0,-1.0,0.5777892829406431,-1,-1.0,-1.0,-1.0,1.0,0,GBPUSD
3,Thu,-1.0,True,1.0050541516244642,-1.0,1.0,-1.0,-1.0,-1.0,0.11552346570395845,0,1.0,-1.0,1.0,0.0,0,GBPUSD
9,Thu,1.0,True,1.7648612945838296,1.0,-1.0,-1.0,-1.0,-1.0,0.4280052840158399,0,1.0,1.0,1.0,-1.0,0,GBPUSD
3,Tue,-1.0,True,1.2494881544312029,-1.0,-1.0,1.0,-1.0,1.0,0.2667446621818021,1,1.0,1.0,1.0,-1.0,0,GBPUSD
9,Tue,1.0,False,0.23482187656792064,1.0,-1.0,1.0,-1.0,1.0,0.499749121926806,0,1.0,1.0,1.0,-1.0,0,GBPUSD
3,Wed,-1.0,True,1.0368986454927172,-1.0,1.0,1.0,-1.0,1.0,0.5604857543204785,0,-1.0,-1.0,-1.0,0.0,0,GBPUSD
9,Wed,-1.0,True,2.043234587670183,-1.0,1.0,1.0,-1.0,1.0,0.4611689351481599,0,1.0,1.0,1.0,0.0,0,GBPUSD
3,Thu,-1.0,False,0.5613608748482318,-1.0,-1.0,-1.0,-1.0,-1.0,0.33535844471455123,1,1.0,1.0,1.0,-1.0,0,GBPUSD
9,Thu,-1.0,False,0.7659574468084871,-1.0,1.0,1.0,-1.0,-1.0,0.5390070921986467,-1,1.0,1.0,-1.0,0.0,0,GBPUSD
3,Tue,1.0,True,0.46683046683047635,1.0,-1.0,-1.0,1.0,-1.0,0.11793611793612839,0,1.0,1.0,-1.0,0.0,0,GBPUSD
9,Tue,-1.0,False,0.38701874622048144,-1.0,-1.0,-1.0,1.0,-1.0,1.1852449103003855,0,-1.0,-1.0,-1.0,0.0,0,GBPUSD
3,Wed,1.0,False,0.4304381245196832,1.0,1.0,1.0,1.0,1.0,1.1314373558801152,-1,-1.0,-1.0,-1.0,1.0,1,GBPUSD
9,Wed,-1.0,False,0.6885245901639333,1.0,1.0,1.0,1.0,1.0,2.1393442622950154,-1,-1.0,-1.0,-1.0,1.0,1,GBPUSD
3,Thu,-1.0,False,0.11212333566922551,-1.0,-1.0,-1.0,-1.0,1.0,0.5045550105115149,1,1.0,1.0,1.0,-1.0,-1,GBPUSD
9,Thu,1.0,True,0.8220101066816442,1.0,-1.0,-1.0,1.0,1.0,0.15496911847288672,0,1.0,1.0,-1.0,0.0,0,GBPUSD
3,Tue,1.0,True,1.4972776769509197,1.0,1.0,1.0,-1.0,-1.0,0.6914700544465299,-1,-1.0,-1.0,-1.0,0.0,1,GBPUSD
9,Tue,-1.0,False,0.32417582417587926,-1.0,1.0,1.0,-1.0,-1.0,1.346153846153903,1,-1.0,-1.0,1.0,0.0,0,GBPUSD
3,Wed,-1.0,False,0.5053763440859921,-1.0,-1.0,-1.0,1.0,1.0,0.849462365591356,0,-1.0,-1.0,-1.0,0.0,0,GBPUSD
9,Wed,1.0,False,0.12175015852886033,1.0,1.0,-1.0,-1.0,1.0,0.24857324032967673,0,1.0,1.0,-1.0,0.0,0,GBPUSD
3,Thu,-1.0,False,0.07984790874513681,-1.0,1.0,1.0,1.0,1.0,0.7927756653992386,-1,-1.0,-1.0,-1.0,1.0,1,GBPUSD
9,Thu,1.0,False,0.5051940951339111,1.0,1.0,1.0,1.0,1.0,1.6139967195189446,-1,-1.0,-1.0,-1.0,1.0,1,GBPUSD
9,Tue,-1.0,False,0.5354818717075043,-1.0,-1.0,-1.0,-1.0,1.0,0.3718624109079203,0,-1.0,-1.0,1.0,-1.0,0,GBPUSD
3,Wed,1.0,True,1.1189827429608497,-1.0,-1.0,-1.0,-1.0,1.0,2.5140781108083607,1,1.0,1.0,1.0,-1.0,-1,GBPUSD
9,Wed,-1.0,True,0.8547096774193192,-1.0,1.0,1.0,-1.0,1.0,1.8085161290322864,-1,0.0,-1.0,-1.0,0.0,0,GBPUSD
3,Thu,-1.0,False,0.09439528023595303,-1.0,-1.0,-1.0,1.0,-1.0,0.4424778761060872,-1,-1.0,1.0,1.0,0.0,0,GBPUSD
9,Thu,1.0,False,0.23695345557127775,-1.0,1.0,-1.0,-1.0,-1.0,0.1286318758816152,1,1.0,1.0,1.0,0.0,0,GBPUSD
3,Tue,-1.0,False,0.4041700080191833,-1.0,1.0,1.0,-1.0,1.0,1.7642341619887743,-1,-1.0,-1.0,-1.0,0.0,1,GBPUSD
9,Tue,-1.0,False,0.624867162592972,1.0,-1.0,1.0,1.0,1.0,0.2678002125399058,-1,-1.0,-1.0,-1.0,0.0,0,GBPUSD
3,Wed,-1.0,False,0.29671255970778027,-1.0,-1.0,-1.0,1.0,1.0,1.4228715931440294,0,1.0,1.0,1.0,0.0,-1,GBPUSD
9,Wed,1.0,False,0.6059629331184169,1.0,-1.0,-1.0,-1.0,1.0,1.0185334407735183,0,1.0,1.0,1.0,-1.0,0,GBPUSD
3,Thu,1.0,True,1.614935822637107,1.0,1.0,1.0,1.0,-1.0,0.732788798133052,-1,-1.0,-1.0,-1.0,1.0,1,GBPUSD
9,Thu,-1.0,False,0.484472049689393,-1.0,-1.0,-1.0,1.0,-1.0,0.8985507246376763,0,-1.0,-1.0,1.0,0.0,0,GBPUSD
3,Tue,1.0,False,0.21408797293134002,1.0,-1.0,-1.0,1.0,-1.0,0.17717625346049282,0,-1.0,1.0,1.0,0.0,0,GBPUSD
9,Tue,-1.0,False,0.22618646920234145,-1.0,1.0,1.0,1.0,-1.0,1.3086502860989537,-1,-1.0,-1.0,-1.0,1.0,1,GBPUSD
3,Thu,-1.0,False,0.21694915254241953,1.0,-1.0,-1.0,-1.0,1.0,0.6973365617432702,1,1.0,1.0,1.0,-1.0,-1,GBPUSD
9,Thu,-1.0,True,1.4130323242688319,-1.0,1.0,-1.0,-1.0,1.0,0.29656233966137413,0,1.0,1.0,1.0,0.0,0,GBPUSD
3,Tue,-1.0,False,0.42664266426646963,-1.0,1.0,1.0,1.0,-1.0,0.7236723672367982,-1,-1.0,-1.0,-1.0,1.0,1,GBPUSD
9,Tue,-1.0,False,0.09659090909091297,-1.0,-1.0,-1.0,-1.0,-1.0,0.11363636363635336,1,1.0,1.0,1.0,-1.0,-1,GBPUSD
3,Thu,-1.0,True,1.5466957946477036,-1.0,-1.0,-1.0,1.0,-1.0,0.48498088476240814,0,-1.0,1.0,1.0,0.0,0,GBPUSD
9,Thu,-1.0,False,0.32546177227029877,-1.0,-1.0,-1.0,-1.0,-1.0,0.8866027589432663,1,1.0,1.0,1.0,-1.0,-1,GBPUSD
3,Tue,1.0,False,0.39373939279649434,1.0,1.0,1.0,1.0,1.0,0.6698095417688725,-1,-1.0,-1.0,-1.0,1.0,1,GBPUSD
9,Tue,-1.0,True,0.7123409953135603,-1.0,1.0,1.0,-1.0,1.0,0.8408837313099967,0,-1.0,-1.0,1.0,0.0,0,GBPUSD
3,Wed,-1.0,True,1.7202017520574293,-1.0,-1.0,-1.0,1.0,-1.0,1.3506769312449554,1,1.0,1.0,1.0,0.0,-1,GBPUSD
9,Wed,-1.0,True,1.3754385964913016,-1.0,1.0,-1.0,-1.0,-1.0,0.9122807017544391,0,1.0,1.0,1.0,0.0,0,GBPUSD
3,Thu,1.0,True,1.0664206642065823,1.0,-1.0,-1.0,-1.0,-1.0,1.3210332103320728,1,1.0,1.0,1.0,-1.0,-1,GBPUSD
9,Thu,1.0,True,0.5440806045340835,1.0,1.0,1.0,-1.0,-1.0,0.28211586901760327,-1,1.0,1.0,-1.0,0.0,0,GBPUSD
3,Tue,1.0,False,0.13581890812241762,-1.0,-1.0,1.0,-1.0,1.0,0.1358189081225063,0,-1.0,-1.0,1.0,-1.0,0,GBPUSD
9,Tue,1.0,False,0.12123323462816575,1.0,-1.0,-1.0,-1.0,1.0,0.4264065493816515,1,1.0,1.0,1.0,-1.0,-1,GBPUSD
3,Wed,-1.0,True,1.2394160583941174,-1.0,1.0,1.0,-1.0,1.0,1.5941605839416517,0,-1.0,-1.0,-1.0,0.0,1,GBPUSD
9,Wed,-1.0,True,1.280391813888403,-1.0,1.0,1.0,1.0,1.0,3.5473150253628916,-1,-1.0,-1.0,-1.0,1.0,1,GBPUSD
3,Thu,-1.0,False,0.5933466642428771,-1.0,-1.0,1.0,-1.0,1.0,0.09598254862747294,1,1.0,-1.0,1.0,-1.0,0,GBPUSD
9,Thu,1.0,False,0.030644818046366738,1.0,-1.0,-1.0,-1.0,1.0,0.010214939348751109,1,1.0,1.0,1.0,-1.0,0,GBPUSD
3,Tue,-1.0,False,0.28833292048548537,-1.0,1.0,-1.0,-1.0,1.0,0.1456527124102365,0,1.0,1.0,1.0,0.0,0,GBPUSD
9,Tue,1.0,False,0.0667501042970309,1.0,1.0,1.0,-1.0,1.0,1.128076762619926,0,1.0,1.0,-1.0,0.0,0,GBPUSD
3,Wed,1.0,True,0.9626687847497468,1.0,-1.0,-1.0,-1.0,1.0,0.13343923749009745,1,1.0,1.0,1.0,-1.0,0,GBPUSD
9,Wed,-1.0,False,0.44372990353698666,-1.0,-1.0,-1.0,1.0,1.0,0.52572347266882,0,-1.0,-1.0,-1.0,0.0,0,GBPUSD
3,Thu,-1.0,True,0.6011955593509785,1.0,-1.0,-1.0,-1.0,-1.0,0.28010247651581405,1,1.0,1.0,1.0,-1.0,0,GBPUSD
9,Thu,1.0,False,0.41915085817527253,-1.0,1.0,1.0,1.0,-1.0,0.542005420054229,0,-1.0,-1.0,-1.0,1.0,0,GBPUSD
3,Tue,-1.0,False,0.23165091494069576,1.0,-1.0,-1.0,-1.0,1.0,0.1785642469335378,1,1.0,1.0,1.0,-1.0,0,GBPUSD
9,Tue,1.0,False,0.2637966567437765,1.0,-1.0,-1.0,-1.0,1.0,0.1593771467826322,1,1.0,1.0,1.0,-1.0,0,GBPUSD
3,Wed,-1.0,False,0.7703703703703135,-1.0,-1.0,-1.0,1.0,-1.0,0.5999999999999794,-1,-1.0,1.0,-1.0,0.0,0,GBPUSD
9,Wed,1.0,True,0.6777292576418691,1.0,-1.0,-1.0,-1.0,-1.0,1.9144104803493394,1,1.0,1.0,1.0,-1.0,-1,GBPUSD
3,Thu,1.0,False,0.15825375170538913,-1.0,1.0,1.0,-1.0,1.0,0.6275579809005264,1,-1.0,-1.0,-1.0,0.0,0,GBPUSD
9,Thu,-1.0,False,0.20713150124917384,-1.0,1.0,1.0,-1.0,1.0,1.5970928912104707,-1,-1.0,-1.0,-1.0,0.0,1,GBPUSD
3,Tue,1.0,False,0.17595307917894198,1.0,1.0,1.0,-1.0,1.0,0.20762463343111404,0,1.0,-1.0,-1.0,0.0,0,GBPUSD
9,Tue,1.0,True,0.756950089416368,1.0,1.0,1.0,1.0,1.0,0.5423508372622292,0,1.0,-1.0,-1.0,1.0,0,GBPUSD
3,Wed,1.0,False,0.2767419038272679,1.0,1.0,1.0,1.0,1.0,1.495583905790002,-1,-1.0,-1.0,-1.0,1.0,1,GBPUSD
9,Wed,1.0,False,0.07768786127169237,1.0,-1.0,-1.0,1.0,1.0,1.2374566473988182,0,-1.0,-1.0,-1.0,0.0,0,GBPUSD
3,Thu,-1.0,True,1.7746248294679086,-1.0,-1.0,-1.0,-1.0,1.0,0.7923601637108681,1,1.0,1.0,1.0,-1.0,-1,GBPUSD
9,Thu,1.0,False,0.47899744720357285,1.0,1.0,-1.0,-1.0,1.0,0.5124158737526276,0,1.0,1.0,1.0,0.0,0,GBPUSD
3,Tue,1.0,True,1.2935444579780948,1.0,-1.0,-1.0,-1.0,-1.0,1.3666260657734575,1,1.0,1.0,1.0,-1.0,-1,GBPUSD
9,Tue,1.0,False,0.6052871467639726,1.0,1.0,1.0,1.0,-1.0,1.2616226071102907,-1,-1.0,-1.0,-1.0,1.0,1,GBPUSD
3,Wed,-1.0,True,1.002557544756949,-1.0,1.0,1.0,-1.0,1.0,0.9820971867007002,-1,-1.0,-1.0,-1.0,0.0,0,GBPUSD
9,Wed,1.0,True,0.9411764705883071,1.0,-1.0,-1.0,1.0,1.0,3.8135981665394083,1,1.0,1.0,1.0,0.0,-1,GBPUSD
3,Thu,-1.0,True,1.4452079566003764,-1.0,1.0,1.0,1.0,-1.0,0.9591320072332866,-1,-1.0,-1.0,-1.0,1.0,1,GBPUSD
9,Thu,1.0,True,0.5087878238810888,1.0,1.0,-1.0,-1.0,-1.0,0.16959594129366407,1,-1.0,1.0,1.0,0.0,0,GBPUSD
3,Tue,-1.0,False,0.39569892473128837,-1.0,1.0,1.0,-1.0,1.0,1.1784946236559835,0,1.0,-1.0,-1.0,0.0,0,GBPUSD
9,Tue,1.0,True,1.166896551724243,1.0,1.0,-1.0,-1.0,1.0,0.3062068965518911,1,1.0,1.0,1.0,0.0,0,GBPUSD
3,Wed,-1.0,False,0.37674418604649884,-1.0,1.0,-1.0,-1.0,-1.0,0.1674418604649729,-1,-1.0,-1.0,-1.0,0.0,0,GBPUSD
9,Wed,1.0,False,0.08737048445810904,-1.0,1.0,1.0,-1.0,-1.0,0.329319518342264,0,1.0,1.0,1.0,0.0,0,GBPUSD
3,Thu,1.0,True,0.9896907216494725,1.0,1.0,1.0,1.0,-1.0,0.359887535145293,-1,-1.0,-1.0,-1.0,1.0,0,GBPUSD
9,Thu,1.0,False,0.030360531309328295,1.0,1.0,1.0,1.0,-1.0,1.0474383301707306,-1,-1.0,-1.0,-1.0,1.0,0,GBPUSD
3,Tue,1.0,False,0.47228381374721046,1.0,-1.0,-1.0,1.0,-1.0,1.2106430155211412,1,1.0,1.0,1.0,0.0,-1,GBPUSD
9,Tue,-1.0,True,0.5427468284611332,-1.0,1.0,1.0,1.0,-1.0,0.8869277440706645,-1,-1.0,-1.0,-1.0,1.0,1,GBPUSD
3,Wed,1.0,False,0.23300970873782145,1.0,-1.0,1.0,-1.0,1.0,0.02824360105916313,0,1.0,-1.0,1.0,-1.0,0,GBPUSD
9,Wed,1.0,True,0.8222222222221645,1.0,1.0,1.0,-1.0,1.0,0.7629629629630116,-1,1.0,-1.0,-1.0,0.0,0,GBPUSD
3,Thu,1.0,False,0.34706684856748143,1.0,1.0,1.0,-1.0,1.0,0.23574351978166633,0,1.0,-1.0,-1.0,0.0,0,GBPUSD
9,Thu,-1.0,False,0.23656973878755627,-1.0,-1.0,-1.0,1.0,1.0,2.0285855101035444,1,1.0,1.0,1.0,0.0,-1,GBPUSD
3,Tue,1.0,False,0.8173374613003643,1.0,1.0,1.0,-1.0,1.0,0.30252100840334106,-1,-1.0,-1.0,-1.0,0.0,0,GBPUSD
9,Tue,-1.0,True,0.6530267875975668,-1.0,-1.0,-1.0,1.0,1.0,1.2301202278000207,-1,-1.0,-1.0,-1.0,0.0,0,GBPUSD
3,Wed,1.0,True,1.1224615384615764,1.0,1.0,1.0,1.0,1.0,1.1716923076922314,-1,-1.0,-1.0,-1.0,1.0,1,GBPUSD
9,Wed,1.0,True,2.3217612193056785,1.0,1.0,-1.0,1.0,1.0,0.48772226926337775,0,-1.0,-1.0,1.0,1.0,0,GBPUSD
3,Thu,-1.0,True,0.6858573216520978,-1.0,1.0,1.0,1.0,1.0,0.4605757196495685,-1,-1.0,-1.0,-1.0,1.0,0,GBPUSD
9,Thu,1.0,False,0.28695652173903513,-1.0,1.0,1.0,-1.0,1.0,0.5478260869565083,0,-1.0,1.0,-1.0,0.0,0,GBPUSD
3,Tue,1.0,True,0.7645926876202653,1.0,1.0,-1.0,1.0,-1.0,0.8774855676716362,-1,-1.0,-1.0,-1.0,1.0,0,GBPUSD
9,Tue,-1.0,True,0.76234639462084,-1.0,1.0,1.0,1.0,-1.0,1.135172733596125,-1,-1.0,-1.0,-1.0,1.0,1,GBPUSD
3,Wed,1.0,True,0.7456556082148258,1.0,-1.0,-1.0,-1.0,1.0,0.9289099526065492,1,1.0,1.0,1.0,-1.0,-1,GBPUSD
9,Wed,-1.0,False,0.5025853154084681,1.0,-1.0,1.0,1.0,1.0,0.07445708376415626,-1,1.0,-1.0,-1.0,0.0,0,GBPUSD
3,Thu,1.0,False,0.12137343625227273,-1.0,-1.0,-1.0,-1.0,1.0,0.4918818206015025,1,1.0,1.0,1.0,-1.0,-1,GBPUSD
9,Thu,1.0,False,0.2624699919978797,1.0,1.0,-1.0,-1.0,1.0,0.03200853560956339,0,1.0,1.0,1.0,0.0,0,GBPUSD
3,Tue,1.0,True,0.6305882352942872,1.0,1.0,1.0,-1.0,1.0,0.5270588235295285,1,1.0,-1.0,-1.0,0.0,0,GBPUSD
9,Tue,-1.0,False,0.21301775147930627,-1.0,1.0,-1.0,-1.0,1.0,0.41715976331358395,1,1.0,1.0,1.0,0.0,0,GBPUSD
3,Wed,-1.0,False,0.46427457098290204,-1.0,-1.0,-1.0,-1.0,1.0,0.5092043681747529,1,1.0,1.0,1.0,-1.0,-1,GBPUSD
9,Wed,-1.0,False,0.022813688212908818,1.0,-1.0,1.0,-1.0,1.0,0.8212927756655617,0,1.0,1.0,1.0,-1.0,0,GBPUSD
3,Thu,-1.0,True,0.9618196588139323,-1.0,-1.0,-1.0,-1.0,1.0,0.5783915515841201,1,1.0,1.0,1.0,-1.0,-1,GBPUSD
9,Thu,1.0,False,0.07239819004532302,1.0,-1.0,-1.0,-1.0,1.0,0.14479638009051207,0,1.0,1.0,1.0,-1.0,0,GBPUSD
3,Tue,-1.0,False,0.6125609406365379,-1.0,-1.0,-1.0,1.0,1.0,0.5712646974477381,0,1.0,1.0,1.0,0.0,0,GBPUSD
9,Tue,-1.0,True,0.611422172452393,-1.0,1.0,1.0,1.0,1.0,0.8129899216126572,-1,-1.0,-1.0,-1.0,1.0,0,GBPUSD
3,Wed,-1.0,True,2.3002944062807296,-1.0,1.0,1.0,-1.0,1.0,0.6830225711482965,0,1.0,-1.0,-1.0,0.0,0,GBPUSD
9,Wed,-1.0,False,0.736554238833134,1.0,-1.0,-1.0,-1.0,1.0,0.2625341841384931,1,1.0,1.0,1.0,-1.0,0,GBPUSD
3,Thu,-1.0,False,0.45797101449265115,1.0,1.0,1.0,1.0,-1.0,0.5101449275362122,-1,-1.0,-1.0,-1.0,1.0,0,GBPUSD
9,Thu,-1.0,True,1.0209042294603106,1.0,1.0,1.0,1.0,-1.0,0.8283908604763915,-1,-1.0,-1.0,-1.0,1.0,1,GBPUSD
3,Tue,1.0,False,0.18186410709786546,-1.0,-1.0,-1.0,1.0,0.0,1.0729982318766254,0,-1.0,1.0,1.0,0.0,0,GBPUSD
9,Tue,-1.0,False,0.05508798775817784,-1.0,-1.0,-1.0,-1.0,0.0,1.0405508798775986,1,1.0,1.0,1.0,-1.0,-1,GBPUSD
3,Wed,-1.0,False,0.059536934950483095,-1.0,-1.0,-1.0,-1.0,1.0,0.257993384785084,0,1.0,1.0,1.0,-1.0,0,GBPUSD
9,Wed,-1.0,False,0.36288170767863376,-1.0,1.0,1.0,1.0,1.0,0.7684553809664815,-1,-1.0,-1.0,-1.0,1.0,0,GBPUSD
3,Thu,1.0,True,1.2000000000000373,1.0,1.0,1.0,1.0,1.0,1.3384615384615515,-1,-1.0,-1.0,-1.0,1.0,1,GBPUSD
9,Thu,-1.0,False,0.5633961203260666,-1.0,1.0,1.0,1.0,1.0,0.8703964014618458,0,-1.0,-1.0,-1.0,1.0,0,GBPUSD
3,Tue,1.0,False,0.09156923076924056,-1.0,-1.0,1.0,1.0,-1.0,0.11224615384616796,0,-1.0,1.0,-1.0,0.0,0,GBPUSD
9,Tue,-1.0,False,0.11244979919673978,1.0,1.0,1.0,-1.0,-1.0,0.8578313253012654,0,-1.0,1.0,-1.0,0.0,0,GBPUSD
3,Wed,1.0,False,0.03801843317974273,-1.0,-1.0,1.0,1.0,1.0,0.577188940092116,0,-1.0,-1.0,-1.0,0.0,0,GBPUSD
9,Wed,1.0,True,0.9282634261074375,1.0,-1.0,-1.0,-1.0,1.0,1.4362994903959405,1,-1.0,1.0,1.0,-1.0,-1,GBPUSD
3,Thu,1.0,False,0.2466539196940965,1.0,-1.0,1.0,1.0,1.0,0.00860420650094871,-1,-1.0,-1.0,-1.0,0.0,0,GBPUSD
9,Thu,-1.0,False,0.2143411856070643,-1.0,1.0,1.0,1.0,1.0,0.5622573129691497,-1,-1.0,-1.0,-1.0,1.0,1,GBPUSD
3,Tue,-1.0,False,0.3040205617770633,1.0,-1.0,1.0,1.0,1.0,0.3789241784468894,-1,-1.0,-1.0,-1.0,0.0,0,GBPUSD
9,Tue,-1.0,False,0.3906648362423514,-1.0,-1.0,-1.0,1.0,1.0,0.4330260835458132,0,-1.0,-1.0,-1.0,0.0,0,GBPUSD
3,Wed,-1.0,True,1.1656167445640662,-1.0,1.0,1.0,1.0,1.0,0.9997967892705307,-1,-1.0,-1.0,-1.0,1.0,1,GBPUSD
9,Wed,-1.0,True,0.6267357512953574,-1.0,1.0,1.0,1.0,1.0,0.3929533678756825,0,-1.0,-1.0,1.0,1.0,0,GBPUSD
3,Thu,1.0,True,0.9045098454372912,1.0,1.0,-1.0,-1.0,1.0,0.005081515985522889,0,1.0,1.0,1.0,0.0,0,GBPUSD
9,Thu,1.0,True,1.1902173913043137,1.0,1.0,-1.0,1.0,1.0,0.1847826086956579,0,1.0,-1.0,-1.0,1.0,0,GBPUSD
3,Tue,-1.0,True,1.5831134564644056,-1.0,1.0,1.0,1.0,1.0,0.8404893259774667,-1,-1.0,-1.0,-1.0,1.0,1,GBPUSD
9,Tue,-1.0,False,0.30467065868258714,-1.0,1.0,1.0,-1.0,1.0,0.609341317365302,0,-1.0,1.0,1.0,0.0,0,GBPUSD
3,Wed,1.0,True,0.9153412006156674,1.0,-1.0,1.0,1.0,-1.0,0.2462801436633862,0,1.0,1.0,-1.0,0.0,0,GBPUSD
9,Wed,1.0,False,0.1936121172208919,-1.0,-1.0,-1.0,-1.0,-1.0,0.06717155087257223,0,1.0,1.0,1.0,-1.0,0,GBPUSD
3,Thu,1.0,False,0.32398753894082866,1.0,-1.0,-1.0,1.0,-1.0,0.09470404984419285,0,-1.0,1.0,1.0,0.0,0,GBPUSD
9,Thu,-1.0,False,0.3874538745387041,1.0,1.0,1.0,1.0,-1.0,0.45387453874541284,0,-1.0,-1.0,-1.0,1.0,0,GBPUSD
3,Tue,1.0,False,0.11028446389487215,1.0,1.0,-1.0,-1.0,1.0,0.6354485776804829,0,1.0,1.0,1.0,0.0,0,GBPUSD
9,Tue,1.0,True,1.394008689686698,1.0,1.0,-1.0,-1.0,1.0,0.0548822318774233,0,1.0,1.0,1.0,0.0,0,GBPUSD
3,Wed,1.0,False,0.061412487205725064,-1.0,1.0,1.0,-1.0,-1.0,0.5711361310133658,0,1.0,-1.0,-1.0,0.0,0,GBPUSD
9,Wed,-1.0,False,0.34826119589693516,-1.0,-1.0,-1.0,-1.0,-1.0,0.030022516887728893,1,1.0,1.0,1.0,-1.0,0,GBPUSD
3,Thu,1.0,False,0.053643272239600436,1.0,-1.0,-1.0,-1.0,-1.0,0.2413947250781424,1,1.0,1.0,1.0,-1.0,-1,GBPUSD
9,Thu,-1.0,False,0.4263322884011537,-1.0,-1.0,1.0,1.0,-1.0,0.7322884012539311,-1,1.0,-1.0,-1.0,0.0,0,GBPUSD
3,Tue,1.0,True,0.7727975270480372,1.0,-1.0,-1.0,1.0,1.0,0.791344667697034,0,1.0,-1.0,-1.0,0.0,0,GBPUSD
9,Tue,1.0,True,1.5268048606147102,1.0,1.0,1.0,1.0,1.0,1.092208720514708,-1,-1.0,-1.0,-1.0,1.0,1,GBPUSD
3,Wed,1.0,False,0.3266575928446067,-1.0,1.0,1.0,-1.0,1.0,0.6999805560956894,0,1.0,-1.0,-1.0,0.0,0,GBPUSD
9,Wed,1.0,True,0.9300377042311995,1.0,1.0,1.0,1.0,1.0,0.10557184750735249,0,1.0,-1.0,-1.0,1.0,0,GBPUSD
3,Thu,-1.0,True,1.8377952755905447,-1.0,-1.0,-1.0,1.0,-1.0,0.4913385826772418,0,-1.0,1.0,-1.0,0.0,0,GBPUSD
9,Thu,-1.0,False,0.07002457002453817,1.0,1.0,1.0,-1.0,-1.0,2.332923832923827,1,-1.0,1.0,-1.0,0.0,0,GBPUSD
3,Tue,-1.0,False,0.040438079191233954,1.0,-1.0,1.0,1.0,-1.0,0.06065711878680604,-1,-1.0,-1.0,-1.0,0.0,0,GBPUSD
9,Tue,1.0,True,1.874309755456199,1.0,1.0,1.0,1.0,-1.0,0.6247699184854464,0,-1.0,-1.0,-1.0,1.0,0,GBPUSD
3,Wed,-1.0,False,0.132771338250679,1.0,-1.0,-1.0,1.0,1.0,0.15173867228663065,0,1.0,1.0,1.0,0.0,0,GBPUSD
9,Wed,-1.0,False,0.4587747581758905,-1.0,-1.0,-1.0,1.0,1.0,0.8401658222017269,0,-1.0,-1.0,-1.0,0.0,0,GBPUSD
3,Thu,1.0,True,1.7654524089305659,-1.0,-1.0,-1.0,1.0,-1.0,0.11280846063453376,0,-1.0,1.0,-1.0,0.0,0,GBPUSD
9,Thu,1.0,True,1.8981818181818886,1.0,-1.0,-1.0,1.0,-1.0,1.1072727272727079,0,-1.0,1.0,1.0,0.0,0,GBPUSD
3,Tue,-1.0,False,0.40449438202251653,1.0,1.0,1.0,1.0,1.0,0.7327796775769227,-1,-1.0,-1.0,-1.0,1.0,1,GBPUSD
9,Tue,-1.0,True,1.4574079280293342,-1.0,-1.0,-1.0,-1.0,1.0,0.08771436603877131,0,-1.0,-1.0,1.0,-1.0,0,GBPUSD
3,Wed,1.0,False,0.6565161290322985,-1.0,1.0,1.0,1.0,1.0,0.2972903225806687,-1,-1.0,-1.0,-1.0,1.0,0,GBPUSD
9,Wed,1.0,False,0.42279251848628335,1.0,1.0,1.0,-1.0,1.0,0.0991735537189618,0,-1.0,1.0,1.0,0.0,0,GBPUSD
3,Thu,-1.0,True,0.5858761987794251,1.0,1.0,1.0,1.0,1.0,0.09415867480375528,0,-1.0,1.0,-1.0,1.0,0,GBPUSD
9,Thu,-1.0,False,0.41543026706240704,-1.0,1.0,1.0,-1.0,1.0,1.2937685459941275,0,-1.0,1.0,-1.0,0.0,0,GBPUSD
3,Tue,-1.0,False,0.6211358734723844,-1.0,-1.0,-1.0,-1.0,1.0,0.04313443565770071,1,1.0,1.0,1.0,-1.0,0,GBPUSD
9,Tue,1.0,True,0.9996868149074902,-1.0,1.0,1.0,-1.0,1.0,0.5411838396491099,0,1.0,1.0,-1.0,0.0,0,GBPUSD
3,Wed,-1.0,False,0.13486590038320775,1.0,1.0,-1.0,-1.0,-1.0,0.4842911877393664,1,1.0,1.0,1.0,0.0,0,GBPUSD
9,Wed,-1.0,True,0.6248372819578961,-1.0,-1.0,-1.0,1.0,-1.0,0.9247591772975364,0,1.0,1.0,1.0,0.0,0,GBPUSD
3,Thu,1.0,True,1.2530779753761374,1.0,-1.0,-1.0,-1.0,-1.0,0.3119015047879378,0,1.0,-1.0,1.0,-1.0,0,GBPUSD
9,Thu,1.0,True,2.230015941698837,1.0,-1.0,-1.0,1.0,-1.0,0.6722842177180897,0,1.0,-1.0,-1.0,0.0,0,GBPUSD
3,Tue,1.0,False,0.4779936070813763,-1.0,-1.0,1.0,-1.0,1.0,0.005901155643018778,1,1.0,-1.0,1.0,-1.0,0,GBPUSD
9,Tue,-1.0,False,0.006287660466236462,1.0,-1.0,-1.0,-1.0,1.0,0.15090385119204855,1,1.0,1.0,1.0,-1.0,-1,GBPUSD
3,Wed,1.0,True,1.0268719019045618,1.0,-1.0,-1.0,1.0,-1.0,0.10644403861205486,1,1.0,1.0,1.0,0.0,0,GBPUSD
9,Wed,1.0,True,1.805989250064061,1.0,-1.0,-1.0,1.0,-1.0,0.6327105195802839,0,1.0,1.0,1.0,0.0,0,GBPUSD
3,Thu,1.0,False,0.17355371900829702,1.0,-1.0,-1.0,1.0,1.0,0.21074380165289278,0,1.0,1.0,1.0,0.0,0,GBPUSD
9,Thu,1.0,False,0.5150484166448743,1.0,-1.0,1.0,1.0,1.0,0.2198377388118706,0,-1.0,-1.0,-1.0,0.0,0,GBPUSD
3,Tue,-1.0,True,3.994221323316897,-1.0,1.0,-1.0,-1.0,1.0,0.10401618029477662,0,1.0,-1.0,1.0,0.0,0,GBPUSD
9,Tue,1.0,False,0.10684161199620071,1.0,-1.0,1.0,-1.0,1.0,0.03936269915652128,0,1.0,1.0,-1.0,-1.0,0,GBPUSD
3,Wed,-1.0,True,1.342533267619519,-1.0,1.0,1.0,-1.0,-1.0,0.4494825036963282,0,1.0,-1.0,1.0,0.0,0,GBPUSD
9,Wed,1.0,False,1.6054888507718854,1.0,-1.0,-1.0,1.0,-1.0,0.08919382504285712,0,1.0,-1.0,-1.0,0.0,0,GBPUSD
3,Thu,-1.0,True,1.1981766876491944,-1.0,1.0,1.0,1.0,1.0,0.2917299761232308,0,-1.0,-1.0,-1.0,1.0,0,GBPUSD
9,Thu,1.0,False,0.8114199849735984,1.0,1.0,1.0,1.0,1.0,0.1352366641623665,-1,-1.0,-1.0,-1.0,1.0,0,GBPUSD
3,Tue,-1.0,False,0.4161849710982108,-1.0,-1.0,-1.0,1.0,1.0,0.27085053674650816,0,1.0,1.0,-1.0,0.0,0,GBPUSD
9,Tue,-1.0,True,0.9260450160772503,-1.0,1.0,1.0,-1.0,1.0,0.23151125401938397,0,1.0,1.0,-1.0,0.0,0,GBPUSD
3,Wed,1.0,True,0.9053833605219821,1.0,1.0,1.0,1.0,-1.0,0.053833605220146664,-1,-1.0,-1.0,-1.0,1.0,0,GBPUSD
9,Wed,-1.0,False,0.18786692759293538,-1.0,1.0,-1.0,-1.0,-1.0,0.4508806262230241,0,-1.0,-1.0,1.0,0.0,0,GBPUSD
3,Thu,1.0,False,0.5535574667708968,1.0,-1.0,-1.0,-1.0,-1.0,0.7412040656762715,0,1.0,1.0,1.0,-1.0,0,GBPUSD
9,Thu,-1.0,False,0.2869955156950567,-1.0,1.0,1.0,1.0,-1.0,0.9596412556053988,-1,-1.0,-1.0,-1.0,1.0,1,GBPUSD
3,Tue,1.0,False,0.5314734088928011,1.0,1.0,1.0,1.0,1.0,0.18413251961638671,0,-1.0,-1.0,-1.0,1.0,0,GBPUSD
9,Tue,-1.0,True,0.5550660792951637,-1.0,1.0,1.0,1.0,1.0,0.22026431718068729,-1,-1.0,-1.0,-1.0,1.0,0,GBPUSD
3,Wed,1.0,False,0.1824377457404365,-1.0,1.0,1.0,1.0,1.0,0.4403669724771565,0,-1.0,-1.0,-1.0,1.0,0,GBPUSD
9,Wed,-1.0,True,0.672080649677889,1.0,1.0,-1.0,-1.0,1.0,0.10753290394843242,0,1.0,1.0,1.0,0.0,0,GBPUSD
3,Thu,1.0,False,0.6105919003115128,1.0,1.0,-1.0,1.0,1.0,0.5295950155763333,0,-1.0,-1.0,-1.0,1.0,0,GBPUSD
9,Thu,1.0,False,0.5956854558106638,1.0,-1.0,-1.0,1.0,1.0,1.1524008350730783,0,-1.0,-1.0,1.0,0.0,0,GBPUSD
3,Tue,-1.0,True,0.48578016910073235,1.0,1.0,1.0,1.0,1.0,0.35664873174468936,0,-1.0,-1.0,-1.0,1.0,0,GBPUSD
9,Tue,-1.0,True,0.728631480616581,-1.0,-1.0,-1.0,1.0,1.0,1.177020084072862,0,-1.0,-1.0,1.0,0.0,0,GBPUSD
3,Wed,-1.0,False,0.5153574340854018,-1.0,-1.0,-1.0,-1.0,1.0,0.5088339222614938,0,1.0,1.0,1.0,-1.0,0,GBPUSD
9,Wed,-1.0,True,3.448421052631629,-1.0,-1.0,-1.0,-1.0,1.0,2.5642105263157875,1,1.0,1.0,1.0,-1.0,-1,GBPUSD
3,Thu,1.0,True,0.4773480662983349,1.0,1.0,1.0,-1.0,-1.0,0.4419889502761997,0,-1.0,-1.0,1.0,0.0,0,GBPUSD
9,Thu,-1.0,True,2.0175718849839632,1.0,-1.0,1.0,1.0,-1.0,0.15335463258790802,0,-1.0,-1.0,-1.0,0.0,0,GBPUSD
3,Tue,-1.0,False,0.0704447956649156,1.0,-1.0,-1.0,1.0,-1.0,0.15714608263723048,0,-1.0,1.0,-1.0,0.0,0,GBPUSD
9,Tue,1.0,False,0.268286755771637,-1.0,-1.0,-1.0,-1.0,-1.0,0.20413122721753582,1,1.0,1.0,1.0,-1.0,-1,GBPUSD
3,Wed,1.0,True,0.8186528497408743,-1.0,1.0,1.0,1.0,-1.0,0.08808290155440442,-1,1.0,-1.0,-1.0,1.0,0,GBPUSD
9,Wed,1.0,True,1.5363234365129,1.0,-1.0,-1.0,-1.0,-1.0,0.3032217308906774,1,1.0,-1.0,1.0,-1.0,-1,GBPUSD
3,Thu,1.0,False,0.11134020618547377,1.0,1.0,1.0,1.0,1.0,0.2783505154638218,0,-1.0,-1.0,-1.0,1.0,0,GBPUSD
9,Thu,-1.0,True,1.3658536585365915,-1.0,-1.0,-1.0,-1.0,1.0,1.25147182506308,1,1.0,1.0,1.0,-1.0,-1,GBPUSD
3,Tue,-1.0,False,0.3144403303901394,1.0,1.0,1.0,1.0,-1.0,0.5195101110793806,-1,-1.0,-1.0,-1.0,1.0,0,GBPUSD
9,Tue,1.0,False,0.328767123287606,-1.0,-1.0,-1.0,1.0,-1.0,0.9076831447289287,0,-1.0,-1.0,-1.0,0.0,0,GBPUSD
3,Wed,1.0,False,0.7290803645400915,-1.0,1.0,1.0,1.0,-1.0,0.06628003314000833,0,-1.0,-1.0,-1.0,1.0,0,GBPUSD
9,Wed,-1.0,False,0.5343347639484249,-1.0,-1.0,1.0,1.0,-1.0,0.2768240343347193,0,-1.0,-1.0,-1.0,0.0,0,GBPUSD
3,Thu,-1.0,False,0.485889570552175,-1.0,-1.0,1.0,-1.0,1.0,0.11779141104295482,0,1.0,-1.0,1.0,-1.0,0,GBPUSD
9,Thu,1.0,False,0.40046565774160087,1.0,-1.0,-1.0,1.0,1.0,0.36786961583229383,0,1.0,-1.0,1.0,0.0,0,GBPUSD
3,Tue,-1.0,False,0.1474296799223401,-1.0,-1.0,-1.0,-1.0,1.0,0.2715809893308078,1,1.0,1.0,1.0,-1.0,-1,GBPUSD
9,Tue,-1.0,False,0.39290586630289714,-1.0,1.0,-1.0,1.0,1.0,0.6957708049111607,0,-1.0,-1.0,-1.0,1.0,0,GBPUSD
3,Wed,1.0,True,0.7343336275374575,1.0,-1.0,-1.0,1.0,1.0,0.3459841129743172,0,1.0,-1.0,1.0,0.0,0,GBPUSD
9,Wed,1.0,False,0.4403669724771734,1.0,1.0,-1.0,1.0,1.0,0.3596330275230059,0,-1.0,-1.0,-1.0,1.0,0,GBPUSD
3,Thu,-1.0,True,1.1701720841300691,-1.0,-1.0,-1.0,-1.0,1.0,0.13001912045889658,0,1.0,1.0,1.0,-1.0,0,GBPUSD
9,Thu,-1.0,True,1.219451371571117,1.0,1.0,1.0,-1.0,1.0,0.9501246882794029,0,1.0,1.0,1.0,0.0,0,GBPUSD
3,Tue,-1.0,True,1.4015069967707132,-1.0,-1.0,1.0,-1.0,-1.0,0.03875134553294114,0,1.0,1.0,1.0,-1.0,0,GBPUSD
9,Tue,-1.0,True,1.626457034426655,-1.0,-1.0,-1.0,1.0,-1.0,0.6766061263214572,0,1.0,1.0,-1.0,0.0,0,GBPUSD
3,Wed,1.0,True,0.9944077275038439,1.0,-1.0,-1.0,1.0,1.0,0.18301982714792428,0,1.0,1.0,1.0,0.0,0,GBPUSD
9,Wed,-1.0,True,4.177318466140879,-1.0,1.0,-1.0,1.0,1.0,0.6200707098176498,0,-1.0,-1.0,-1.0,1.0,0,GBPUSD
3,Thu,1.0,True,0.6627497062279327,-1.0,-1.0,1.0,1.0,-1.0,0.2303172737955849,-1,-1.0,-1.0,-1.0,0.0,0,GBPUSD
9,Thu,-1.0,True,0.984749455337768,-1.0,1.0,1.0,-1.0,-1.0,0.4793028322439616,0,1.0,1.0,1.0,0.0,0,GBPUSD
3,Tue,1.0,False,0.23900898712656007,-1.0,-1.0,-1.0,1.0,1.0,0.6470731114889134,1,1.0,1.0,1.0,0.0,-1,GBPUSD
9,Tue,1.0,False,0.06559006211183427,-1.0,-1.0,-1.0,1.0,1.0,0.32198757763974517,0,-1.0,1.0,-1.0,0.0,0,GBPUSD
3,Wed,-1.0,False,0.2569444444444371,-1.0,-1.0,-1.0,1.0,1.0,0.4166666666667839,0,-1.0,-1.0,-1.0,0.0,0,GBPUSD
9,Wed,-1.0,False,0.03666361136563465,1.0,1.0,1.0,1.0,1.0,0.029330889092442598,-1,-1.0,-1.0,-1.0,1.0,0,GBPUSD
3,Thu,1.0,False,0.2601997146933223,1.0,1.0,1.0,1.0,1.0,0.13009985734658513,-1,-1.0,-1.0,-1.0,1.0,1,GBPUSD
9,Thu,1.0,False,0.5333333333334057,1.0,1.0,1.0,1.0,1.0,2.406666666666666,-1,-1.0,-1.0,-1.0,1.0,1,GBPUSD
3,Tue,1.0,False,0.7875119464798471,1.0,-1.0,-1.0,1.0,-1.0,1.0933418286078838,0,1.0,1.0,1.0,0.0,-1,GBPUSD
9,Tue,1.0,False,2.038013488657215,1.0,0.0,-1.0,1.0,-1.0,0.0,0,-1.0,-1.0,-1.0,0.0,0,GBPUSD
3,Wed,1.0,True,0.4664206642065428,1.0,1.0,1.0,1.0,1.0,0.1298892988930509,-1,-1.0,-1.0,-1.0,1.0,0,GBPUSD
9,Wed,-1.0,True,0.9686638255201035,-1.0,1.0,1.0,1.0,1.0,0.4993732765104635,0,-1.0,-1.0,-1.0,1.0,0,GBPUSD
3,Thu,1.0,False,0.5438423645319017,1.0,-1.0,-1.0,1.0,1.0,0.2758620689655715,0,1.0,1.0,1.0,0.0,0,GBPUSD
9,Thu,-1.0,True,1.605633802816836,-1.0,-1.0,-1.0,1.0,1.0,0.5377720870677998,0,-1.0,1.0,1.0,0.0,0,GBPUSD
3,Tue,1.0,True,1.200822481151479,1.0,-1.0,-1.0,1.0,-1.0,0.4688142563401048,0,1.0,-1.0,1.0,0.0,0,GBPUSD
9,Tue,-1.0,True,1.0537870472009627,-1.0,-1.0,1.0,1.0,-1.0,0.0702524698134625,0,-1.0,-1.0,-1.0,0.0,0,GBPUSD
3,Wed,1.0,False,0.5048275862069053,1.0,1.0,1.0,-1.0,-1.0,0.7117241379309324,0,1.0,-1.0,-1.0,0.0,0,GBPUSD
9,Wed,1.0,True,1.246943765281213,1.0,-1.0,-1.0,1.0,-1.0,1.687041564792172,1,1.0,-1.0,1.0,0.0,-1,GBPUSD
3,Thu,-1.0,False,0.5581395348836514,1.0,1.0,-1.0,-1.0,-1.0,0.09414401793221455,0,1.0,-1.0,1.0,0.0,0,GBPUSD
9,Thu,-1.0,False,0.5820256776034426,-1.0,-1.0,-1.0,1.0,-1.0,1.2804564907275737,0,-1.0,-1.0,1.0,0.0,0,GBPUSD
3,Tue,-1.0,False,0.41003031138044244,-1.0,1.0,1.0,1.0,-1.0,0.5885918985945464,0,-1.0,-1.0,1.0,1.0,0,GBPUSD
9,Tue,-1.0,True,0.5768621236132976,-1.0,1.0,1.0,1.0,-1.0,0.5578446909667208,-1,-1.0,-1.0,-1.0,1.0,1,GBPUSD
3,Wed,1.0,True,0.6260869565217256,-1.0,1.0,-1.0,-1.0,1.0,0.5874396135264748,1,1.0,1.0,1.0,0.0,0,GBPUSD
9,Wed,1.0,True,0.8147429679922396,1.0,1.0,-1.0,-1.0,1.0,0.628516003879713,1,1.0,1.0,1.0,0.0,0,GBPUSD
3,Thu,1.0,False,0.007393715342007837,-1.0,1.0,-1.0,1.0,1.0,0.022181146026023512,0,-1.0,1.0,1.0,1.0,0,GBPUSD
9,Thu,-1.0,True,0.8923076923077273,-1.0,-1.0,1.0,1.0,1.0,0.4923076923076704,0,-1.0,1.0,-1.0,0.0,0,GBPUSD
3,Tue,1.0,True,0.9781803211196142,-1.0,-1.0,-1.0,-1.0,1.0,0.6027171675586565,1,1.0,1.0,1.0,-1.0,-1,GBPUSD
9,Tue,-1.0,True,1.7303571428571716,1.0,1.0,-1.0,-1.0,1.0,0.27321428571429024,1,1.0,1.0,1.0,0.0,0,GBPUSD
3,Wed,1.0,False,0.5625000000000595,1.0,-1.0,1.0,-1.0,-1.0,0.2672872340425356,1,1.0,1.0,1.0,-1.0,0,GBPUSD
9,Wed,1.0,True,0.6769101241843373,1.0,1.0,1.0,1.0,-1.0,0.3687644706378247,0,-1.0,-1.0,-1.0,1.0,0,GBPUSD
3,Thu,1.0,True,0.4565051990868683,-1.0,1.0,-1.0,-1.0,1.0,0.06086735987825812,1,1.0,1.0,1.0,0.0,0,GBPUSD
9,Thu,1.0,False,0.5062447960033837,1.0,-1.0,-1.0,1.0,1.0,0.9991673605329086,0,1.0,-1.0,1.0,0.0,0,GBPUSD
3,Tue,-1.0,True,0.9376093294460042,-1.0,1.0,1.0,1.0,1.0,0.3848396501458129,-1,-1.0,-1.0,-1.0,1.0,1,GBPUSD
9,Tue,-1.0,False,0.27475672581565397,-1.0,-1.0,-1.0,1.0,1.0,1.2913566113336348,1,-1.0,1.0,1.0,0.0,0,GBPUSD
3,Wed,-1.0,False,0.6167904054826531,-1.0,-1.0,1.0,1.0,-1.0,0.479725870930834,0,-1.0,-1.0,-1.0,0.0,0,GBPUSD
9,Wed,-1.0,False,0.29404900816808244,1.0,-1.0,-1.0,-1.0,-1.0,0.31505250875149465,0,-1.0,-1.0,-1.0,-1.0,0,GBPUSD
3,Thu,-1.0,False,0.014109347442616499,-1.0,-1.0,-1.0,1.0,1.0,0.740740740740734,1,1.0,1.0,1.0,0.0,-1,GBPUSD
9,Thu,1.0,True,2.737864077669884,1.0,-1.0,1.0,-1.0,1.0,0.5533980582524939,0,1.0,1.0,1.0,-1.0,0,GBPUSD
3,Tue,1.0,True,0.7283988851038646,1.0,1.0,1.0,1.0,1.0,0.26757510065044643,0,-1.0,-1.0,-1.0,1.0,0,GBPUSD
9,Tue,-1.0,False,0.16650148662044453,1.0,1.0,1.0,1.0,1.0,1.2527254707631936,-1,-1.0,-1.0,-1.0,1.0,0,GBPUSD
3,Wed,-1.0,False,0.5869969040248147,-1.0,1.0,1.0,-1.0,1.0,0.4755417956656121,0,1.0,-1.0,1.0,0.0,0,GBPUSD
9,Wed,1.0,True,0.5617184995191555,1.0,1.0,-1.0,1.0,1.0,0.19236934915042853,0,1.0,-1.0,-1.0,1.0,0,GBPUSD
3,Thu,-1.0,False,0.12182741116744841,1.0,-1.0,-1.0,-1.0,-1.0,0.5371481310567062,1,1.0,1.0,1.0,-1.0,-1,GBPUSD
9,Thu,-1.0,True,1.2729439809297536,-1.0,-1.0,-1.0,1.0,-1.0,1.3349225268175917,-1,1.0,1.0,-1.0,0.0,0,GBPUSD
3,Tue,1.0,False,0.6700302724519811,1.0,-1.0,-1.0,-1.0,1.0,0.016145307770035238,0,1.0,1.0,1.0,-1.0,0,GBPUSD
9,Tue,1.0,True,0.7050528789660044,1.0,1.0,1.0,1.0,1.0,0.2679200940069283,0,1.0,-1.0,-1.0,1.0,0,GBPUSD
3,Wed,-1.0,False,0.5443442861296957,-1.0,-1.0,-1.0,-1.0,1.0,0.15353300378024606,1,1.0,1.0,1.0,-1.0,0,GBPUSD
9,Wed,-1.0,False,0.89426751592347,-1.0,-1.0,-1.0,-1.0,1.0,0.5121019108281469,1,1.0,1.0,1.0,-1.0,-1,GBPUSD
3,Thu,1.0,True,0.7717528373266027,-1.0,-1.0,-1.0,1.0,-1.0,0.6128625472887431,0,-1.0,1.0,1.0,0.0,0,GBPUSD
9,Thu,-1.0,True,2.7028301886793598,-1.0,-1.0,-1.0,-1.0,-1.0,1.747641509433945,1,1.0,1.0,1.0,-1.0,-1,GBPUSD
3,Tue,1.0,False,0.5806451612903337,1.0,-1.0,-1.0,1.0,1.0,0.4103225806450912,-1,1.0,-1.0,-1.0,0.0,0,GBPUSD
9,Tue,1.0,False,0.3933209647494706,1.0,-1.0,-1.0,-1.0,1.0,0.04452690166988508,1,-1.0,-1.0,1.0,-1.0,0,GBPUSD
3,Wed,1.0,False,0.6893959731544478,1.0,-1.0,1.0,1.0,1.0,0.4961073825504412,-1,-1.0,-1.0,-1.0,0.0,0,GBPUSD
9,Wed,1.0,True,1.9157566302653046,1.0,1.0,1.0,1.0,1.0,0.6926677067082387,-1,-1.0,-1.0,-1.0,1.0,1,GBPUSD
3,Thu,1.0,True,0.8607329842932521,1.0,-1.0,-1.0,-1.0,1.0,0.006282722512990658,0,1.0,1.0,1.0,-1.0,0,GBPUSD
9,Thu,-1.0,True,0.6891220320264598,-1.0,-1.0,-1.0,1.0,1.0,0.265046935394928,0,1.0,1.0,1.0,0.0,0,GBPUSD
3,Tue,-1.0,False,0.5084433527786859,-1.0,-1.0,-1.0,-1.0,-1.0,0.6926619588579602,1,1.0,1.0,1.0,-1.0,-1,GBPUSD
9,Tue,1.0,True,0.9462102689486563,1.0,-1.0,-1.0,-1.0,-1.0,1.7970660146699564,1,1.0,1.0,1.0,-1.0,-1,GBPUSD
3,Wed,1.0,False,0.33851468048366473,1.0,-1.0,-1.0,-1.0,-1.0,0.14507772020728488,1,1.0,1.0,1.0,-1.0,0,GBPUSD
9,Wed,1.0,True,0.8626988803771558,1.0,-1.0,1.0,1.0,-1.0,0.3464938126105691,0,1.0,-1.0,-1.0,0.0,0,GBPUSD
3,Thu,-1.0,True,2.883587237712028,-1.0,-1.0,-1.0,1.0,-1.0,0.46910031618281944,0,-1.0,1.0,1.0,0.0,0,GBPUSD
9,Thu,1.0,False,0.5588308149616956,-1.0,1.0,-1.0,-1.0,-1.0,0.3031954421600226,0,1.0,1.0,1.0,0.0,0,GBPUSD
3,Tue,-1.0,True,4.663873670641216,-1.0,-1.0,-1.0,1.0,-1.0,0.935868514340892,0,-1.0,1.0,-1.0,0.0,0,GBPUSD
9,Tue,-1.0,False,0.47071823204418817,1.0,1.0,1.0,-1.0,-1.0,0.26519337016586214,0,1.0,1.0,1.0,0.0,0,GBPUSD
3,Wed,1.0,False,0.5515394912985754,-1.0,1.0,1.0,1.0,-1.0,0.192771084337305,-1,-1.0,-1.0,-1.0,1.0,0,GBPUSD
9,Wed,-1.0,False,0.38095238095242423,-1.0,-1.0,1.0,1.0,-1.0,0.7926267281106143,0,-1.0,-1.0,1.0,0.0,0,GBPUSD
3,Thu,-1.0,False,0.35946080878691933,1.0,1.0,-1.0,1.0,1.0,0.16175736395406715,0,-1.0,1.0,1.0,1.0,0,GBPUSD
9,Thu,1.0,False,0.4215885947047378,-1.0,1.0,1.0,1.0,1.0,0.3971486761711082,0,-1.0,-1.0,-1.0,1.0,0,GBPUSD
3,Tue,1.0,True,1.0665076051297195,1.0,-1.0,-1.0,-1.0,-1.0,1.245451834178391,1,1.0,1.0,1.0,-1.0,-1,GBPUSD
9,Tue,1.0,False,0.12042502951594297,-1.0,1.0,0.0,-1.0,-1.0,0.113341204250253,0,1.0,1.0,-1.0,0.0,0,GBPUSD
3,Wed,-1.0,True,3.530482256596999,-1.0,1.0,1.0,1.0,-1.0,0.26933575978161206,-1,-1.0,-1.0,-1.0,1.0,1,GBPUSD
9,Wed,-1.0,False,0.2616929698709105,1.0,1.0,1.0,-1.0,-1.0,1.0192252510761537,0,1.0,1.0,1.0,0.0,0,GBPUSD
3,Thu,1.0,False,0.12762384550806907,1.0,1.0,1.0,-1.0,-1.0,0.570948782535706,0,1.0,-1.0,-1.0,0.0,0,GBPUSD
9,Thu,1.0,False,0.6066481994460916,-1.0,-1.0,-1.0,-1.0,-1.0,0.08310249307478432,1,1.0,1.0,1.0,-1.0,0,GBPUSD
3,Tue,-1.0,True,1.3230252100838966,-1.0,-1.0,-1.0,1.0,1.0,0.790588235294086,0,-1.0,1.0,1.0,0.0,0,GBPUSD
9,Tue,-1.0,True,1.9369138959931087,-1.0,-1.0,-1.0,-1.0,1.0,1.684569479965846,1,1.0,1.0,1.0,-1.0,-1,GBPUSD
3,Wed,1.0,False,0.09490855165591829,-1.0,-1.0,-1.0,-1.0,-1.0,0.46267918932278274,1,1.0,1.0,1.0,-1.0,-1,GBPUSD
9,Wed,1.0,False,0.16625103906904787,1.0,-1.0,-1.0,-1.0,-1.0,0.9443059019118611,1,1.0,1.0,1.0,-1.0,0,GBPUSD
3,Thu,-1.0,False,0.19601593625499197,1.0,-1.0,-1.0,1.0,-1.0,0.38725099601603485,0,-1.0,1.0,1.0,0.0,0,GBPUSD
9,Thu,1.0,False,0.8497523390203637,1.0,-1.0,-1.0,-1.0,-1.0,1.7787561915245227,1,1.0,1.0,1.0,-1.0,-1,GBPUSD
3,Tue,-1.0,True,2.0629967618485265,-1.0,-1.0,1.0,-1.0,1.0,0.1836914924933222,-1,1.0,1.0,1.0,-1.0,0,GBPUSD
9,Tue,-1.0,False,0.6197802197801583,-1.0,-1.0,-1.0,-1.0,1.0,0.5999999999999561,0,1.0,1.0,1.0,-1.0,0,GBPUSD
3,Wed,1.0,True,1.2006670372429171,1.0,-1.0,1.0,1.0,-1.0,0.06670372429126495,0,-1.0,-1.0,-1.0,0.0,0,GBPUSD
9,Wed,1.0,False,0.45667447306794384,1.0,-1.0,-1.0,1.0,-1.0,1.159250585480201,0,-1.0,1.0,1.0,0.0,0,GBPUSD
3,Thu,1.0,True,1.6458005662156892,1.0,1.0,1.0,1.0,1.0,0.6341616860647686,-1,-1.0,-1.0,-1.0,1.0,0,GBPUSD
9,Thu,-1.0,True,1.6974595842956774,-1.0,1.0,1.0,1.0,1.0,0.5473441108545578,-1,-1.0,-1.0,-1.0,1.0,1,GBPUSD
3,Tue,-1.0,False,0.1615255187885696,1.0,-1.0,-1.0,-1.0,1.0,1.9517666853616709,1,1.0,1.0,1.0,-1.0,-1,GBPUSD
9,Tue,1.0,False,0.6099447513812327,1.0,1.0,1.0,-1.0,1.0,1.9359116022099545,-1,1.0,-1.0,-1.0,0.0,1,GBPUSD
3,Wed,-1.0,True,2.1372912801483572,-1.0,1.0,1.0,-1.0,-1.0,0.31910946196654405,0,1.0,-1.0,-1.0,0.0,0,GBPUSD
9,Wed,-1.0,False,0.40494938132728403,1.0,-1.0,-1.0,-1.0,-1.0,0.8503937007874163,1,1.0,1.0,1.0,-1.0,-1,GBPUSD
3,Thu,1.0,True,1.6608784473952636,1.0,1.0,1.0,-1.0,-1.0,1.2073544433094932,0,-1.0,-1.0,-1.0,0.0,1,GBPUSD
9,Thu,1.0,True,0.7361216730037454,1.0,-1.0,1.0,1.0,-1.0,0.7300380228137267,-1,-1.0,-1.0,-1.0,0.0,0,GBPUSD
3,Tue,1.0,False,0.41341125807452095,1.0,1.0,-1.0,-1.0,1.0,0.08858812673032473,0,1.0,1.0,1.0,0.0,0,GBPUSD
9,Tue,1.0,False,0.26103646833013544,-1.0,1.0,1.0,1.0,1.0,0.09980806142031581,1,-1.0,1.0,1.0,1.0,0,GBPUSD
3,Wed,-1.0,True,1.3688778673278257,-1.0,-1.0,-1.0,1.0,-1.0,0.6174829510228464,0,1.0,-1.0,-1.0,0.0,0,GBPUSD
9,Wed,-1.0,True,0.6710867685211314,-1.0,1.0,-1.0,-1.0,-1.0,0.07610262323439944,0,1.0,1.0,1.0,0.0,0,GBPUSD
3,Thu,-1.0,False,0.23617619493912895,1.0,1.0,1.0,1.0,-1.0,0.37113402061861334,-1,-1.0,-1.0,-1.0,1.0,1,GBPUSD
9,Thu,1.0,False,0.9119070667957668,-1.0,1.0,1.0,-1.0,-1.0,2.2594385285575322,0,-1.0,-1.0,-1.0,0.0,1,GBPUSD
3,Tue,-1.0,True,0.9810568295115258,1.0,1.0,1.0,-1.0,1.0,1.3958125623130084,-1,-1.0,-1.0,-1.0,0.0,1,GBPUSD
9,Tue,1.0,True,1.6502546689304987,1.0,1.0,1.0,1.0,1.0,1.2903225806451726,-1,-1.0,-1.0,-1.0,1.0,1,GBPUSD
3,Wed,-1.0,False,0.2593800978792406,-1.0,-1.0,-1.0,1.0,1.0,0.4942903752038892,0,-1.0,1.0,-1.0,0.0,0,GBPUSD
9,Wed,1.0,False,0.23015450186467182,1.0,1.0,1.0,-1.0,1.0,0.3708044752263947,-1,-1.0,-1.0,-1.0,0.0,0,GBPUSD
3,Thu,-1.0,True,0.8112244897959164,-1.0,-1.0,-1.0,-1.0,1.0,0.2193877551020075,1,-1.0,1.0,1.0,-1.0,-1,GBPUSD
9,Thu,-1.0,True,0.6418604651163057,1.0,1.0,1.0,-1.0,1.0,0.7046511627906713,-1,-1.0,1.0,-1.0,0.0,0,GBPUSD
3,Tue,-1.0,False,0.2813345356177555,-1.0,1.0,1.0,1.0,-1.0,0.20198376916128888,0,-1.0,1.0,-1.0,1.0,0,GBPUSD
9,Tue,1.0,False,0.3601200400133901,-1.0,-1.0,1.0,-1.0,-1.0,0.16805601867274955,0,1.0,1.0,-1.0,-1.0,0,GBPUSD
3,Wed,1.0,True,1.2329563812602526,1.0,1.0,1.0,1.0,-1.0,0.015508885298798547,-1,-1.0,-1.0,-1.0,1.0,1,GBPUSD
9,Wed,1.0,True,1.028360049321812,1.0,1.0,1.0,1.0,-1.0,0.02219482120836552,-1,-1.0,-1.0,-1.0,1.0,0,GBPUSD
3,Thu,1.0,False,0.47501622323166276,1.0,-1.0,-1.0,-1.0,1.0,0.11680726800785964,0,1.0,-1.0,1.0,-1.0,0,GBPUSD
9,Thu,1.0,True,2.086629001883179,1.0,-1.0,-1.0,1.0,1.0,0.5122410546139429,1,1.0,-1.0,1.0,0.0,0,GBPUSD
3,Tue,1.0,True,1.4034048852703127,1.0,-1.0,-1.0,1.0,1.0,0.22205773501118034,0,-1.0,1.0,-1.0,0.0,0,GBPUSD
9,Tue,1.0,False,0.05664194200945159,-1.0,-1.0,-1.0,-1.0,1.0,0.4126770060687846,1,1.0,1.0,1.0,-1.0,-1,GBPUSD
3,Wed,-1.0,True,0.41819941916745773,-1.0,1.0,1.0,1.0,-1.0,0.8131655372700759,-1,-1.0,-1.0,-1.0,1.0,1,GBPUSD
9,Wed,-1.0,False,0.024913494809667272,-1.0,1.0,1.0,1.0,-1.0,1.2955017301038045,-1,-1.0,-1.0,-1.0,1.0,1,GBPUSD
3,Thu,-1.0,False,0.20903647250958665,1.0,1.0,1.0,-1.0,1.0,0.03919433859550217,0,1.0,-1.0,1.0,0.0,0,GBPUSD
9,Thu,1.0,True,0.6198347107438589,1.0,1.0,1.0,1.0,1.0,1.1219008264463144,-1,-1.0,-1.0,-1.0,1.0,1,GBPUSD
3,Tue,1.0,True,1.4622516556290022,1.0,1.0,1.0,-1.0,1.0,0.7947019867550498,0,-1.0,-1.0,-1.0,0.0,0,GBPUSD
9,Tue,1.0,True,1.1254162042175135,-1.0,-1.0,-1.0,1.0,1.0,0.7391786903441715,-1,-1.0,-1.0,-1.0,0.0,0,GBPUSD
3,Wed,1.0,False,0.20956340956345282,1.0,-1.0,-1.0,-1.0,1.0,2.629521829521882,1,1.0,1.0,1.0,-1.0,-1,GBPUSD
9,Wed,1.0,False,0.3390134529148703,1.0,1.0,1.0,-1.0,1.0,0.629596412556,0,1.0,1.0,-1.0,0.0,0,GBPUSD
3,Thu,-1.0,False,0.4805653710247481,-1.0,-1.0,-1.0,-1.0,-1.0,0.04946996466432154,0,1.0,1.0,1.0,-1.0,0,GBPUSD
9,Thu,-1.0,False,0.7456073338426247,-1.0,1.0,1.0,1.0,-1.0,1.986249045072688,-1,-1.0,-1.0,-1.0,1.0,1,GBPUSD
3,Tue,1.0,True,0.6546171541242963,1.0,1.0,1.0,1.0,1.0,1.6404863621426653,-1,-1.0,-1.0,-1.0,1.0,1,GBPUSD
9,Tue,-1.0,True,0.7817099906045556,-1.0,-1.0,-1.0,1.0,1.0,0.5562167240840685,0,-1.0,-1.0,1.0,0.0,0,GBPUSD
3,Wed,1.0,True,0.8092280390417902,1.0,-1.0,-1.0,1.0,1.0,0.709849157054036,0,1.0,1.0,1.0,0.0,0,GBPUSD
9,Wed,-1.0,True,0.6149854038273053,1.0,1.0,-1.0,-1.0,1.0,0.09341550437876991,1,1.0,1.0,1.0,0.0,0,GBPUSD
3,Tue,1.0,False,0.19333333333341549,1.0,-1.0,-1.0,1.0,1.0,0.65333333333332,0,1.0,1.0,1.0,0.0,0,GBPUSD
9,Tue,-1.0,True,0.8593155893534998,-1.0,-1.0,-1.0,-1.0,1.0,0.6539923954373248,1,1.0,1.0,1.0,-1.0,-1,GBPUSD
3,Wed,-1.0,True,2.354319180087899,-1.0,-1.0,-1.0,-1.0,-1.0,0.11420204978035041,1,1.0,1.0,1.0,-1.0,0,GBPUSD
9,Wed,-1.0,True,1.5610988317019283,-1.0,-1.0,-1.0,1.0,-1.0,0.9775813072308526,-1,1.0,1.0,-1.0,0.0,0,GBPUSD
3,Tue,1.0,False,0.2222222222221204,-1.0,-1.0,1.0,1.0,1.0,0.2920634920634227,-1,-1.0,1.0,-1.0,0.0,0,GBPUSD
9,Tue,1.0,False,0.11018651362995083,-1.0,1.0,1.0,-1.0,1.0,0.8263988522238666,1,1.0,1.0,1.0,0.0,0,GBPUSD
3,Wed,1.0,False,0.277879341864756,1.0,-1.0,-1.0,1.0,-1.0,1.5575868372943356,1,1.0,1.0,1.0,0.0,-1,GBPUSD
9,Wed,1.0,False,0.4957377049181431,-1.0,1.0,-1.0,-1.0,-1.0,0.22032786885250805,1,1.0,1.0,1.0,0.0,0,GBPUSD
3,Thu,-1.0,True,0.6822896657702369,-1.0,-1.0,-1.0,1.0,-1.0,1.3092585478294176,1,1.0,1.0,1.0,0.0,-1,GBPUSD
9,Thu,1.0,True,1.0909090909090455,1.0,-1.0,-1.0,-1.0,-1.0,1.3794139744553435,1,1.0,1.0,1.0,-1.0,-1,GBPUSD
3,Tue,1.0,True,0.7420289855073174,1.0,-1.0,-1.0,1.0,1.0,0.42512077294690775,1,-1.0,1.0,1.0,0.0,0,GBPUSD
9,Tue,-1.0,True,1.2997585374267746,-1.0,1.0,1.0,-1.0,1.0,1.1590203518453512,0,-1.0,-1.0,-1.0,0.0,0,GBPUSD
3,Wed,1.0,True,0.7639060568602222,1.0,-1.0,1.0,1.0,-1.0,0.5414091470951041,-1,-1.0,0.0,-1.0,0.0,0,GBPUSD
9,Wed,1.0,True,0.9139748384903195,1.0,-1.0,-1.0,1.0,-1.0,0.620197211832788,0,-1.0,-1.0,1.0,0.0,0,GBPUSD
3,Thu,1.0,False,0.3169164882226754,1.0,1.0,1.0,-1.0,1.0,0.6167023554604184,-1,1.0,-1.0,-1.0,0.0,0,GBPUSD
9,Thu,-1.0,False,0.15565163681287825,1.0,-1.0,-1.0,-1.0,1.0,2.2977146386657337,1,1.0,1.0,1.0,-1.0,-1,GBPUSD
3,Tue,1.0,False,0.23888520238882352,-1.0,1.0,1.0,1.0,1.0,3.185136031851334,-1,-1.0,-1.0,-1.0,1.0,1,GBPUSD
9,Tue,1.0,False,0.38516878804650184,1.0,1.0,-1.0,1.0,1.0,0.41173215273938946,0,-1.0,-1.0,1.0,1.0,0,GBPUSD
3,Wed,-1.0,False,0.24096385542166096,-1.0,1.0,1.0,-1.0,1.0,0.39156626506026593,1,-1.0,-1.0,1.0,0.0,0,GBPUSD
9,Wed,1.0,False,0.5708376421923633,-1.0,1.0,1.0,-1.0,1.0,1.036194415718748,0,-1.0,-1.0,-1.0,0.0,0,GBPUSD
3,Thu,-1.0,True,0.7900249376558482,1.0,1.0,1.0,1.0,-1.0,0.34114713216968257,0,-1.0,1.0,-1.0,1.0,0,GBPUSD
9,Thu,1.0,True,1.2554678692221604,1.0,-1.0,1.0,-1.0,-1.0,0.10822998872603173,0,1.0,1.0,1.0,-1.0,0,GBPUSD
3,Tue,1.0,False,0.012539184952921032,1.0,-1.0,-1.0,1.0,1.0,0.4702194357365573,1,1.0,0.0,1.0,0.0,0,GBPUSD
9,Tue,1.0,True,2.062636562272366,1.0,-1.0,1.0,1.0,1.0,0.3088128186453909,-1,-1.0,-1.0,-1.0,0.0,0,GBPUSD
3,Wed,-1.0,False,0.5659287776708705,-1.0,-1.0,-1.0,-1.0,1.0,0.20019249278146495,-1,1.0,1.0,1.0,-1.0,0,GBPUSD
9,Wed,1.0,False,0.5909865262505734,1.0,-1.0,1.0,-1.0,1.0,0.8697537556140653,1,1.0,1.0,1.0,-1.0,0,GBPUSD
3,Thu,-1.0,False,0.44192049561173047,-1.0,-1.0,-1.0,1.0,-1.0,0.23128549303041523,-1,-1.0,1.0,-1.0,0.0,0,GBPUSD
9,Thu,1.0,True,0.8577435178696705,-1.0,-1.0,1.0,-1.0,-1.0,0.3069376313945829,0,-1.0,1.0,1.0,-1.0,0,GBPUSD
3,Tue,-1.0,False,0.5836985100789698,-1.0,1.0,1.0,1.0,-1.0,0.2103418054338083,-1,-1.0,-1.0,-1.0,1.0,0,GBPUSD
9,Tue,-1.0,False,0.10951403148527301,1.0,-1.0,1.0,-1.0,-1.0,0.6406570841889808,0,-1.0,1.0,1.0,-1.0,0,GBPUSD
3,Wed,1.0,True,0.8194546794399464,-1.0,1.0,1.0,1.0,1.0,0.17096536477518223,0,-1.0,1.0,-1.0,1.0,0,GBPUSD
9,Wed,-1.0,True,1.4949103247697275,-1.0,-1.0,1.0,1.0,1.0,0.389723703344613,0,-1.0,1.0,1.0,0.0,0,GBPUSD
3,Thu,-1.0,False,0.9336128581410715,-1.0,1.0,1.0,-1.0,-1.0,0.12858141160037734,0,1.0,1.0,1.0,0.0,0,GBPUSD
9,Thu,-1.0,True,2.153732990069882,-1.0,1.0,-1.0,-1.0,-1.0,0.16770871643988872,0,1.0,1.0,1.0,0.0,0,GBPUSD
3,Tue,-1.0,False,0.10236724248250634,-1.0,0.0,-1.0,-1.0,1.0,0.0,1,1.0,1.0,1.0,0.0,0,GBPUSD
9,Tue,-1.0,False,0.23551938726664498,-1.0,-1.0,1.0,1.0,1.0,0.2584968884634126,0,1.0,1.0,-1.0,0.0,0,GBPUSD
3,Wed,1.0,True,1.179153094462571,1.0,1.0,1.0,1.0,-1.0,0.2801302931595572,0,-1.0,-1.0,-1.0,1.0,0,GBPUSD
9,Wed,1.0,False,0.7902371632512186,-1.0,-1.0,-1.0,1.0,-1.0,2.133087727377461,1,-1.0,1.0,1.0,0.0,-1,GBPUSD
3,Thu,1.0,False,0.2272818859560624,1.0,1.0,1.0,-1.0,-1.0,0.8124118476727383,0,-1.0,-1.0,-1.0,0.0,0,GBPUSD
9,Thu,1.0,True,0.766544117647064,1.0,1.0,1.0,1.0,-1.0,1.1360294117646845,0,-1.0,-1.0,-1.0,1.0,0,GBPUSD
3,Tue,1.0,True,1.9709302325580147,1.0,-1.0,-1.0,-1.0,-1.0,4.299418604651114,1,1.0,1.0,1.0,-1.0,-1,GBPUSD
9,Tue,-1.0,False,0.29505247376313004,-1.0,-1.0,-1.0,-1.0,-1.0,1.7055472263867724,1,1.0,1.0,1.0,-1.0,-1,GBPUSD
3,Wed,1.0,False,0.26426426426426186,1.0,-1.0,1.0,1.0,-1.0,0.12012012012010691,-1,1.0,-1.0,-1.0,0.0,0,GBPUSD
9,Wed,-1.0,True,1.057793345008688,-1.0,-1.0,-1.0,1.0,-1.0,1.4711033274956171,1,1.0,1.0,1.0,0.0,-1,GBPUSD
3,Thu,-1.0,False,0.3189604252804511,-1.0,1.0,1.0,1.0,-1.0,0.7584170112227662,-1,-1.0,-1.0,-1.0,1.0,1,GBPUSD
9,Thu,-1.0,True,1.4152015147417047,-1.0,1.0,1.0,-1.0,-1.0,0.22071950229916232,1,1.0,1.0,1.0,0.0,0,GBPUSD
3,Tue,1.0,False,0.4227910817505895,1.0,-1.0,-1.0,-1.0,1.0,0.6011560693641217,1,1.0,1.0,1.0,-1.0,0,GBPUSD
9,Tue,1.0,True,0.9081455805891752,1.0,-1.0,-1.0,1.0,1.0,0.15251299826696899,0,1.0,-1.0,1.0,0.0,0,GBPUSD
3,Wed,-1.0,False,0.68849608809044,-1.0,1.0,1.0,1.0,-1.0,0.06259055346271113,-1,-1.0,-1.0,-1.0,1.0,0,GBPUSD
9,Wed,1.0,True,0.8352816153029587,1.0,-1.0,1.0,-1.0,-1.0,0.9564293304993603,-1,-1.0,1.0,1.0,-1.0,0,GBPUSD
3,Thu,-1.0,True,1.6133254015467535,-1.0,-1.0,-1.0,-1.0,1.0,0.6710291493158194,1,1.0,1.0,1.0,-1.0,-1,GBPUSD
9,Thu,1.0,False,0.6577344701582493,-1.0,-1.0,1.0,-1.0,1.0,0.8842874543239171,0,1.0,1.0,1.0,-1.0,0,GBPUSD
3,Tue,-1.0,True,1.160994964138608,-1.0,-1.0,-1.0,-1.0,-1.0,0.9449107279108923,1,1.0,1.0,1.0,-1.0,-1,GBPUSD
9,Tue,-1.0,True,0.6157627899831217,1.0,-1.0,1.0,-1.0,-1.0,0.7816868950684107,0,1.0,1.0,1.0,-1.0,0,GBPUSD
3,Wed,-1.0,True,0.7067905646891256,1.0,1.0,1.0,-1.0,-1.0,0.89549678341673,-1,-1.0,-1.0,-1.0,0.0,1,GBPUSD
9,Wed,-1.0,False,0.030508474576245254,1.0,1.0,-1.0,1.0,-1.0,0.3694915254237409,0,-1.0,-1.0,1.0,1.0,0,GBPUSD
3,Thu,-1.0,True,0.6551602676998736,1.0,1.0,1.0,-1.0,1.0,0.38464247974647187,0,1.0,-1.0,1.0,0.0,0,GBPUSD
9,Thu,-1.0,False,0.05367126351095015,-1.0,-1.0,-1.0,1.0,1.0,0.9481923220275473,0,1.0,-1.0,1.0,0.0,0,GBPUSD
3,Tue,1.0,True,1.0931256349474434,1.0,1.0,1.0,1.0,1.0,0.6014222824247073,-1,-1.0,-1.0,-1.0,1.0,1,GBPUSD
9,Tue,1.0,False,0.2882882882882754,1.0,-1.0,-1.0,1.0,1.0,0.1351351351351197,1,-1.0,-1.0,1.0,0.0,0,GBPUSD
3,Wed,-1.0,True,0.7156439066552269,-1.0,1.0,-1.0,1.0,-1.0,0.025929127052777348,0,-1.0,1.0,-1.0,1.0,0,GBPUSD
9,Wed,1.0,True,0.9346914319952665,1.0,-1.0,-1.0,-1.0,-1.0,1.3708807669263483,1,1.0,1.0,1.0,-1.0,-1,GBPUSD
3,Thu,1.0,True,0.5298329355608316,-1.0,1.0,1.0,-1.0,-1.0,0.6062052505967073,0,1.0,-1.0,-1.0,0.0,0,GBPUSD
9,Thu,-1.0,False,0.49967126890203845,-1.0,-1.0,-1.0,1.0,-1.0,1.0256410256409647,0,1.0,-1.0,1.0,0.0,0,GBPUSD
3,Tue,1.0,True,0.8550654386815919,1.0,1.0,-1.0,-1.0,1.0,0.191953465826435,1,1.0,1.0,1.0,0.0,0,GBPUSD
9,Tue,1.0,True,0.7825487944890887,1.0,1.0,1.0,1.0,1.0,0.8266360505166878,0,-1.0,-1.0,-1.0,1.0,0,GBPUSD
3,Wed,-1.0,False,0.6632478632479799,-1.0,-1.0,1.0,1.0,1.0,0.5128205128205499,-1,-1.0,-1.0,-1.0,0.0,0,GBPUSD
9,Wed,1.0,False,0.7325194228635687,1.0,-1.0,-1.0,-1.0,1.0,3.016648168701608,1,1.0,1.0,1.0,-1.0,-1,GBPUSD
3,Thu,-1.0,False,0.13038416763681193,-1.0,1.0,-1.0,1.0,-1.0,0.09313154831197898,0,-1.0,1.0,1.0,1.0,0,GBPUSD
9,Thu,1.0,True,2.334486735870801,1.0,1.0,1.0,1.0,-1.0,0.3229527104959209,-1,-1.0,-1.0,-1.0,1.0,1,GBPUSD
3,Tue,1.0,True,0.4918247220405757,-1.0,1.0,1.0,-1.0,1.0,0.34793982995423184,0,1.0,-1.0,-1.0,0.0,0,GBPUSD
9,Tue,-1.0,True,0.5457746478872958,1.0,-1.0,-1.0,-1.0,1.0,0.1514084507041989,0,1.0,1.0,1.0,-1.0,0,GBPUSD
3,Wed,1.0,False,0.3757175160898,1.0,1.0,-1.0,-1.0,-1.0,0.3297964863454746,0,1.0,1.0,1.0,0.0,0,GBPUSD
9,Wed,-1.0,True,0.9252087404512195,-1.0,-1.0,-1.0,1.0,-1.0,0.9252087404512195,-1,1.0,1.0,1.0,0.0,0,GBPUSD
3,Thu,-1.0,True,0.8079317500576421,-1.0,1.0,-1.0,-1.0,-1.0,0.5423103527784005,0,-1.0,1.0,-1.0,0.0,0,GBPUSD
9,Thu,1.0,True,1.5245901639344421,1.0,1.0,-1.0,-1.0,-1.0,0.26434426229503794,1,1.0,1.0,1.0,0.0,0,GBPUSD
3,Tue,1.0,False,0.2152949091724348,1.0,1.0,1.0,1.0,0.0,0.23144202736035543,0,-1.0,1.0,-1.0,1.0,0,GBPUSD
9,Tue,1.0,False,0.1140388768897891,1.0,1.0,1.0,1.0,0.0,1.8246220302376615,-1,-1.0,-1.0,-1.0,1.0,1,GBPUSD
3,Wed,1.0,True,1.2810543657330737,1.0,1.0,1.0,1.0,1.0,0.5298187808896664,-1,-1.0,-1.0,-1.0,1.0,1,GBPUSD
9,Wed,-1.0,False,0.5744093280147285,-1.0,1.0,1.0,1.0,1.0,0.7290579932494946,-1,-1.0,-1.0,-1.0,1.0,1,GBPUSD
3,Thu,1.0,False,0.36184990682705825,1.0,-1.0,-1.0,-1.0,1.0,0.8497374216499729,1,1.0,1.0,1.0,-1.0,-1,GBPUSD
9,Thu,1.0,True,0.563758389261664,1.0,1.0,-1.0,-1.0,1.0,0.689038031319955,1,1.0,1.0,1.0,0.0,0,GBPUSD
3,Tue,1.0,True,1.0254118961184202,1.0,-1.0,1.0,-1.0,1.0,0.14744484780794745,0,1.0,-1.0,-1.0,-1.0,0,GBPUSD
9,Tue,1.0,False,0.2682245364490696,-1.0,1.0,-1.0,1.0,1.0,0.17068834137671754,0,-1.0,-1.0,1.0,1.0,0,GBPUSD
3,Wed,-1.0,False,0.10890939343525148,-1.0,1.0,1.0,1.0,1.0,0.613522916351519,-1,-1.0,-1.0,-1.0,1.0,1,GBPUSD
9,Wed,1.0,False,0.25344352617082655,-1.0,1.0,1.0,1.0,1.0,0.9146005509641382,-1,-1.0,-1.0,-1.0,1.0,1,GBPUSD
3,Thu,1.0,False,0.19160696008182923,1.0,-1.0,-1.0,1.0,1.0,0.4274309109518568,0,1.0,1.0,1.0,0.0,0,GBPUSD
9,Thu,-1.0,True,0.665211697948546,-1.0,1.0,1.0,-1.0,1.0,1.6708860759493738,-1,-1.0,-1.0,-1.0,0.0,1,GBPUSD
3,Tue,1.0,False,0.40701350962926763,1.0,-1.0,-1.0,1.0,1.0,0.17936188559941357,0,-1.0,-1.0,-1.0,0.0,0,GBPUSD
9,Tue,1.0,True,1.010878661087956,1.0,1.0,1.0,1.0,1.0,0.8234309623431458,-1,-1.0,-1.0,-1.0,1.0,1,GBPUSD
3,Wed,-1.0,False,0.4315457413250577,-1.0,-1.0,-1.0,1.0,1.0,0.15141955835960447,0,-1.0,-1.0,1.0,0.0,0,GBPUSD
9,Wed,1.0,False,0.039421813403499144,1.0,1.0,-1.0,-1.0,1.0,0.5597897503284973,0,1.0,1.0,1.0,0.0,0,GBPUSD
3,Thu,1.0,False,0.3625615763546091,-1.0,-1.0,-1.0,1.0,1.0,0.4492610837438156,0,-1.0,1.0,1.0,0.0,0,GBPUSD
9,Thu,1.0,False,0.007817589576424986,-1.0,1.0,1.0,-1.0,1.0,0.18762214983715061,0,1.0,1.0,1.0,0.0,0,GBPUSD
3,Tue,1.0,False,0.16854961832057555,-1.0,1.0,0.0,-1.0,1.0,0.16854961832057555,0,1.0,1.0,1.0,0.0,0,GBPUSD
9,Tue,-1.0,False,0.30597014925358407,1.0,1.0,1.0,-1.0,1.0,0.5820895522388128,0,1.0,1.0,-1.0,0.0,0,GBPUSD
3,Wed,-1.0,True,0.3496688741721225,1.0,1.0,1.0,1.0,-1.0,0.8635761589404058,-1,-1.0,-1.0,-1.0,1.0,1,GBPUSD
9,Wed,-1.0,True,0.46792110632501493,1.0,-1.0,-1.0,1.0,-1.0,1.0392201314893672,1,-1.0,1.0,1.0,0.0,-1,GBPUSD
3,Thu,-1.0,False,0.13387046792675314,-1.0,1.0,1.0,-1.0,1.0,0.20824295010833774,0,1.0,-1.0,1.0,0.0,0,GBPUSD
9,Thu,-1.0,True,1.216054654141834,-1.0,1.0,1.0,-1.0,1.0,1.448334756618202,-1,-1.0,-1.0,-1.0,0.0,0,GBPUSD
3,Tue,-1.0,True,1.1502702702703465,-1.0,-1.0,-1.0,-1.0,-1.0,1.0810810810810862,1,1.0,1.0,1.0,-1.0,-1,GBPUSD
9,Tue,1.0,True,1.8918205804748964,1.0,-1.0,-1.0,-1.0,-1.0,1.242744063324626,1,1.0,1.0,1.0,-1.0,-1,GBPUSD
3,Wed,-1.0,False,0.33002878157991394,1.0,-1.0,-1.0,1.0,-1.0,0.652382475215891,1,1.0,1.0,1.0,0.0,-1,GBPUSD
9,Wed,-1.0,False,0.39826839826832283,-1.0,-1.0,1.0,-1.0,-1.0,0.6060606060607421,0,1.0,1.0,-1.0,-1.0,0,GBPUSD
3,Thu,1.0,True,0.9026407041877208,1.0,-1.0,-1.0,-1.0,-1.0,0.09602560682854747,0,1.0,1.0,1.0,-1.0,0,GBPUSD
9,Thu,-1.0,False,0.22110111866641882,-1.0,-1.0,1.0,1.0,-1.0,0.6001316078086841,-1,-1.0,-1.0,-1.0,0.0,0,GBPUSD
3,Tue,1.0,True,0.7744034707158505,1.0,1.0,-1.0,-1.0,-1.0,0.22125813449024298,1,1.0,1.0,1.0,0.0,0,GBPUSD
9,Tue,1.0,False,0.2112436115843477,1.0,-1.0,-1.0,1.0,-1.0,0.3270868824531738,0,-1.0,-1.0,-1.0,0.0,0,GBPUSD
3,Wed,1.0,False,0.1460985058106598,1.0,-1.0,1.0,1.0,1.0,0.20586607636969345,0,-1.0,-1.0,-1.0,0.0,0,GBPUSD
9,Wed,-1.0,True,0.7064105762035142,-1.0,-1.0,-1.0,1.0,1.0,0.8141681217261293,0,-1.0,-1.0,-1.0,0.0,0,GBPUSD
3,Thu,1.0,False,0.39904988123524043,1.0,-1.0,1.0,1.0,1.0,0.16389548693599273,0,-1.0,1.0,1.0,0.0,0,GBPUSD
9,Thu,1.0,False,0.43168453822195396,1.0,-1.0,-1.0,1.0,1.0,0.19923901764097274,0,-1.0,-1.0,-1.0,0.0,0,GBPUSD
3,Tue,-1.0,True,2.1196157421754083,-1.0,-1.0,-1.0,-1.0,-1.0,0.8106600557793875,1,1.0,1.0,1.0,-1.0,-1,GBPUSD
9,Tue,1.0,False,0.29659520807054685,-1.0,-1.0,-1.0,-1.0,-1.0,0.04237074401009733,0,1.0,1.0,1.0,-1.0,0,GBPUSD
3,Wed,-1.0,True,1.1052280311457194,-1.0,1.0,1.0,-1.0,-1.0,0.7635150166852238,-1,-1.0,-1.0,-1.0,0.0,1,GBPUSD
9,Wed,-1.0,True,0.8212461695607021,1.0,-1.0,-1.0,-1.0,-1.0,0.20837589376915366,0,1.0,1.0,1.0,-1.0,0,GBPUSD
3,Thu,1.0,True,0.9049548145840813,-1.0,-1.0,-1.0,1.0,-1.0,0.9573075724524199,1,1.0,1.0,1.0,0.0,-1,GBPUSD
9,Thu,1.0,False,0.5817228955125782,-1.0,-1.0,-1.0,-1.0,-1.0,0.9197510645266062,1,1.0,1.0,1.0,-1.0,-1,GBPUSD
3,Tue,-1.0,True,0.9611374407582659,-1.0,1.0,1.0,-1.0,1.0,0.6142180094786492,1,1.0,-1.0,1.0,0.0,0,GBPUSD
9,Tue,1.0,False,0.2110353923939083,-1.0,-1.0,-1.0,1.0,1.0,0.2057595075841426,0,1.0,1.0,-1.0,0.0,0,GBPUSD
3,Wed,-1.0,False,0.3104056437389768,-1.0,1.0,-1.0,-1.0,-1.0,0.07760141093462672,0,1.0,-1.0,1.0,0.0,0,GBPUSD
9,Wed,-1.0,False,0.1655648174763014,-1.0,1.0,1.0,1.0,-1.0,0.2000574877837812,-1,1.0,-1.0,-1.0,1.0,0,GBPUSD
3,Thu,1.0,False,0.11297071129711495,-1.0,1.0,1.0,-1.0,1.0,0.08786610878649011,0,1.0,-1.0,-1.0,0.0,0,GBPUSD
9,Thu,-1.0,False,0.45215666831920187,-1.0,-1.0,-1.0,-1.0,1.0,0.16658403569661065,0,1.0,1.0,1.0,-1.0,0,GBPUSD
3,Tue,1.0,False,0.32416787264815755,0.0,-1.0,-1.0,-1.0,1.0,0.6830680173660084,1,1.0,1.0,1.0,-1.0,-1,GBPUSD
9,Tue,-1.0,False,0.2422018348625098,-1.0,-1.0,-1.0,1.0,1.0,1.7284403669725876,-1,1.0,1.0,1.0,0.0,0,GBPUSD
3,Wed,1.0,False,0.29819639278560467,-1.0,-1.0,-1.0,1.0,-1.0,0.4328657314629883,0,-1.0,1.0,1.0,0.0,0,GBPUSD
9,Wed,1.0,False,0.5175475687103809,1.0,-1.0,-1.0,-1.0,-1.0,0.5987315010571869,1,1.0,1.0,1.0,-1.0,-1,GBPUSD
3,Thu,1.0,True,0.8520710059172335,1.0,1.0,1.0,-1.0,-1.0,1.029585798816703,0,1.0,1.0,1.0,0.0,0,GBPUSD
9,Thu,1.0,True,0.9634551495017722,1.0,1.0,1.0,1.0,-1.0,1.1561461794020382,0,1.0,-1.0,-1.0,1.0,0,GBPUSD
3,Tue,1.0,True,1.239471257300884,1.0,-1.0,1.0,1.0,-1.0,0.22133415308943186,-1,-1.0,-1.0,-1.0,0.0,0,GBPUSD
9,Tue,-1.0,False,0.135891789870916,-1.0,1.0,1.0,1.0,-1.0,0.44542308902178274,0,-1.0,-1.0,-1.0,1.0,0,GBPUSD
3,Wed,1.0,False,0.05532078371105554,1.0,-1.0,-1.0,1.0,1.0,0.9588935843257134,1,1.0,1.0,1.0,0.0,-1,GBPUSD
9,Wed,-1.0,True,1.613070924619245,-1.0,1.0,1.0,-1.0,1.0,0.017823988117259913,0,1.0,1.0,-1.0,0.0,0,GBPUSD
3,Thu,1.0,False,0.016800840042112044,-1.0,-1.0,1.0,1.0,-1.0,0.2520126006300019,-1,-1.0,-1.0,-1.0,0.0,0,GBPUSD
9,Thu,-1.0,False,0.2437828371277643,-1.0,1.0,1.0,1.0,-1.0,1.2945709281962352,-1,-1.0,-1.0,-1.0,1.0,1,GBPUSD
3,Tue,1.0,False,0.10272088046471091,1.0,1.0,1.0,1.0,1.0,0.08804646896982203,-1,-1.0,-1.0,-1.0,1.0,0,GBPUSD
9,Tue,1.0,False,0.07552447552441025,-1.0,1.0,1.0,1.0,1.0,0.5958041958041776,-1,-1.0,-1.0,-1.0,1.0,1,GBPUSD
3,Wed,-1.0,True,0.6166716462504186,-1.0,1.0,1.0,1.0,1.0,0.6812070510905176,-1,-1.0,-1.0,-1.0,1.0,1,GBPUSD
9,Wed,1.0,False,0.7547626247353604,1.0,-1.0,-1.0,1.0,1.0,0.8926519504082736,1,1.0,1.0,1.0,0.0,-1,GBPUSD
3,Thu,-1.0,True,0.2356792144027138,1.0,-1.0,1.0,1.0,-1.0,0.17675941080196267,0,-1.0,-1.0,-1.0,0.0,0,GBPUSD
9,Thu,-1.0,False,0.2738658502644189,-1.0,1.0,-1.0,-1.0,-1.0,0.36738101864725736,0,1.0,1.0,1.0,0.0,0,GBPUSD
3,Tue,1.0,True,1.150626118068102,1.0,-1.0,-1.0,-1.0,-1.0,0.412164579606288,0,1.0,1.0,1.0,-1.0,0,GBPUSD
9,Tue,1.0,False,0.04308797127458585,-1.0,-1.0,-1.0,1.0,-1.0,1.335727109515223,0,-1.0,-1.0,-1.0,0.0,0,GBPUSD
3,Wed,-1.0,False,1.25144843568966,-1.0,-1.0,1.0,1.0,1.0,0.2410196987255212,-1,-1.0,-1.0,1.0,0.0,0,GBPUSD
9,Wed,1.0,True,0.9688249400479343,1.0,-1.0,-1.0,-1.0,1.0,0.7098321342925418,1,1.0,1.0,1.0,-1.0,-1,GBPUSD
3,Thu,1.0,True,0.7290729072907154,-1.0,-1.0,-1.0,1.0,-1.0,0.8100810081008482,0,-1.0,1.0,1.0,0.0,0,GBPUSD
9,Thu,1.0,True,1.0188890966897404,1.0,-1.0,-1.0,-1.0,-1.0,0.7854871890780586,1,1.0,1.0,1.0,-1.0,-1,GBPUSD
3,Tue,-1.0,False,0.532165343553233,-1.0,1.0,-1.0,-1.0,1.0,0.38105666575419384,1,1.0,-1.0,1.0,0.0,0,GBPUSD
9,Tue,1.0,False,0.26920919798090115,1.0,-1.0,-1.0,-1.0,1.0,0.7941671340437182,1,1.0,1.0,1.0,-1.0,-1,GBPUSD
3,Wed,-1.0,False,0.6071319719596934,-1.0,1.0,-1.0,-1.0,-1.0,0.1316671746419297,0,1.0,-1.0,1.0,0.0,0,GBPUSD
9,Wed,-1.0,False,0.8684907325684714,-1.0,1.0,-1.0,-1.0,-1.0,0.48720211827014875,1,1.0,1.0,1.0,0.0,0,GBPUSD
3,Thu,-1.0,False,0.13700670141471274,1.0,-1.0,-1.0,1.0,-1.0,0.39314966492918724,0,-1.0,1.0,-1.0,0.0,0,GBPUSD
9,Thu,1.0,True,1.4000552944429185,1.0,-1.0,-1.0,-1.0,-1.0,0.9289466408626202,1,1.0,1.0,1.0,-1.0,-1,GBPUSD
3,Tue,1.0,True,1.4058956916098917,1.0,-1.0,-1.0,-1.0,1.0,0.20861678004530368,1,1.0,1.0,1.0,-1.0,-1,GBPUSD
9,Tue,-1.0,True,1.0466439135382903,-1.0,-1.0,-1.0,1.0,1.0,0.846416382252439,1,1.0,1.0,1.0,0.0,0,GBPUSD
3,Wed,1.0,False,0.10247026532481644,1.0,1.0,1.0,-1.0,1.0,0.0073193046661047525,0,1.0,-1.0,1.0,0.0,0,GBPUSD
9,Wed,-1.0,False,0.39481176842777976,1.0,-1.0,-1.0,1.0,1.0,0.7744384688390092,0,1.0,-1.0,1.0,0.0,0,GBPUSD
3,Thu,1.0,False,1.0083432657927378,1.0,1.0,1.0,1.0,1.0,0.10011918951134693,0,-1.0,-1.0,-1.0,1.0,0,GBPUSD
9,Thu,1.0,True,3.068518954556263,1.0,-1.0,-1.0,1.0,1.0,1.2771368024487804,0,-1.0,-1.0,1.0,0.0,0,GBPUSD
3,Tue,-1.0,False,0.38191681735984634,-1.0,-1.0,-1.0,1.0,1.0,0.41663652802895834,1,1.0,1.0,1.0,0.0,-1,GBPUSD
9,Tue,-1.0,False,0.22949613828606225,-1.0,1.0,1.0,-1.0,1.0,0.25597646193463497,-1,1.0,1.0,-1.0,0.0,0,GBPUSD
3,Wed,1.0,True,0.760259179265648,1.0,1.0,1.0,0.0,-1.0,0.2419006479480212,0,1.0,-1.0,-1.0,0.0,0,GBPUSD
9,Wed,1.0,False,0.4092200820966089,1.0,-1.0,-1.0,-1.0,-1.0,0.7426586675086668,0,1.0,1.0,1.0,-1.0,0,GBPUSD
3,Thu,1.0,True,1.3062087186261269,1.0,1.0,1.0,1.0,1.0,0.3487450462351713,-1,-1.0,-1.0,-1.0,1.0,1,GBPUSD
9,Thu,-1.0,False,0.2725724020442645,1.0,-1.0,-1.0,-1.0,1.0,0.5110732538330716,1,1.0,1.0,1.0,-1.0,-1,GBPUSD
3,Tue,-1.0,True,0.4966571155683215,-1.0,1.0,1.0,1.0,-1.0,0.2827125119388594,-1,-1.0,-1.0,-1.0,1.0,0,GBPUSD
9,Tue,1.0,False,1.9659239842725882,1.0,1.0,1.0,1.0,-1.0,0.8885976408911135,-1,-1.0,-1.0,-1.0,1.0,1,GBPUSD
3,Wed,1.0,False,0.2890084550345664,-1.0,1.0,1.0,1.0,1.0,0.4611837048424397,-1,-1.0,-1.0,-1.0,1.0,1,GBPUSD
9,Wed,1.0,True,1.119266055045853,1.0,1.0,1.0,-1.0,1.0,0.6177370030580671,0,-1.0,-1.0,-1.0,0.0,0,GBPUSD
3,Thu,1.0,True,0.6536964980543573,1.0,-1.0,-1.0,-1.0,1.0,0.21595330739298738,0,1.0,-1.0,1.0,-1.0,0,GBPUSD
9,Thu,-1.0,True,0.5644916540211763,1.0,1.0,-1.0,-1.0,1.0,0.19423368740508665,1,1.0,1.0,1.0,0.0,0,GBPUSD
3,Tue,1.0,False,0.42238648363246667,-1.0,1.0,1.0,1.0,-1.0,0.2618796198521856,-1,-1.0,-1.0,-1.0,1.0,1,GBPUSD
9,Tue,-1.0,True,1.34419551934838,-1.0,-1.0,-1.0,-1.0,-1.0,0.9450101832994212,1,1.0,1.0,1.0,-1.0,-1,GBPUSD
3,Wed,-1.0,False,0.05321507760533386,1.0,-1.0,-1.0,1.0,-1.0,0.28888184985750254,0,1.0,1.0,1.0,0.0,0,GBPUSD
9,Wed,-1.0,False,0.6887238352464852,1.0,-1.0,-1.0,-1.0,-1.0,0.1134368669817952,1,1.0,1.0,1.0,-1.0,0,GBPUSD
3,Thu,-1.0,True,0.8185025480203246,-1.0,-1.0,-1.0,1.0,-1.0,0.09408075264601191,0,-1.0,1.0,-1.0,0.0,0,GBPUSD
9,Thu,-1.0,True,1.1743929359823781,-1.0,-1.0,-1.0,-1.0,-1.0,1.0684326710816108,1,1.0,1.0,1.0,-1.0,-1,GBPUSD
3,Tue,1.0,True,1.02108087389797,1.0,-1.0,-1.0,1.0,-1.0,0.5979302414718505,1,1.0,1.0,1.0,0.0,0,GBPUSD
9,Tue,1.0,True,1.6867838044309016,1.0,-1.0,-1.0,-1.0,-1.0,0.055003819709654636,0,1.0,1.0,1.0,-1.0,0,GBPUSD
3,Wed,-1.0,False,0.14750542299349534,1.0,1.0,1.0,1.0,-1.0,0.09544468546642466,-1,-1.0,-1.0,-1.0,1.0,0,GBPUSD
9,Wed,-1.0,True,0.8618784530386451,1.0,1.0,-1.0,-1.0,-1.0,0.15153906866608224,0,-1.0,1.0,1.0,0.0,0,GBPUSD
3,Thu,-1.0,False,0.41409908799614653,-1.0,1.0,1.0,-1.0,1.0,0.2780379590830519,0,-1.0,-1.0,1.0,0.0,0,GBPUSD
9,Thu,-1.0,True,0.8117359413203955,1.0,-1.0,1.0,1.0,1.0,0.06845965770172534,0,-1.0,-1.0,-1.0,0.0,0,GBPUSD
3,Tue,1.0,False,0.31457208943716825,1.0,-1.0,-1.0,1.0,-1.0,0.10177332305324982,1,1.0,1.0,1.0,0.0,0,GBPUSD
9,Tue,-1.0,False,0.41188781917121964,0.0,1.0,1.0,1.0,-1.0,0.3817496860609345,-1,-1.0,-1.0,-1.0,1.0,0,GBPUSD
3,Wed,1.0,True,1.2005312084991862,1.0,1.0,1.0,1.0,1.0,0.12749003984076557,0,-1.0,-1.0,-1.0,1.0,0,GBPUSD
9,Wed,-1.0,True,0.9245901639343858,-1.0,1.0,1.0,1.0,1.0,1.1704918032785163,-1,-1.0,-1.0,-1.0,1.0,1,GBPUSD
3,Thu,-1.0,False,0.2839186691313345,-1.0,1.0,1.0,-1.0,1.0,0.21293900184845166,1,1.0,1.0,1.0,0.0,0,GBPUSD
9,Thu,1.0,False,0.06714628297363669,1.0,1.0,1.0,1.0,1.0,0.7194244604316998,-1,-1.0,-1.0,-1.0,1.0,1,GBPUSD
3,Tue,-1.0,False,0.764331210190987,-1.0,1.0,1.0,1.0,1.0,0.06551410373060755,0,-1.0,-1.0,-1.0,1.0,0,GBPUSD
9,Tue,1.0,True,0.6007636826472799,1.0,-1.0,-1.0,-1.0,1.0,0.4582095884597284,1,1.0,1.0,1.0,-1.0,-1,GBPUSD
3,Wed,1.0,True,0.373869346733707,1.0,-1.0,1.0,0.0,1.0,0.1326633165829801,0,1.0,1.0,1.0,0.0,0,GBPUSD
9,Wed,1.0,False,1.3757165190202005,-1.0,1.0,1.0,1.0,1.0,1.4257425742573542,0,-1.0,-1.0,-1.0,1.0,0,GBPUSD
3,Thu,-1.0,False,1.0243354548857115,-1.0,-1.0,1.0,1.0,-1.0,0.152751778360164,0,-1.0,-1.0,-1.0,0.0,0,GBPUSD
9,Thu,1.0,True,1.413258110014114,1.0,1.0,1.0,-1.0,-1.0,0.2284908321579559,0,1.0,-1.0,-1.0,0.0,0,GBPUSD
3,Tue,-1.0,False,0.8006206361521426,-1.0,1.0,1.0,-1.0,1.0,0.03723816912318241,0,1.0,1.0,1.0,0.0,0,GBPUSD
9,Tue,1.0,False,0.43119640669660864,1.0,1.0,-1.0,-1.0,1.0,0.13719885667622334,0,1.0,1.0,1.0,0.0,0,GBPUSD
3,Wed,1.0,False,0.853625170998635,1.0,1.0,1.0,1.0,-1.0,0.18604651162791075,-1,-1.0,-1.0,-1.0,1.0,0,GBPUSD
9,Wed,1.0,True,4.420219780219682,1.0,-1.0,-1.0,1.0,-1.0,0.3375824175825203,0,-1.0,-1.0,-1.0,0.0,0,GBPUSD
3,Thu,1.0,True,0.781334780249668,1.0,-1.0,-1.0,1.0,1.0,0.18231144872494662,0,1.0,0.0,1.0,0.0,0,GBPUSD
9,Thu,1.0,False,0.605754669358981,1.0,-1.0,-1.0,1.0,1.0,0.769308430085883,0,-1.0,-1.0,-1.0,0.0,0,GBPUSD
3,Tue,1.0,True,0.5069708491763495,1.0,-1.0,-1.0,-1.0,-1.0,0.36501901140698967,1,1.0,1.0,1.0,-1.0,-1,GBPUSD
9,Tue,1.0,False,0.38095238095246153,1.0,-1.0,-1.0,1.0,-1.0,0.07619047619049231,0,-1.0,-1.0,1.0,0.0,0,GBPUSD
3,Wed,-1.0,False,0.2706359945871217,-1.0,1.0,-1.0,-1.0,1.0,0.2056833558864721,1,1.0,1.0,1.0,0.0,0,GBPUSD
9,Wed,-1.0,True,2.5066162570888375,-1.0,1.0,1.0,-1.0,1.0,0.9867674858221989,0,1.0,1.0,-1.0,0.0,0,GBPUSD
3,Thu,1.0,False,0.10251542477447528,-1.0,1.0,1.0,-1.0,-1.0,0.09112482202192443,1,1.0,1.0,1.0,0.0,0,GBPUSD
9,Thu,-1.0,False,0.4075263882514757,1.0,1.0,1.0,-1.0,-1.0,0.2863698944471614,0,1.0,1.0,1.0,0.0,0,GBPUSD
3,Tue,-1.0,False,0.5925925925924737,-1.0,1.0,1.0,-1.0,1.0,0.39153439153436753,0,1.0,-1.0,1.0,0.0,0,GBPUSD
9,Tue,-1.0,True,0.6224175824174302,1.0,1.0,-1.0,-1.0,1.0,0.021098901099038867,0,1.0,1.0,1.0,0.0,0,GBPUSD
3,Wed,-1.0,True,1.0262489415748635,1.0,1.0,1.0,-1.0,-1.0,0.6096528365793121,1,1.0,1.0,1.0,0.0,0,GBPUSD
9,Wed,-1.0,True,0.8774971730117891,1.0,1.0,-1.0,-1.0,-1.0,0.054278175650360784,0,1.0,1.0,1.0,0.0,0,GBPUSD
3,Thu,1.0,False,0.03287671232861762,1.0,-1.0,-1.0,1.0,-1.0,0.17260273972606377,0,-1.0,-1.0,-1.0,0.0,0,GBPUSD
9,Thu,1.0,True,2.012847965738636,1.0,1.0,-1.0,1.0,-1.0,0.04282655246242705,0,-1.0,-1.0,1.0,1.0,0,GBPUSD
3,Tue,-1.0,False,0.8048048048047832,-1.0,1.0,1.0,-1.0,1.0,0.45645645645653576,0,-1.0,-1.0,-1.0,0.0,0,GBPUSD
9,Tue,1.0,True,0.9925208974922809,1.0,1.0,1.0,-1.0,1.0,1.7844258688957764,0,-1.0,-1.0,-1.0,0.0,0,GBPUSD
3,Wed,1.0,True,0.7224394057859215,1.0,1.0,1.0,1.0,-1.0,0.12197028928847267,-1,-1.0,-1.0,-1.0,1.0,1,GBPUSD
9,Wed,-1.0,True,0.943925233644829,-1.0,1.0,1.0,-1.0,-1.0,2.299065420560687,0,-1.0,-1.0,-1.0,0.0,0,GBPUSD
3,Thu,-1.0,False,0.08471584892339286,-1.0,1.0,1.0,1.0,1.0,0.3812213201553619,0,-1.0,1.0,-1.0,1.0,0,GBPUSD
9,Thu,-1.0,False,1.6904098686828748,-1.0,-1.0,-1.0,-1.0,1.0,1.0027855153203171,1,1.0,1.0,1.0,-1.0,-1,GBPUSD
3,Tue,1.0,True,2.6644671725503652,1.0,1.0,1.0,-1.0,-1.0,1.057076872319368,0,1.0,-1.0,1.0,0.0,0,USDJPY
9,Tue,-1.0,True,1.3698430083972246,1.0,-1.0,-1.0,1.0,-1.0,0.9375684556407503,0,-1.0,-1.0,-1.0,0.0,0,USDJPY
3,Wed,1.0,False,0.6531661845065636,1.0,-1.0,-1.0,-1.0,1.0,1.2446158791385598,1,1.0,1.0,1.0,-1.0,-1,USDJPY
9,Wed,1.0,True,0.8186469584991741,1.0,-1.0,1.0,1.0,1.0,0.33837407617963283,0,1.0,1.0,-1.0,0.0,0,USDJPY
3,Thu,1.0,False,0.28298109010009637,1.0,1.0,-1.0,1.0,1.0,0.1254727474972111,0,1.0,-1.0,-1.0,1.0,0,USDJPY
9,Thu,1.0,False,0.1481639169770972,1.0,1.0,1.0,1.0,1.0,2.360404470463034,-1,-1.0,-1.0,-1.0,1.0,1,USDJPY
3,Tue,-1.0,True,1.1924702266615652,-1.0,1.0,1.0,1.0,-1.0,0.9312331924702221,-1,-1.0,-1.0,-1.0,1.0,0,USDJPY
9,Tue,-1.0,False,0.9109820343103427,-1.0,-1.0,1.0,1.0,-1.0,0.3014993921383801,-1,-1.0,-1.0,-1.0,0.0,0,USDJPY
3,Wed,1.0,True,1.0498226650904217,1.0,1.0,1.0,1.0,1.0,0.4337105218713054,0,-1.0,-1.0,-1.0,1.0,0,USDJPY
9,Wed,-1.0,True,0.6925498426022764,-1.0,-1.0,1.0,1.0,1.0,0.3273871983211043,0,-1.0,-1.0,-1.0,0.0,0,USDJPY
3,Thu,1.0,False,0.31694790902421943,-1.0,-1.0,-1.0,-1.0,1.0,0.43316214233304984,0,1.0,-1.0,1.0,-1.0,0,USDJPY
9,Thu,1.0,True,2.6354883081155163,1.0,-1.0,-1.0,-1.0,1.0,2.8528198074276996,1,1.0,1.0,1.0,-1.0,-1,USDJPY
3,Tue,-1.0,True,0.9275527666857293,1.0,-1.0,1.0,1.0,1.0,0.6503137478607997,0,-1.0,-1.0,-1.0,0.0,0,USDJPY
9,Tue,-1.0,True,1.4701811220733156,-1.0,1.0,1.0,-1.0,1.0,0.5442497423059783,0,-1.0,-1.0,1.0,0.0,0,USDJPY
3,Wed,-1.0,True,1.1459966066089808,-1.0,-1.0,-1.0,1.0,-1.0,0.9152460208451221,0,-1.0,1.0,-1.0,0.0,0,USDJPY
3,Thu,1.0,False,0.028218694885362494,1.0,1.0,1.0,-1.0,1.0,0.5220458553792061,0,1.0,-1.0,1.0,0.0,0,USDJPY
9,Thu,-1.0,False,0.11607142857147455,1.0,-1.0,-1.0,1.0,1.0,0.7410714285714097,-1,1.0,-1.0,-1.0,0.0,0,USDJPY
3,Tue,1.0,False,0.604248623131386,1.0,-1.0,-1.0,-1.0,1.0,0.725098347757599,1,1.0,1.0,1.0,-1.0,-1,USDJPY
9,Tue,1.0,True,2.6143879986362815,-1.0,1.0,1.0,1.0,1.0,0.662802591203579,-1,1.0,-1.0,-1.0,1.0,1,USDJPY
3,Wed,-1.0,True,0.7058823529411888,-1.0,1.0,-1.0,1.0,-1.0,0.12935016938711455,0,-1.0,1.0,-1.0,1.0,0,USDJPY
9,Wed,-1.0,True,0.9026471864602591,-1.0,1.0,1.0,-1.0,-1.0,0.8991754665123184,0,1.0,1.0,1.0,0.0,0,USDJPY
3,Thu,1.0,True,1.1572252625351052,1.0,1.0,1.0,1.0,-1.0,0.49696790415624265,-1,1.0,-1.0,-1.0,1.0,0,USDJPY
9,Thu,1.0,True,1.5432295438088988,1.0,1.0,1.0,1.0,-1.0,0.38580738595217534,-1,-1.0,-1.0,-1.0,1.0,0,USDJPY
3,Tue,1.0,True,1.1888082901553374,1.0,-1.0,-1.0,-1.0,1.0,0.5272538860103431,1,1.0,1.0,1.0,-1.0,0,USDJPY
9,Tue,-1.0,False,0.23813632441756596,1.0,-1.0,-1.0,1.0,1.0,2.795513373598089,1,1.0,1.0,1.0,0.0,-1,USDJPY
3,Wed,-1.0,True,1.1628197130380815,-1.0,-1.0,-1.0,1.0,-1.0,0.4890829694322415,-1,-1.0,1.0,-1.0,0.0,0,USDJPY
9,Wed,-1.0,False,0.3074984247007289,-1.0,-1.0,-1.0,-1.0,-1.0,2.364209199747924,1,1.0,1.0,1.0,-1.0,-1,USDJPY
3,Thu,1.0,False,0.7570773793474662,1.0,-1.0,1.0,1.0,-1.0,0.012941493664030173,0,1.0,-1.0,-1.0,0.0,0,USDJPY
9,Thu,1.0,False,0.7715030408340146,-1.0,1.0,-1.0,-1.0,-1.0,0.03574531463323946,1,1.0,1.0,1.0,0.0,0,USDJPY
3,Tue,-1.0,False,1.1511387163560742,-1.0,1.0,-1.0,-1.0,1.0,0.28985507246374026,1,1.0,1.0,1.0,0.0,0,USDJPY
9,Tue,1.0,False,0.4106297779395425,-1.0,-1.0,-1.0,-1.0,1.0,0.5504186385147614,0,1.0,1.0,1.0,-1.0,0,USDJPY
3,Wed,-1.0,False,0.16605033997373594,-1.0,-1.0,-1.0,1.0,-1.0,0.835977573660987,0,1.0,1.0,1.0,0.0,0,USDJPY
9,Wed,1.0,False,0.37711760373185466,1.0,1.0,1.0,-1.0,-1.0,0.5421065553645934,0,-1.0,-1.0,-1.0,0.0,0,USDJPY
3,Thu,-1.0,True,0.7220077220077634,-1.0,-1.0,-1.0,-1.0,1.0,0.4710424710425227,0,1.0,1.0,1.0,-1.0,0,USDJPY
9,Thu,1.0,True,1.0168530477239568,1.0,-1.0,-1.0,-1.0,1.0,1.4780280359111226,1,1.0,1.0,1.0,-1.0,-1,USDJPY
3,Tue,-1.0,False,0.26956972524622924,-1.0,1.0,1.0,-1.0,1.0,0.5432866770347281,0,1.0,-1.0,1.0,0.0,0,USDJPY
9,Tue,1.0,False,1.7646504320502243,1.0,1.0,1.0,1.0,1.0,0.9275726630008153,0,1.0,-1.0,-1.0,1.0,0,USDJPY
3,Wed,1.0,False,0.2692639625199759,1.0,1.0,1.0,1.0,1.0,0.08285045000622406,-1,-1.0,-1.0,-1.0,1.0,0,USDJPY
9,Wed,1.0,True,0.804262478968055,1.0,1.0,1.0,1.0,1.0,0.7638810992709134,-1,-1.0,-1.0,-1.0,1.0,1,USDJPY
3,Thu,1.0,False,0.22607385079130898,1.0,-1.0,-1.0,1.0,1.0,0.7460437076112426,0,1.0,1.0,1.0,0.0,0,USDJPY
9,Thu,1.0,False,0.39042632759917595,-1.0,1.0,1.0,-1.0,1.0,1.5751682872101473,-1,-1.0,-1.0,-1.0,0.0,1,USDJPY
3,Tue,1.0,False,0.6200044159858292,1.0,1.0,1.0,1.0,1.0,0.42923382645170477,-1,-1.0,-1.0,-1.0,1.0,1,USDJPY
3,Wed,1.0,True,0.8819277108433352,1.0,-1.0,-1.0,-1.0,0.0,0.25060240963851715,0,1.0,1.0,1.0,-1.0,0,USDJPY
9,Wed,-1.0,False,0.07981220657274993,0.0,1.0,0.0,1.0,0.0,0.30516431924881254,1,1.0,1.0,1.0,1.0,-1,USDJPY
3,Thu,1.0,False,0.3151750972762726,0.0,1.0,1.0,-1.0,0.0,0.03501945525291918,0,1.0,-1.0,-1.0,0.0,0,USDJPY
3,Tue,-1.0,False,0.19751002321157746,-1.0,1.0,1.0,1.0,0.0,2.091580502215648,-1,-1.0,-1.0,-1.0,1.0,1,USDJPY
9,Tue,1.0,False,0.04483886034568638,0.0,1.0,0.0,1.0,0.0,0.09528257823444417,-1,-1.0,-1.0,-1.0,1.0,0,USDJPY
3,Wed,-1.0,False,0.16145833333336498,-1.0,-1.0,-1.0,-1.0,-1.0,2.078125000000016,1,1.0,1.0,1.0,-1.0,-1,USDJPY
3,Thu,-1.0,True,2.2184122251211926,-1.0,1.0,1.0,1.0,-1.0,0.2281028699216763,-1,-1.0,-1.0,-1.0,1.0,1,USDJPY
3,Tue,-1.0,False,0.43154883530850796,1.0,-1.0,-1.0,-1.0,1.0,0.8778095627298773,1,1.0,1.0,1.0,-1.0,-1,USDJPY
3,Wed,1.0,False,0.3739807936220899,1.0,-1.0,-1.0,1.0,1.0,0.6044573292263551,0,-1.0,1.0,1.0,0.0,0,USDJPY
3,Thu,-1.0,True,1.9617241996064803,-1.0,1.0,1.0,-1.0,1.0,0.8499373993919107,1,1.0,-1.0,1.0,0.0,0,USDJPY
3,Tue,-1.0,False,0.11590406810182136,1.0,-1.0,-1.0,1.0,-1.0,0.4400425636408114,0,1.0,1.0,-1.0,0.0,0,USDJPY
3,Wed,1.0,False,0.5367137048553321,-1.0,1.0,1.0,1.0,0.0,0.13489595790479908,-1,0.0,-1.0,-1.0,1.0,0,USDJPY
3,Thu,1.0,True,0.66580929634391,1.0,1.0,1.0,-1.0,0.0,0.20282932206500312,0,0.0,-1.0,1.0,0.0,0,USDJPY
3,Tue,1.0,False,0.45095100864548265,1.0,1.0,1.0,-1.0,-1.0,1.2836887608069067,-1,-1.0,-1.0,-1.0,0.0,1,USDJPY
3,Wed,1.0,True,0.9981651376146398,1.0,-1.0,-1.0,1.0,-1.0,0.3522935779816621,0,-1.0,1.0,1.0,0.0,0,USDJPY
3,Thu,1.0,False,0.36015132408574674,1.0,1.0,1.0,-1.0,0.0,0.08474148802015041,0,0.0,-1.0,1.0,0.0,0,USDJPY
3,Tue,1.0,True,0.7185196329170419,1.0,1.0,1.0,-1.0,0.0,0.2852414623138516,1,1.0,-1.0,1.0,0.0,0,USDJPY
3,Wed,-1.0,False,0.01474654377876743,1.0,1.0,1.0,1.0,-1.0,0.6783410138248736,-1,-1.0,-1.0,-1.0,1.0,1,USDJPY
3,Thu,-1.0,False,0.4024896265559341,-1.0,-1.0,-1.0,-1.0,1.0,0.4688796680497913,1,1.0,1.0,1.0,-1.0,0,USDJPY
3,Tue,-1.0,False,0.5792969382796108,-1.0,1.0,1.0,1.0,0.0,0.5248663534747766,-1,0.0,-1.0,-1.0,1.0,0,USDJPY
3,Wed,-1.0,False,0.07195833990849386,-1.0,-1.0,-1.0,-1.0,0.0,0.6059649676502876,0,1.0,1.0,1.0,-1.0,0,USDJPY
3,Thu,1.0,True,0.5821389195149025,1.0,1.0,1.0,1.0,0.0,0.3660418963616223,-1,1.0,-1.0,-1.0,1.0,0,USDJPY
9,Thu,1.0,False,0.4964366417521247,1.0,1.0,1.0,1.0,0.0,0.10846514861815512,-1,0.0,-1.0,-1.0,1.0,0,USDJPY
3,Tue,1.0,True,1.0712570056045327,-1.0,-1.0,-1.0,-1.0,1.0,0.7013610888710232,1,1.0,1.0,1.0,-1.0,0,USDJPY
3,Wed,-1.0,True,0.7223113964687218,1.0,1.0,-1.0,1.0,1.0,0.19261637239161353,0,-1.0,1.0,1.0,1.0,0,USDJPY
3,Thu,-1.0,True,0.6116556763500245,-1.0,1.0,1.0,1.0,0.0,0.09410087328470332,-1,-1.0,-1.0,-1.0,1.0,0,USDJPY
3,Tue,-1.0,False,0.20873992363172414,-1.0,-1.0,-1.0,1.0,1.0,0.3971149766652772,0,1.0,1.0,1.0,0.0,0,USDJPY
3,Wed,1.0,True,1.0323253388948141,1.0,1.0,1.0,1.0,-1.0,0.7632950990616137,-1,-1.0,-1.0,-1.0,1.0,1,USDJPY
3,Thu,-1.0,True,1.1350984385606058,-1.0,-1.0,-1.0,1.0,1.0,0.4562118126273015,0,1.0,1.0,1.0,0.0,0,USDJPY
3,Tue,1.0,True,1.5572747691539683,-1.0,-1.0,-1.0,1.0,0.0,0.6109308709758321,0,0.0,1.0,1.0,0.0,0,USDJPY
3,Wed,1.0,False,0.15017598748538274,-1.0,1.0,1.0,-1.0,0.0,0.2440359796637636,0,0.0,-1.0,-1.0,0.0,0,USDJPY
3,Thu,1.0,False,0.3262307127112898,1.0,-1.0,-1.0,1.0,0.0,0.24687729610585105,-1,0.0,-1.0,-1.0,0.0,0,USDJPY
3,Tue,-1.0,True,0.6506717850287871,-1.0,-1.0,1.0,1.0,0.0,0.3166986564299812,-1,0.0,-1.0,-1.0,0.0,0,USDJPY
9,Tue,1.0,True,1.3609792655508648,0.0,-1.0,0.0,-1.0,0.0,1.1511366475144118,1,0.0,1.0,1.0,-1.0,-1,USDJPY
3,Wed,-1.0,False,0.3857407788996636,-1.0,-1.0,-1.0,-1.0,0.0,0.5291572223366947,1,1.0,1.0,1.0,-1.0,0,USDJPY
3,Thu,-1.0,False,0.3771001866832542,1.0,-1.0,-1.0,-1.0,-1.0,0.4405724953328961,0,1.0,1.0,1.0,-1.0,0,USDJPY
3,Tue,-1.0,False,0.26941580756017314,-1.0,-1.0,-1.0,-1.0,0.0,0.6707903780067928,1,0.0,1.0,1.0,-1.0,0,USDJPY
3,Wed,1.0,False,0.30204509701084076,-1.0,1.0,1.0,1.0,0.0,0.6418458311484166,-1,-1.0,-1.0,-1.0,1.0,1,USDJPY
3,Thu,1.0,False,0.24500212675458044,1.0,1.0,1.0,1.0,-1.0,0.21948107188419075,0,1.0,-1.0,-1.0,1.0,0,USDJPY
3,Tue,-1.0,False,0.3549951503395103,-1.0,-1.0,-1.0,-1.0,0.0,0.4597478176528003,1,1.0,1.0,1.0,-1.0,-1,USDJPY
3,Wed,1.0,False,0.1400388996944578,1.0,1.0,1.0,1.0,0.0,1.413726035009634,-1,-1.0,-1.0,-1.0,1.0,1,USDJPY
3,Thu,1.0,False,0.14593077642662428,1.0,-1.0,-1.0,1.0,0.0,0.5219831618334245,-1,0.0,-1.0,-1.0,0.0,0,USDJPY
3,Tue,-1.0,True,0.7237125514000302,-1.0,1.0,-1.0,-1.0,0.0,0.7942040336791915,0,0.0,1.0,1.0,0.0,0,USDJPY
3,Wed,1.0,True,1.8276188672097988,1.0,-1.0,-1.0,-1.0,0.0,0.5910210267095934,1,1.0,1.0,1.0,-1.0,-1,USDJPY
3,Thu,1.0,False,0.23430321592656903,-1.0,-1.0,-1.0,1.0,1.0,0.11026033690659,0,-1.0,1.0,-1.0,0.0,0,USDJPY
3,Tue,-1.0,False,1.6467814194765262,-1.0,1.0,1.0,-1.0,0.0,2.0146191935865554,-1,-1.0,-1.0,-1.0,0.0,1,USDJPY
3,Wed,1.0,False,0.29473029690660724,1.0,-1.0,-1.0,1.0,0.0,1.47365148453293,1,1.0,1.0,1.0,0.0,-1,USDJPY
3,Thu,-1.0,False,0.003982741453719679,1.0,1.0,1.0,1.0,0.0,1.1709259873879256,-1,-1.0,-1.0,-1.0,1.0,1,USDJPY
3,Tue,-1.0,True,1.0432050274940994,-1.0,1.0,-1.0,1.0,1.0,0.2639434406912932,0,1.0,1.0,-1.0,1.0,0,USDJPY
9,Tue,1.0,True,1.0380524698654152,0.0,1.0,0.0,-1.0,0.0,0.8508626802174875,-1,0.0,-1.0,-1.0,0.0,1,USDJPY
3,Wed,1.0,False,0.42432814710052175,1.0,-1.0,-1.0,-1.0,0.0,0.45827439886839627,0,1.0,1.0,1.0,-1.0,0,USDJPY
3,Thu,1.0,False,0.1812040532484765,-1.0,1.0,1.0,-1.0,1.0,0.4720842439896195,1,1.0,1.0,1.0,0.0,0,USDJPY
3,Tue,1.0,True,0.804373662942676,1.0,-1.0,1.0,-1.0,0.0,0.07986688851919305,0,0.0,-1.0,1.0,-1.0,0,USDJPY
3,Wed,1.0,False,0.20009263547939563,-1.0,1.0,1.0,-1.0,0.0,0.05002315886992789,0,1.0,-1.0,-1.0,0.0,0,USDJPY
3,Thu,1.0,False,0.4459930313588997,1.0,-1.0,1.0,1.0,0.0,0.27874564459931234,-1,-1.0,-1.0,-1.0,0.0,0,USDJPY
9,Thu,-1.0,True,2.2552011095700477,0.0,1.0,0.0,-1.0,0.0,0.41192787794725183,0,0.0,-1.0,-1.0,0.0,0,USDJPY
3,Tue,-1.0,False,0.4638699758400762,-1.0,-1.0,1.0,1.0,1.0,0.07906874588176478,0,-1.0,-1.0,-1.0,0.0,0,USDJPY
3,Wed,1.0,True,1.0022067560686234,1.0,-1.0,1.0,1.0,0.0,0.2362926498048746,-1,-1.0,-1.0,-1.0,0.0,0,USDJPY
3,Thu,1.0,True,0.47469162058708075,-1.0,1.0,1.0,1.0,0.0,0.09187579753296933,0,-1.0,-1.0,-1.0,1.0,0,USDJPY
3,Tue,-1.0,True,0.8186892702087742,-1.0,1.0,1.0,1.0,0.0,0.5507545999586069,-1,0.0,-1.0,-1.0,1.0,1,USDJPY
3,Wed,1.0,False,0.13040525243378348,1.0,-1.0,-1.0,-1.0,0.0,0.12497170024901676,0,1.0,-1.0,-1.0,-1.0,0,USDJPY
3,Thu,1.0,False,0.4362657091562825,-1.0,-1.0,1.0,1.0,0.0,0.27468581687605315,-1,-1.0,-1.0,-1.0,0.0,0,USDJPY
9,Thu,1.0,True,2.3831155778894217,0.0,1.0,0.0,-1.0,0.0,0.5354773869346197,0,0.0,1.0,1.0,0.0,0,USDJPY
3,Tue,-1.0,True,1.452991452991431,-1.0,-1.0,-1.0,1.0,1.0,0.04558404558410141,0,1.0,-1.0,-1.0,0.0,0,USDJPY
3,Wed,1.0,False,0.05677593781686998,-1.0,1.0,1.0,1.0,-1.0,0.9895234876646248,-1,-1.0,-1.0,-1.0,1.0,1,USDJPY
9,Wed,-1.0,False,0.6453439003679488,0.0,1.0,0.0,-1.0,-1.0,1.772997452590023,0,-1.0,1.0,-1.0,0.0,0,USDJPY
3,Thu,1.0,False,0.6272138228940662,1.0,-1.0,-1.0,-1.0,1.0,1.2907127429806775,1,1.0,1.0,1.0,-1.0,-1,USDJPY
9,Thu,1.0,True,2.35383736431147,0.0,-1.0,0.0,1.0,1.0,0.6901542563321669,0,1.0,1.0,1.0,0.0,0,USDJPY
3,Tue,-1.0,True,0.9987577639751581,-1.0,1.0,1.0,-1.0,0.0,0.3950310559006009,1,1.0,-1.0,1.0,0.0,0,USDJPY
3,Wed,-1.0,False,0.17705226808987592,1.0,-1.0,-1.0,-1.0,0.0,0.022602417202951496,0,1.0,1.0,1.0,-1.0,0,USDJPY
3,Thu,-1.0,True,1.4880072409111487,-1.0,1.0,1.0,1.0,-1.0,1.042691205309935,-1,-1.0,-1.0,-1.0,1.0,1,USDJPY
3,Tue,-1.0,False,0.5138004246284883,-1.0,-1.0,-1.0,-1.0,-1.0,0.03821656050961583,1,1.0,1.0,1.0,-1.0,0,USDJPY
3,Wed,1.0,False,0.3495531281032575,1.0,-1.0,1.0,1.0,-1.0,0.04766633565044934,-1,-1.0,-1.0,-1.0,0.0,0,USDJPY
3,Thu,1.0,True,0.7906893464637342,1.0,-1.0,1.0,-1.0,0.0,0.14180841539845548,0,0.0,-1.0,1.0,-1.0,0,USDJPY
3,Tue,1.0,True,0.4671657754011189,-1.0,-1.0,1.0,1.0,0.0,0.22074866310164046,0,0.0,-1.0,1.0,0.0,0,USDJPY
3,Wed,-1.0,True,1.3845129798091356,-1.0,-1.0,-1.0,1.0,0.0,0.484579542933258,0,0.0,1.0,1.0,0.0,0,USDJPY
3,Thu,-1.0,True,0.6258648217136376,-1.0,1.0,1.0,-1.0,0.0,0.8004257583820638,0,0.0,-1.0,-1.0,0.0,0,USDJPY
9,Thu,1.0,True,2.3424317617866297,0.0,-1.0,0.0,1.0,0.0,0.4129032258065077,-1,0.0,-1.0,-1.0,0.0,0,USDJPY
3,Tue,-1.0,False,0.5222043873728655,-1.0,1.0,1.0,1.0,0.0,0.24398073836270928,0,-1.0,-1.0,-1.0,1.0,0,USDJPY
9,Tue,1.0,True,1.4705144291090628,1.0,1.0,1.0,1.0,0.0,1.1844416562108944,-1,-1.0,-1.0,-1.0,1.0,1,USDJPY
3,Wed,-1.0,True,1.1109598366236495,-1.0,-1.0,-1.0,1.0,1.0,0.4247787610618914,1,1.0,1.0,1.0,0.0,0,USDJPY
9,Wed,1.0,True,1.3953488372093046,1.0,1.0,1.0,-1.0,1.0,0.24558139534884693,0,1.0,1.0,-1.0,0.0,0,USDJPY
3,Thu,1.0,False,0.5918618988901901,-1.0,-1.0,1.0,1.0,1.0,0.7229170336446045,-1,-1.0,-1.0,-1.0,0.0,0,USDJPY
9,Thu,-1.0,False,0.9027962716378025,-1.0,1.0,1.0,-1.0,1.0,0.06790945406123455,0,1.0,1.0,1.0,0.0,0,USDJPY
3,Tue,-1.0,True,1.7225130890052427,-1.0,1.0,-1.0,1.0,1.0,0.43979057591623855,0,-1.0,1.0,-1.0,1.0,0,USDJPY
9,Tue,1.0,False,0.11630160883894634,-1.0,-1.0,1.0,-1.0,1.0,0.46985849970923216,0,-1.0,1.0,-1.0,-1.0,0,USDJPY
3,Wed,-1.0,False,0.005080440304706262,1.0,-1.0,-1.0,-1.0,1.0,0.7214225232853279,1,1.0,1.0,1.0,-1.0,-1,USDJPY
9,Wed,-1.0,False,0.30054787372816183,-1.0,1.0,1.0,1.0,1.0,0.4132533263760445,-1,1.0,-1.0,-1.0,1.0,1,USDJPY
3,Thu,-1.0,False,0.2733188720173648,-1.0,-1.0,1.0,1.0,1.0,0.28633405639902076,0,-1.0,-1.0,-1.0,0.0,0,USDJPY
9,Thu,1.0,False,0.2291950886768337,1.0,-1.0,-1.0,-1.0,1.0,0.24884038199188452,0,-1.0,1.0,1.0,-1.0,0,USDJPY
3,Tue,1.0,True,1.5612708018154984,1.0,-1.0,-1.0,-1.0,1.0,0.3267776096823136,0,-1.0,1.0,-1.0,-1.0,0,USDJPY
9,Tue,1.0,False,0.3464493597205136,-1.0,-1.0,-1.0,1.0,1.0,0.03352735739231802,0,-1.0,1.0,1.0,0.0,0,USDJPY
3,Wed,-1.0,False,0.4206482593037569,-1.0,-1.0,-1.0,-1.0,1.0,0.20168067226888414,1,1.0,1.0,1.0,-1.0,-1,USDJPY
9,Wed,1.0,True,0.627853295716865,1.0,1.0,1.0,1.0,1.0,0.9479353680430516,-1,-1.0,-1.0,-1.0,1.0,1,USDJPY
3,Thu,1.0,False,0.2930714096097201,-1.0,-1.0,-1.0,1.0,1.0,0.6307406424209587,0,1.0,1.0,1.0,0.0,0,USDJPY
9,Thu,-1.0,False,0.24049331962992848,1.0,-1.0,-1.0,-1.0,1.0,0.863309352518065,1,1.0,1.0,1.0,-1.0,-1,USDJPY
3,Tue,-1.0,True,1.044265593561387,-1.0,1.0,1.0,-1.0,1.0,0.4466800804829748,0,1.0,-1.0,1.0,0.0,0,USDJPY
9,Tue,1.0,True,1.0652280529670484,1.0,1.0,1.0,-1.0,1.0,0.45904855321237925,0,1.0,1.0,1.0,0.0,0,USDJPY
3,Wed,1.0,False,0.10191082802542044,-1.0,1.0,1.0,-1.0,-1.0,0.2101910828024636,1,1.0,1.0,1.0,0.0,0,USDJPY
9,Wed,1.0,False,0.2787816210635992,-1.0,-1.0,1.0,-1.0,-1.0,0.09292720702125844,1,1.0,1.0,1.0,-1.0,0,USDJPY
3,Thu,-1.0,True,0.6463366336633516,1.0,1.0,1.0,1.0,-1.0,0.052277227722752215,-1,-1.0,-1.0,-1.0,1.0,0,USDJPY
9,Thu,1.0,True,1.136463536463519,1.0,1.0,1.0,1.0,-1.0,1.045354645354601,-1,-1.0,-1.0,-1.0,1.0,1,USDJPY
3,Tue,1.0,False,0.07343941248484076,1.0,-1.0,-1.0,-1.0,1.0,0.6168910648714935,-1,1.0,-1.0,1.0,-1.0,0,USDJPY
9,Tue,1.0,False,0.640355753196232,-1.0,1.0,1.0,1.0,1.0,2.3679822123400744,-1,-1.0,-1.0,-1.0,1.0,1,USDJPY
3,Wed,1.0,False,0.38638045891927486,1.0,1.0,1.0,1.0,-1.0,0.09770540340484798,-1,-1.0,-1.0,-1.0,1.0,0,USDJPY
9,Wed,-1.0,True,2.12595776490386,-1.0,1.0,1.0,1.0,-1.0,0.053821715567186325,0,-1.0,-1.0,-1.0,1.0,0,USDJPY
3,Thu,1.0,True,0.647840531561588,-1.0,1.0,-1.0,-1.0,1.0,0.16943521594680497,0,1.0,-1.0,1.0,0.0,0,USDJPY
9,Thu,1.0,False,0.24605290137385227,1.0,-1.0,-1.0,1.0,1.0,0.5216321509124213,0,1.0,-1.0,1.0,0.0,0,USDJPY
3,Tue,1.0,False,1.2080178173719152,1.0,1.0,1.0,1.0,1.0,1.9349665924277126,-1,-1.0,-1.0,-1.0,1.0,1,USDJPY
9,Tue,-1.0,False,1.32636295743114,1.0,1.0,1.0,1.0,1.0,1.0485436893205566,-1,-1.0,-1.0,-1.0,1.0,1,USDJPY
3,Wed,1.0,True,1.19169719169718,1.0,-1.0,-1.0,-1.0,1.0,1.7826617826616722,1,1.0,1.0,1.0,-1.0,-1,USDJPY
9,Wed,-1.0,True,0.5129694957460467,-1.0,1.0,-1.0,-1.0,1.0,0.054783150031105086,0,1.0,1.0,-1.0,0.0,0,USDJPY
3,Thu,-1.0,False,0.14774686037924922,-1.0,1.0,1.0,-1.0,-1.0,0.08273824181225192,0,1.0,1.0,1.0,0.0,0,USDJPY
3,Tue,1.0,False,0.3052971330927445,-1.0,1.0,1.0,1.0,-1.0,0.39643060565794774,-1,-1.0,-1.0,-1.0,1.0,1,USDJPY
9,Tue,1.0,True,1.263457434194961,1.0,-1.0,1.0,1.0,-1.0,0.045529997628539404,-1,-1.0,-1.0,-1.0,0.0,0,USDJPY
3,Wed,-1.0,False,0.2515283842794874,-1.0,-1.0,-1.0,1.0,1.0,0.5589519650653952,0,-1.0,1.0,-1.0,0.0,0,USDJPY
9,Wed,1.0,False,0.2640586797066145,1.0,1.0,1.0,-1.0,1.0,0.10268948655243332,0,-1.0,-1.0,-1.0,0.0,0,USDJPY
3,Thu,-1.0,False,0.05061956235176228,1.0,-1.0,1.0,-1.0,1.0,0.12654890587913595,0,1.0,-1.0,1.0,-1.0,0,USDJPY
9,Thu,1.0,False,0.44504165546907143,-1.0,1.0,-1.0,1.0,1.0,0.10964794410102244,0,1.0,-1.0,-1.0,1.0,0,USDJPY
3,Tue,1.0,False,0.49701314217437287,-1.0,1.0,1.0,1.0,-1.0,0.3632019115891215,-1,-1.0,-1.0,-1.0,1.0,0,USDJPY
9,Tue,1.0,True,0.8272727272725564,1.0,1.0,1.0,-1.0,-1.0,0.2181818181818299,0,-1.0,1.0,1.0,0.0,0,USDJPY
3,Wed,1.0,False,0.3858823529411405,1.0,1.0,1.0,1.0,1.0,0.6400000000001034,-1,-1.0,-1.0,-1.0,1.0,1,USDJPY
9,Wed,-1.0,False,0.1517292673856075,-1.0,1.0,-1.0,1.0,1.0,0.08925251022676825,0,-1.0,-1.0,1.0,1.0,0,USDJPY
3,Thu,-1.0,True,0.4674930432584393,-1.0,1.0,1.0,1.0,1.0,0.024285352896477312,0,-1.0,-1.0,-1.0,1.0,0,USDJPY
9,Thu,-1.0,False,0.03352735739231735,-1.0,1.0,-1.0,-1.0,1.0,1.2628637951105672,1,1.0,1.0,1.0,0.0,0,USDJPY
3,Tue,1.0,True,1.8473161033796943,-1.0,1.0,1.0,1.0,1.0,0.7133200795228857,-1,-1.0,-1.0,-1.0,1.0,1,USDJPY
9,Tue,-1.0,True,0.7382297551790055,1.0,1.0,1.0,1.0,1.0,0.05273069679853098,0,-1.0,1.0,1.0,1.0,0,USDJPY
3,Wed,-1.0,False,0.27025336252737703,-1.0,1.0,1.0,1.0,1.0,0.48795746011883967,-1,-1.0,-1.0,-1.0,1.0,1,USDJPY
9,Wed,1.0,False,0.045351473922860014,1.0,-1.0,1.0,1.0,1.0,0.32653061224490143,-1,-1.0,-1.0,-1.0,0.0,0,USDJPY
3,Thu,1.0,False,0.23257267896221498,-1.0,1.0,-1.0,-1.0,1.0,0.06752110034375193,1,1.0,1.0,1.0,0.0,0,USDJPY
9,Thu,1.0,False,0.9055236945366615,-1.0,1.0,1.0,-1.0,1.0,0.10866284334430054,0,1.0,1.0,-1.0,0.0,0,USDJPY
3,Tue,-1.0,True,1.850220264316992,-1.0,1.0,1.0,1.0,1.0,0.401762114537258,-1,-1.0,-1.0,-1.0,1.0,1,USDJPY
9,Tue,-1.0,True,0.5801253357207001,-1.0,1.0,1.0,1.0,1.0,0.9883616830798131,-1,-1.0,-1.0,-1.0,1.0,1,USDJPY
3,Wed,-1.0,False,0.1294099522415529,-1.0,1.0,-1.0,1.0,-1.0,0.2514250500693719,0,-1.0,1.0,-1.0,1.0,0,USDJPY
9,Wed,-1.0,False,0.42012405237770406,-1.0,-1.0,-1.0,-1.0,-1.0,0.08270158511363984,0,-1.0,1.0,0.0,-1.0,0,USDJPY
3,Thu,1.0,True,1.2052293006848922,1.0,1.0,1.0,-1.0,1.0,0.17431002282629696,0,1.0,-1.0,1.0,0.0,0,USDJPY
9,Thu,1.0,False,0.5491042521044452,-1.0,-1.0,-1.0,1.0,1.0,0.09324411828189527,0,1.0,-1.0,-1.0,0.0,0,USDJPY
3,Tue,1.0,False,0.8461538461538974,1.0,1.0,1.0,1.0,-1.0,0.14102564102558884,-1,-1.0,-1.0,-1.0,1.0,1,USDJPY
9,Tue,-1.0,True,0.7279074841807248,-1.0,1.0,1.0,1.0,-1.0,0.6388828278421028,-1,-1.0,-1.0,-1.0,1.0,0,USDJPY
3,Wed,-1.0,False,0.1643402686330168,-1.0,1.0,1.0,1.0,1.0,0.3033974190148417,-1,-1.0,-1.0,-1.0,1.0,1,USDJPY
9,Wed,1.0,False,0.2964626614262415,1.0,1.0,1.0,-1.0,1.0,0.8556990454801358,0,-1.0,-1.0,-1.0,0.0,0,USDJPY
3,Thu,-1.0,False,0.3826176394960948,1.0,-1.0,-1.0,1.0,1.0,0.19130881974787198,0,1.0,1.0,1.0,0.0,0,USDJPY
9,Thu,1.0,True,2.01071932299013,1.0,-1.0,1.0,1.0,1.0,0.06770098730600409,-1,1.0,1.0,-1.0,0.0,0,USDJPY
3,Tue,1.0,True,0.5066781559673241,-1.0,1.0,1.0,1.0,1.0,0.6100818612666701,0,-1.0,-1.0,-1.0,1.0,0,USDJPY
9,Tue,1.0,True,2.265399938706694,1.0,-1.0,-1.0,1.0,1.0,0.6619675145569826,0,1.0,1.0,-1.0,0.0,0,USDJPY
3,Wed,1.0,False,0.26412849494353696,1.0,-1.0,-1.0,-1.0,1.0,0.18560380725746153,0,1.0,1.0,-1.0,-1.0,0,USDJPY
9,Wed,1.0,False,0.5707133917398541,1.0,-1.0,-1.0,1.0,1.0,0.2002503128912218,0,1.0,1.0,1.0,0.0,0,USDJPY
3,Thu,1.0,False,0.059234882764298565,1.0,-1.0,-1.0,1.0,1.0,0.26655697243948384,0,1.0,1.0,-1.0,0.0,0,USDJPY
9,Thu,-1.0,False,0.37316748111947473,-1.0,1.0,1.0,-1.0,1.0,0.5970679697913414,0,1.0,-1.0,-1.0,0.0,0,USDJPY
3,Tue,-1.0,True,2.2866779089375826,-1.0,1.0,1.0,-1.0,-1.0,0.33389544688013667,0,-1.0,-1.0,-1.0,0.0,0,USDJPY
9,Tue,1.0,True,0.38697194453410944,1.0,-1.0,1.0,1.0,-1.0,0.2708803611737886,-1,-1.0,-1.0,-1.0,0.0,0,USDJPY
3,Wed,1.0,False,0.3279503105591571,1.0,1.0,1.0,-1.0,1.0,0.09937888198776887,0,1.0,-1.0,1.0,0.0,0,USDJPY
9,Wed,-1.0,False,0.14117647058801763,-1.0,1.0,-1.0,1.0,1.0,0.01568627450987881,0,-1.0,-1.0,-1.0,1.0,0,USDJPY
3,Thu,-1.0,False,0.5161290322580908,-1.0,1.0,1.0,1.0,1.0,0.6451612903226135,-1,-1.0,-1.0,-1.0,1.0,1,USDJPY
9,Thu,-1.0,True,1.5400377460231827,-1.0,1.0,1.0,-1.0,1.0,1.0482609867889308,0,-1.0,1.0,-1.0,0.0,0,USDJPY
3,Tue,1.0,False,0.3723150357995374,1.0,-1.0,1.0,1.0,-1.0,0.11455847255370381,-1,-1.0,-1.0,-1.0,0.0,0,USDJPY
9,Tue,1.0,False,0.20714164833311616,1.0,1.0,1.0,1.0,-1.0,0.7920121848029281,-1,-1.0,-1.0,-1.0,1.0,1,USDJPY
3,Wed,1.0,True,0.5095017976373706,-1.0,-1.0,-1.0,-1.0,1.0,0.2465331278890691,0,1.0,-1.0,1.0,-1.0,0,USDJPY
9,Wed,1.0,False,0.414048059149736,-1.0,-1.0,-1.0,-1.0,1.0,0.2563154651878851,1,1.0,1.0,1.0,-1.0,0,USDJPY
3,Thu,-1.0,False,0.0801603206412089,1.0,-1.0,-1.0,-1.0,-1.0,0.3954575818303892,0,1.0,-1.0,1.0,-1.0,0,USDJPY
9,Thu,1.0,False,1.1073359073357942,1.0,-1.0,-1.0,-1.0,-1.0,1.737451737451735,1,1.0,1.0,1.0,-1.0,-1,USDJPY
3,Tue,-1.0,True,1.2380952380952848,-1.0,1.0,1.0,1.0,1.0,0.7460317460319245,-1,-1.0,-1.0,-1.0,1.0,1,USDJPY
9,Tue,1.0,False,0.24841402337233648,-1.0,1.0,1.0,1.0,1.0,0.20834724540887273,-1,-1.0,-1.0,-1.0,1.0,0,USDJPY
3,Wed,1.0,False,0.1575649059983539,1.0,-1.0,1.0,1.0,1.0,0.035810205908652026,-1,-1.0,-1.0,-1.0,0.0,0,USDJPY
9,Wed,-1.0,True,0.4954314720810474,-1.0,1.0,1.0,1.0,1.0,0.12994923857860888,-1,-1.0,-1.0,-1.0,1.0,1,USDJPY
3,Thu,1.0,True,0.8292849811837316,1.0,1.0,-1.0,-1.0,1.0,0.5583304823809968,0,1.0,1.0,1.0,0.0,0,USDJPY
9,Thu,-1.0,True,0.9252059308071899,-1.0,-1.0,-1.0,1.0,1.0,1.083360790774325,0,-1.0,-1.0,1.0,0.0,0,USDJPY
3,Tue,1.0,True,0.7462039045554044,1.0,-1.0,-1.0,1.0,1.0,0.5639913232103768,1,1.0,1.0,1.0,0.0,0,USDJPY
9,Tue,-1.0,True,1.4685552407932325,-1.0,-1.0,-1.0,-1.0,1.0,4.691218130311522,1,1.0,1.0,1.0,-1.0,-1,USDJPY
3,Wed,-1.0,True,1.0593607305936121,-1.0,1.0,1.0,1.0,-1.0,0.27136333985644867,0,-1.0,-1.0,-1.0,1.0,0,USDJPY
9,Wed,1.0,True,1.7756788665878283,1.0,1.0,1.0,-1.0,-1.0,1.8229043683590096,0,-1.0,-1.0,-1.0,0.0,1,USDJPY
3,Thu,-1.0,False,0.3350321294038809,-1.0,1.0,1.0,1.0,1.0,0.19144693108797511,-1,-1.0,-1.0,-1.0,1.0,1,USDJPY
9,Thu,-1.0,False,0.22664624808579528,-1.0,-1.0,-1.0,-1.0,1.0,3.767228177641704,1,1.0,1.0,1.0,-1.0,-1,USDJPY
3,Tue,-1.0,False,0.249732211170563,1.0,-1.0,-1.0,-1.0,-1.0,0.580260137720034,0,1.0,-1.0,1.0,-1.0,0,USDJPY
9,Tue,-1.0,False,0.3168073676131473,1.0,1.0,-1.0,-1.0,-1.0,0.15103607060628374,0,1.0,-1.0,-1.0,0.0,0,USDJPY
3,Wed,1.0,True,1.372523961661372,1.0,1.0,1.0,1.0,1.0,0.1111821086261853,0,-1.0,-1.0,-1.0,1.0,0,USDJPY
9,Wed,1.0,False,0.42689176967137443,1.0,1.0,1.0,-1.0,1.0,1.7980102502261703,0,-1.0,-1.0,-1.0,0.0,0,USDJPY
3,Thu,-1.0,False,0.1112613482712027,1.0,1.0,1.0,-1.0,1.0,0.4404095035734887,0,1.0,1.0,1.0,0.0,0,USDJPY
9,Thu,1.0,True,0.6176911544226598,1.0,1.0,1.0,1.0,1.0,0.1979010494753518,-1,1.0,-1.0,-1.0,1.0,1,USDJPY
3,Tue,1.0,True,0.8098020735155597,1.0,1.0,1.0,-1.0,-1.0,0.692177191328896,-1,1.0,-1.0,-1.0,0.0,1,USDJPY
9,Tue,-1.0,False,0.3918011971703412,-1.0,-1.0,-1.0,1.0,-1.0,0.6312352621077925,1,1.0,-1.0,1.0,0.0,0,USDJPY
3,Wed,-1.0,False,0.23236994219655743,1.0,1.0,1.0,1.0,-1.0,0.6069364161850116,-1,1.0,-1.0,-1.0,1.0,1,USDJPY
9,Wed,-1.0,True,1.0588235294117523,-1.0,1.0,1.0,1.0,-1.0,0.3760307861462464,0,-1.0,-1.0,-1.0,1.0,0,USDJPY
3,Thu,1.0,False,0.3999999999999929,1.0,1.0,1.0,-1.0,-1.0,0.3775700934579363,-1,1.0,-1.0,-1.0,0.0,0,USDJPY
9,Thu,1.0,True,1.7747650593129507,-1.0,1.0,1.0,1.0,-1.0,1.1720844245878053,-1,-1.0,-1.0,-1.0,1.0,1,USDJPY
3,Tue,1.0,False,0.7484662576686752,1.0,-1.0,-1.0,-1.0,1.0,0.314928425357863,0,1.0,1.0,1.0,-1.0,0,USDJPY
9,Tue,1.0,True,1.5220321410056454,1.0,-1.0,-1.0,1.0,1.0,1.161223431829956,0,1.0,1.0,1.0,0.0,0,USDJPY
3,Wed,1.0,True,1.1180832857958023,1.0,-1.0,-1.0,-1.0,-1.0,0.9583571021107062,1,1.0,1.0,1.0,-1.0,-1,USDJPY
9,Wed,1.0,False,0.5223420647149433,1.0,-1.0,-1.0,1.0,-1.0,0.9337442218798054,0,1.0,1.0,1.0,0.0,0,USDJPY
3,Thu,-1.0,False,1.3335707925199491,-1.0,-1.0,-1.0,-1.0,1.0,2.4790739091718854,1,1.0,1.0,1.0,-1.0,-1,USDJPY
9,Thu,-1.0,False,0.6810143934202165,-1.0,-1.0,-1.0,-1.0,1.0,0.6579849211788457,0,1.0,1.0,1.0,-1.0,0,USDJPY
3,Tue,1.0,True,0.5241675617616087,-1.0,1.0,1.0,-1.0,1.0,0.26208378088080436,1,1.0,1.0,1.0,0.0,0,USDJPY
9,Tue,1.0,False,0.07572235137830113,0.0,1.0,1.0,-1.0,1.0,1.8253072069079914,0,1.0,-1.0,-1.0,0.0,1,USDJPY
3,Wed,1.0,False,0.1304556354915736,1.0,-1.0,1.0,1.0,-1.0,0.22254196642682772,-1,-1.0,-1.0,-1.0,0.0,0,USDJPY
9,Wed,1.0,False,0.08266860043512092,-1.0,-1.0,-1.0,-1.0,-1.0,1.9622915155909622,1,1.0,1.0,1.0,-1.0,-1,USDJPY
3,Thu,-1.0,False,0.30777018476332557,-1.0,1.0,1.0,-1.0,-1.0,0.8949633004302316,0,1.0,-1.0,-1.0,0.0,0,USDJPY
9,Thu,-1.0,False,0.3188231762233432,-1.0,1.0,1.0,1.0,-1.0,0.39987991594117445,-1,1.0,-1.0,-1.0,1.0,0,USDJPY
3,Tue,1.0,True,1.3109614206980924,1.0,1.0,1.0,1.0,1.0,1.5490508266992837,-1,-1.0,-1.0,-1.0,1.0,1,USDJPY
9,Tue,-1.0,True,0.6246324730480334,-1.0,-1.0,-1.0,1.0,1.0,0.0705651747794492,0,-1.0,-1.0,-1.0,0.0,0,USDJPY
3,Wed,1.0,False,0.062149331031508166,-1.0,-1.0,-1.0,-1.0,1.0,0.5282693137677703,1,1.0,-1.0,1.0,-1.0,0,USDJPY
9,Wed,-1.0,False,0.036816089994829444,1.0,-1.0,-1.0,-1.0,1.0,0.9122208965400116,0,1.0,1.0,1.0,-1.0,0,USDJPY
3,Thu,1.0,False,0.23209169054441772,-1.0,1.0,1.0,-1.0,-1.0,0.6962750716332532,0,1.0,-1.0,-1.0,0.0,0,USDJPY
9,Thu,1.0,False,0.24937965260537787,-1.0,-1.0,-1.0,-1.0,-1.0,2.0992555831266095,1,1.0,1.0,1.0,-1.0,-1,USDJPY
3,Tue,1.0,True,0.351213282247822,1.0,1.0,1.0,1.0,0.0,0.2879948914431262,-1,-1.0,-1.0,-1.0,1.0,0,USDJPY
9,Tue,1.0,False,0.09597615499241677,1.0,-1.0,-1.0,1.0,0.0,0.020566318927071708,1,-1.0,-1.0,1.0,0.0,0,USDJPY
3,Wed,-1.0,False,1.008066759388109,-1.0,1.0,1.0,1.0,1.0,0.8144645340750089,0,-1.0,-1.0,-1.0,1.0,0,USDJPY
9,Wed,1.0,False,0.19984387197508977,-1.0,-1.0,1.0,-1.0,1.0,0.09367681498820685,0,-1.0,1.0,1.0,-1.0,0,USDJPY
3,Thu,1.0,False,0.20721178263084625,-1.0,-1.0,-1.0,-1.0,-1.0,1.231081767394627,1,1.0,1.0,1.0,-1.0,-1,USDJPY
9,Thu,-1.0,True,1.358702432938262,-1.0,1.0,1.0,-1.0,-1.0,0.7673112913287119,0,1.0,1.0,-1.0,0.0,0,USDJPY
3,Tue,1.0,False,0.04758757435558612,1.0,1.0,1.0,1.0,-1.0,0.09914077990748986,0,-1.0,-1.0,-1.0,1.0,0,USDJPY
9,Tue,-1.0,True,2.3509568602011237,-1.0,1.0,1.0,1.0,-1.0,0.14012325656828112,0,-1.0,-1.0,-1.0,1.0,0,USDJPY
3,Wed,1.0,True,0.626051834399202,1.0,1.0,1.0,-1.0,1.0,1.3369235947493237,-1,-1.0,-1.0,-1.0,0.0,1,USDJPY
9,Wed,1.0,False,0.8025751072961903,1.0,1.0,1.0,1.0,1.0,0.3562231759656594,-1,-1.0,-1.0,-1.0,1.0,1,USDJPY
3,Thu,1.0,True,0.7106459165404387,1.0,-1.0,-1.0,1.0,1.0,0.5090207960335965,0,-1.0,1.0,0.0,0.0,0,USDJPY
9,Thu,1.0,True,0.7902671250991815,1.0,1.0,1.0,1.0,1.0,1.0124305739222272,-1,-1.0,-1.0,-1.0,1.0,1,USDJPY
3,Tue,-1.0,False,0.1307273309836296,-1.0,-1.0,1.0,-1.0,-1.0,0.01922460749768901,0,1.0,-1.0,-1.0,-1.0,0,USDJPY
9,Tue,1.0,True,0.5435271442338313,1.0,-1.0,-1.0,-1.0,-1.0,0.8866045615161952,0,1.0,-1.0,1.0,-1.0,0,USDJPY
3,Wed,1.0,False,0.19066937119685798,-1.0,-1.0,1.0,1.0,1.0,0.515212981744461,-1,-1.0,-1.0,-1.0,0.0,0,USDJPY
9,Wed,1.0,True,0.6560962274465899,1.0,1.0,1.0,1.0,1.0,0.08747949699293668,-1,-1.0,-1.0,-1.0,1.0,1,USDJPY
3,Thu,1.0,False,0.33573141486807534,1.0,-1.0,-1.0,-1.0,1.0,0.09112709832136978,0,1.0,-1.0,1.0,-1.0,0,USDJPY
9,Thu,-1.0,False,1.4076367389061104,-1.0,1.0,1.0,-1.0,1.0,3.550051599587229,0,-1.0,-1.0,-1.0,0.0,1,USDJPY
3,Tue,1.0,True,1.536361496822885,1.0,1.0,-1.0,1.0,1.0,0.3953871499177475,0,-1.0,-1.0,-1.0,1.0,0,USDJPY
9,Tue,1.0,False,0.6541822721598037,1.0,-1.0,1.0,1.0,1.0,0.2796504369537247,0,-1.0,-1.0,-1.0,0.0,0,USDJPY
3,Wed,1.0,False,0.02919708029199215,-1.0,1.0,1.0,1.0,1.0,0.6882168925964328,-1,-1.0,-1.0,-1.0,1.0,0,USDJPY
9,Wed,1.0,True,1.8381437464628438,1.0,1.0,1.0,1.0,1.0,0.9100169779286699,-1,-1.0,-1.0,-1.0,1.0,0,USDJPY
3,Thu,1.0,False,0.52768338996596,1.0,1.0,-1.0,-1.0,1.0,0.19668199080550533,0,1.0,1.0,1.0,0.0,0,USDJPY
9,Thu,-1.0,True,1.0795521508543946,-1.0,1.0,1.0,1.0,1.0,1.560400707130335,-1,-1.0,-1.0,-1.0,1.0,1,USDJPY
3,Tue,-1.0,True,0.8504504504504112,1.0,1.0,-1.0,-1.0,-1.0,1.6468468468468178,0,1.0,1.0,1.0,0.0,0,USDJPY
9,Tue,1.0,True,0.9339819318971554,1.0,1.0,1.0,1.0,-1.0,0.2101459346768197,0,1.0,-1.0,-1.0,1.0,0,USDJPY
3,Wed,-1.0,True,0.9844836811129826,-1.0,-1.0,-1.0,-1.0,1.0,0.30390583199571397,1,1.0,1.0,1.0,-1.0,0,USDJPY
9,Wed,1.0,False,1.3236889692586393,1.0,-1.0,-1.0,-1.0,1.0,2.3088607594937525,1,1.0,1.0,1.0,-1.0,-1,USDJPY
3,Thu,-1.0,False,0.0576276612773614,-1.0,-1.0,-1.0,1.0,-1.0,0.2074595805986976,1,-1.0,1.0,1.0,0.0,0,USDJPY
9,Thu,-1.0,False,0.2481240620309485,1.0,-1.0,-1.0,1.0,-1.0,1.488744372186146,0,1.0,1.0,1.0,0.0,-1,USDJPY
3,Tue,1.0,True,1.188582581117366,1.0,-1.0,-1.0,-1.0,-1.0,1.0246401561355456,1,1.0,1.0,1.0,-1.0,0,USDJPY
9,Tue,-1.0,True,1.8802366863904845,1.0,1.0,1.0,1.0,-1.0,0.4373964497041352,-1,-1.0,-1.0,-1.0,1.0,0,USDJPY
3,Wed,-1.0,True,0.933282500953156,1.0,-1.0,-1.0,1.0,1.0,1.0476553564620128,-1,-1.0,-1.0,-1.0,0.0,0,USDJPY
9,Wed,-1.0,True,3.6913183279742436,-1.0,-1.0,-1.0,-1.0,1.0,1.2775991425509223,0,1.0,1.0,1.0,-1.0,0,USDJPY
3,Thu,-1.0,True,0.5315584117512313,-1.0,-1.0,-1.0,-1.0,-1.0,0.22859765893963002,0,1.0,-1.0,-1.0,-1.0,0,USDJPY
9,Thu,-1.0,True,0.7556742323097829,-1.0,-1.0,-1.0,1.0,-1.0,0.8170894526034972,1,1.0,1.0,1.0,0.0,0,USDJPY
3,Tue,1.0,True,0.8393309680687959,1.0,1.0,1.0,-1.0,1.0,0.42574759249869465,0,1.0,-1.0,1.0,0.0,0,USDJPY
9,Tue,-1.0,True,1.2860471136422171,-1.0,1.0,-1.0,1.0,1.0,0.16153248770374673,0,1.0,-1.0,-1.0,1.0,0,USDJPY
3,Wed,1.0,True,1.4238253440911348,1.0,-1.0,-1.0,1.0,-1.0,1.1789273849074233,0,1.0,1.0,1.0,0.0,0,USDJPY
9,Wed,-1.0,True,2.1486123545210742,-1.0,-1.0,1.0,1.0,-1.0,0.13965980304377135,-1,-1.0,-1.0,-1.0,0.0,0,USDJPY
3,Thu,1.0,False,0.12237093690249416,1.0,1.0,1.0,1.0,1.0,0.025493945187995463,-1,-1.0,-1.0,-1.0,1.0,0,USDJPY
9,Thu,-1.0,True,0.6092820309401917,1.0,1.0,1.0,1.0,1.0,0.6426021420072535,-1,-1.0,-1.0,-1.0,1.0,1,USDJPY
3,Tue,1.0,False,0.19286403085828943,-1.0,1.0,1.0,1.0,1.0,0.9026036644165139,-1,-1.0,-1.0,-1.0,1.0,1,USDJPY
9,Tue,1.0,False,0.6658482690891103,1.0,1.0,1.0,-1.0,1.0,6.422784188558721,0,-1.0,-1.0,-1.0,0.0,1,USDJPY
3,Wed,1.0,True,0.4944206008583792,1.0,-1.0,-1.0,-1.0,1.0,0.17510729613744022,1,1.0,-1.0,1.0,-1.0,0,USDJPY
9,Wed,-1.0,False,0.21151198017081918,-1.0,1.0,1.0,1.0,1.0,0.7336821812172178,-1,1.0,-1.0,-1.0,1.0,1,USDJPY
3,Thu,-1.0,True,1.1743954480796335,-1.0,1.0,1.0,-1.0,-1.0,0.7578947368420338,1,1.0,-1.0,1.0,0.0,0,USDJPY
9,Thu,1.0,False,0.42889966811330693,1.0,-1.0,-1.0,-1.0,-1.0,1.427623181005886,1,1.0,1.0,1.0,-1.0,-1,USDJPY
3,Tue,-1.0,False,0.503748125937035,-1.0,-1.0,-1.0,1.0,1.0,0.32383808095935207,0,-1.0,-1.0,-1.0,0.0,0,USDJPY
9,Tue,-1.0,True,1.5606661379855922,-1.0,-1.0,-1.0,-1.0,1.0,1.598731165741523,1,1.0,1.0,1.0,-1.0,-1,USDJPY
3,Wed,1.0,False,0.2115869017633762,-1.0,1.0,1.0,1.0,-1.0,0.6423173803527074,-1,-1.0,-1.0,-1.0,1.0,1,USDJPY
9,Wed,1.0,False,0.20512820512825297,1.0,1.0,1.0,-1.0,-1.0,0.4923076923077138,0,-1.0,-1.0,-1.0,0.0,0,USDJPY
3,Thu,1.0,False,0.2578124999999009,1.0,-1.0,-1.0,-1.0,1.0,0.7656249999998874,1,1.0,1.0,1.0,-1.0,-1,USDJPY
9,Thu,-1.0,True,1.0050490050489362,-1.0,1.0,1.0,1.0,1.0,1.1404811404811097,-1,-1.0,-1.0,-1.0,1.0,1,USDJPY
3,Tue,-1.0,True,1.7716821298912802,-1.0,-1.0,-1.0,-1.0,1.0,1.3069786204113611,1,1.0,1.0,1.0,-1.0,-1,USDJPY
9,Tue,1.0,True,0.9027932960893862,1.0,1.0,-1.0,-1.0,1.0,0.4111731843574768,1,1.0,1.0,1.0,0.0,0,USDJPY
3,Wed,1.0,True,0.36874795684862044,1.0,1.0,1.0,1.0,-1.0,0.46289637136317136,-1,-1.0,-1.0,-1.0,1.0,1,USDJPY
9,Wed,1.0,True,0.7151472153246132,1.0,-1.0,1.0,1.0,-1.0,0.22135509045769905,1,-1.0,-1.0,-1.0,0.0,0,USDJPY
3,Thu,-1.0,False,0.012611665790916628,1.0,-1.0,-1.0,-1.0,1.0,0.5612191276931017,1,1.0,1.0,1.0,-1.0,-1,USDJPY
9,Thu,-1.0,True,1.3794295592047814,-1.0,-1.0,-1.0,1.0,1.0,1.5038893690580006,-1,1.0,1.0,1.0,0.0,0,USDJPY
3,Tue,1.0,False,0.23455497382192064,-1.0,-1.0,-1.0,1.0,1.0,0.5193717277485556,1,1.0,1.0,1.0,0.0,0,USDJPY
9,Tue,1.0,False,0.31543372136710696,-1.0,-1.0,-1.0,-1.0,1.0,2.7577919639505546,1,1.0,1.0,1.0,-1.0,-1,USDJPY
3,Wed,1.0,True,1.317742755465207,1.0,-1.0,-1.0,-1.0,-1.0,1.8912048805287116,1,1.0,1.0,1.0,-1.0,-1,USDJPY
9,Wed,1.0,False,0.062418725617539,-1.0,-1.0,-1.0,-1.0,-1.0,1.383615084525293,0,1.0,1.0,1.0,-1.0,0,USDJPY
3,Thu,-1.0,False,0.04165943412598152,1.0,-1.0,-1.0,-1.0,-1.0,1.0664815136260979,1,1.0,1.0,1.0,-1.0,-1,USDJPY
9,Thu,1.0,True,1.490264865813051,1.0,-1.0,-1.0,-1.0,-1.0,0.26942641641813886,1,1.0,1.0,1.0,-1.0,0,USDJPY
3,Tue,-1.0,False,0.3072327714956352,-1.0,-1.0,1.0,1.0,1.0,0.6349477277577431,0,-1.0,-1.0,-1.0,0.0,0,USDJPY
9,Tue,1.0,False,0.706676669167337,1.0,1.0,1.0,-1.0,1.0,0.9542385596398568,0,-1.0,-1.0,-1.0,0.0,1,USDJPY
3,Wed,-1.0,False,0.3041584158415517,1.0,1.0,1.0,-1.0,1.0,0.7936633663366439,-1,-1.0,-1.0,-1.0,0.0,1,USDJPY
9,Wed,-1.0,False,0.2950354609928679,-1.0,-1.0,1.0,1.0,1.0,0.1758865248227302,0,-1.0,-1.0,-1.0,0.0,0,USDJPY
3,Thu,-1.0,False,0.12480499219975356,-1.0,-1.0,-1.0,1.0,1.0,0.20592823712958452,0,-1.0,-1.0,-1.0,0.0,0,USDJPY
9,Thu,1.0,False,0.9676902536716425,1.0,1.0,1.0,-1.0,1.0,0.9356475300401625,0,-1.0,1.0,-1.0,0.0,0,USDJPY
3,Tue,-1.0,False,0.5236363636363817,-1.0,1.0,1.0,1.0,1.0,0.30545454545462486,-1,-1.0,-1.0,-1.0,1.0,0,USDJPY
9,Tue,1.0,True,0.7374530556503072,1.0,1.0,-1.0,1.0,1.0,0.430180949129472,0,-1.0,-1.0,-1.0,1.0,0,USDJPY
3,Wed,1.0,False,0.06428571428571768,-1.0,-1.0,-1.0,1.0,1.0,0.34821428571427876,-1,-1.0,-1.0,-1.0,0.0,0,USDJPY
9,Wed,-1.0,False,0.1257931034481258,-1.0,1.0,1.0,1.0,1.0,0.3310344827587012,-1,-1.0,-1.0,-1.0,1.0,0,USDJPY
3,Thu,1.0,True,0.9210118740319487,1.0,0.0,1.0,1.0,1.0,0.0,-1,1.0,-1.0,-1.0,0.0,0,USDJPY
9,Thu,1.0,True,0.8749237339840544,1.0,1.0,1.0,1.0,1.0,0.19402074435630617,0,1.0,-1.0,-1.0,1.0,0,USDJPY
3,Tue,1.0,False,0.07105847520338811,-1.0,-1.0,-1.0,-1.0,1.0,0.5329385640266731,0,1.0,1.0,1.0,-1.0,0,USDJPY
9,Tue,-1.0,True,0.46863315330282956,-1.0,1.0,1.0,1.0,1.0,0.6381387619442485,-1,-1.0,-1.0,-1.0,1.0,1,USDJPY
3,Wed,1.0,False,0.09882800126706241,1.0,-1.0,1.0,1.0,1.0,0.44092492872973804,0,-1.0,1.0,1.0,0.0,0,USDJPY
9,Wed,1.0,True,0.43449261553116686,-1.0,1.0,1.0,-1.0,1.0,0.10290614578371025,0,1.0,1.0,1.0,0.0,0,USDJPY
3,Thu,1.0,True,0.6050420168067558,1.0,-1.0,-1.0,1.0,-1.0,0.05672268907572293,0,-1.0,1.0,1.0,0.0,0,USDJPY
9,Thu,1.0,False,0.4491525423728593,-1.0,-1.0,-1.0,1.0,-1.0,1.3389830508473508,1,1.0,1.0,1.0,0.0,-1,USDJPY
3,Tue,-1.0,True,0.6654545454543158,-1.0,-1.0,-1.0,1.0,0.0,0.25090909090905006,-1,-1.0,-1.0,-1.0,0.0,0,USDJPY
9,Tue,1.0,False,0.3430012610342534,-1.0,-1.0,-1.0,-1.0,0.0,0.41361916771749785,0,-1.0,1.0,1.0,-1.0,0,USDJPY
3,Wed,1.0,True,0.8915662650603678,1.0,1.0,1.0,1.0,-1.0,0.036144578313082314,0,-1.0,-1.0,-1.0,1.0,0,USDJPY
9,Wed,1.0,False,0.9669421487603495,1.0,1.0,1.0,1.0,-1.0,0.7685950413220941,0,-1.0,-1.0,-1.0,1.0,0,USDJPY
3,Thu,1.0,False,0.5054848617814904,1.0,-1.0,-1.0,1.0,1.0,0.5792014041246744,0,1.0,1.0,-1.0,0.0,0,USDJPY
9,Thu,-1.0,True,1.2433609055289347,-1.0,1.0,-1.0,1.0,1.0,0.4492816717455199,0,-1.0,-1.0,-1.0,1.0,0,USDJPY
3,Tue,1.0,False,0.2789223454832585,1.0,0.0,1.0,1.0,1.0,0.0,0,-1.0,-1.0,-1.0,0.0,0,USDJPY
9,Tue,-1.0,True,0.7314766158696236,-1.0,1.0,-1.0,-1.0,1.0,0.4161849710984814,0,1.0,1.0,1.0,0.0,0,USDJPY
3,Wed,-1.0,True,0.39452054794521674,1.0,1.0,1.0,1.0,-1.0,0.36821917808207766,-1,-1.0,-1.0,-1.0,1.0,1,USDJPY
9,Wed,1.0,True,7.907934585099643,1.0,1.0,-1.0,1.0,-1.0,0.14536644457931552,0,-1.0,-1.0,-1.0,1.0,0,USDJPY
3,Thu,1.0,True,1.1596513075965764,1.0,1.0,1.0,-1.0,1.0,0.45429638854290993,0,-1.0,-1.0,-1.0,0.0,0,USDJPY
9,Thu,-1.0,True,1.249089740843966,1.0,1.0,-1.0,1.0,1.0,0.07710430499029071,0,-1.0,-1.0,0.0,1.0,0,USDJPY
3,Tue,1.0,True,1.0028025477708082,1.0,1.0,-1.0,1.0,1.0,0.44636942675164337,0,-1.0,-1.0,-1.0,1.0,0,USDJPY
9,Tue,1.0,False,0.15430267062320704,-1.0,1.0,1.0,1.0,1.0,0.14243323442137,-1,-1.0,-1.0,-1.0,1.0,1,USDJPY
3,Wed,-1.0,True,0.9208785392959955,-1.0,-1.0,-1.0,-1.0,1.0,0.19052659433695313,0,1.0,1.0,1.0,-1.0,0,USDJPY
9,Wed,-1.0,False,0.0197585071349239,1.0,1.0,1.0,-1.0,1.0,0.0197585071349239,0,0.0,1.0,-1.0,0.0,0,USDJPY
3,Thu,-1.0,False,0.08934707903783687,-1.0,-1.0,1.0,-1.0,-1.0,0.054982817869483155,0,1.0,-1.0,-1.0,-1.0,0,USDJPY
9,Thu,-1.0,False,0.006730229949555353,1.0,-1.0,-1.0,1.0,-1.0,0.5249579360628308,-1,-1.0,-1.0,-1.0,0.0,0,USDJPY
3,Tue,-1.0,False,0.13170731707296657,1.0,1.0,1.0,-1.0,1.0,0.45365853658544825,0,1.0,-1.0,-1.0,0.0,0,USDJPY
9,Tue,1.0,False,0.1227621483377398,-1.0,1.0,-1.0,1.0,1.0,0.015345268541835854,0,1.0,-1.0,-1.0,1.0,0,USDJPY
3,Wed,1.0,True,0.6573762614126378,1.0,1.0,1.0,1.0,-1.0,0.39211917347419356,-1,-1.0,-1.0,-1.0,1.0,0,USDJPY
9,Wed,1.0,False,0.2550831792978675,1.0,-1.0,-1.0,1.0,-1.0,0.044362292051967504,0,-1.0,-1.0,-1.0,0.0,0,USDJPY
3,Thu,1.0,False,0.023707606190207946,-1.0,1.0,1.0,1.0,1.0,0.5610800131708751,-1,-1.0,-1.0,-1.0,1.0,1,USDJPY
9,Thu,1.0,False,0.9479768786126591,1.0,1.0,-1.0,-1.0,1.0,0.1001926782274023,1,-1.0,-1.0,1.0,0.0,0,USDJPY
3,Tue,-1.0,False,0.003831111820594583,1.0,1.0,1.0,1.0,-1.0,0.13792002554075167,0,-1.0,-1.0,-1.0,1.0,0,USDJPY
9,Tue,1.0,True,1.4983042331365914,1.0,1.0,1.0,1.0,-1.0,0.10852907926140404,0,-1.0,-1.0,-1.0,1.0,0,USDJPY
3,Wed,1.0,False,0.3020979020979161,-1.0,1.0,1.0,1.0,1.0,0.3412587412587836,0,-1.0,-1.0,-1.0,1.0,0,USDJPY
9,Wed,-1.0,True,0.5945657964836883,-1.0,-1.0,-1.0,1.0,1.0,0.22376132125730597,0,-1.0,1.0,1.0,0.0,0,USDJPY
3,Thu,-1.0,False,0.49443207126951655,-1.0,-1.0,-1.0,1.0,-1.0,0.25007954183900827,0,1.0,1.0,-1.0,0.0,0,USDJPY
9,Thu,-1.0,False,0.36664120547184154,-1.0,-1.0,-1.0,-1.0,-1.0,0.5832928268870142,1,1.0,1.0,1.0,-1.0,-1,USDJPY
3,Tue,-1.0,True,0.9430353430353019,-1.0,1.0,-1.0,1.0,1.0,0.3343035343035685,0,-1.0,1.0,-1.0,1.0,0,USDJPY
9,Tue,-1.0,False,0.50867896948663,-1.0,1.0,-1.0,1.0,1.0,0.21487301297280384,0,-1.0,1.0,-1.0,1.0,0,USDJPY
3,Wed,1.0,True,0.46438443546675645,1.0,-1.0,1.0,1.0,1.0,0.005103125664493759,0,-1.0,-1.0,-1.0,0.0,0,USDJPY
9,Wed,1.0,True,0.6935405536668138,1.0,1.0,1.0,1.0,1.0,0.6585721223896597,-1,-1.0,-1.0,-1.0,1.0,0,USDJPY
3,Thu,1.0,True,0.7895529884480289,1.0,1.0,1.0,1.0,1.0,0.30738322451022676,0,1.0,-1.0,-1.0,1.0,0,USDJPY
9,Thu,-1.0,False,1.1607584501237727,-1.0,-1.0,-1.0,1.0,1.0,0.25721352019796134,0,-1.0,-1.0,-1.0,0.0,0,USDJPY
3,Tue,1.0,False,0.3256185155625638,1.0,1.0,1.0,1.0,1.0,0.057462090981644925,0,-1.0,1.0,-1.0,1.0,0,USDJPY
9,Tue,1.0,False,1.204597701149421,-1.0,1.0,1.0,1.0,1.0,0.21149425287352658,0,-1.0,-1.0,-1.0,1.0,0,USDJPY
3,Wed,1.0,False,0.1421003427859553,-1.0,-1.0,-1.0,-1.0,1.0,0.9199127454034802,1,1.0,1.0,1.0,-1.0,-1,USDJPY
9,Wed,-1.0,True,3.1746332229058076,1.0,-1.0,-1.0,-1.0,1.0,0.3464268812115877,1,1.0,1.0,1.0,-1.0,0,USDJPY
3,Thu,1.0,True,0.48531784446593085,1.0,1.0,1.0,-1.0,-1.0,0.6247176508551686,0,1.0,-1.0,1.0,0.0,0,USDJPY
9,Thu,1.0,True,1.1323481116584169,1.0,1.0,1.0,1.0,-1.0,0.5385878489327116,-1,1.0,-1.0,-1.0,1.0,1,USDJPY
3,Tue,-1.0,False,1.017612524461803,-1.0,-1.0,-1.0,1.0,1.0,0.5479452054793982,0,-1.0,1.0,-1.0,0.0,0,USDJPY
9,Tue,1.0,False,0.10389610389620531,-1.0,1.0,1.0,-1.0,1.0,0.05541125541112576,0,1.0,1.0,1.0,0.0,0,USDJPY
3,Wed,1.0,False,0.5135427952329854,1.0,-1.0,-1.0,1.0,-1.0,0.3575297941495561,0,-1.0,1.0,-1.0,0.0,0,USDJPY
9,Wed,-1.0,False,0.2938190504628053,-1.0,1.0,1.0,1.0,-1.0,1.1466109286354025,-1,-1.0,-1.0,-1.0,1.0,1,USDJPY
3,Thu,-1.0,False,0.6189345096708034,1.0,1.0,-1.0,1.0,1.0,0.040719375636203564,0,-1.0,1.0,1.0,1.0,0,USDJPY
9,Thu,1.0,True,1.3139841688654301,1.0,-1.0,-1.0,-1.0,1.0,0.9736147757255329,0,1.0,1.0,1.0,-1.0,0,USDJPY
3,Tue,1.0,False,0.4600000000001949,1.0,1.0,1.0,-1.0,-1.0,1.4699999999998754,0,1.0,-1.0,-1.0,0.0,0,USDJPY
9,Tue,-1.0,True,1.1698113207546408,1.0,-1.0,-1.0,1.0,-1.0,0.5943396226413821,0,1.0,-1.0,1.0,0.0,0,USDJPY
3,Wed,-1.0,False,1.1260997067449552,-1.0,-1.0,-1.0,1.0,1.0,0.2727272727270653,0,-1.0,1.0,1.0,0.0,0,USDJPY
9,Wed,-1.0,True,0.5729657027571984,1.0,1.0,1.0,-1.0,1.0,0.2985877605918376,-1,-1.0,1.0,-1.0,0.0,0,USDJPY
3,Thu,-1.0,True,1.4785774292914964,1.0,-1.0,-1.0,-1.0,1.0,1.525623074768796,1,1.0,1.0,1.0,-1.0,-1,USDJPY
9,Thu,-1.0,False,0.465183058147975,-1.0,-1.0,-1.0,-1.0,1.0,1.1198851399855876,0,1.0,1.0,1.0,-1.0,0,USDJPY
3,Tue,-1.0,True,1.2266443234185156,-1.0,-1.0,-1.0,1.0,-1.0,0.5178047758693353,0,1.0,1.0,1.0,0.0,0,USDJPY
9,Tue,1.0,True,1.0074367873079513,-1.0,-1.0,-1.0,-1.0,-1.0,0.26177491323748936,0,1.0,1.0,1.0,-1.0,0,USDJPY
3,Wed,1.0,True,0.8943661971830692,1.0,1.0,1.0,1.0,-1.0,0.20774647887323142,-1,-1.0,-1.0,-1.0,1.0,1,USDJPY
9,Wed,-1.0,False,0.20855341625496665,-1.0,1.0,1.0,1.0,-1.0,0.31078548304660786,0,-1.0,-1.0,-1.0,1.0,0,USDJPY
3,Thu,1.0,False,0.6131673763511482,1.0,1.0,1.0,-1.0,1.0,0.6996396986570421,0,1.0,-1.0,-1.0,0.0,0,USDJPY
9,Thu,1.0,False,0.348780881640576,-1.0,1.0,1.0,1.0,1.0,0.5968028419182823,0,-1.0,-1.0,-1.0,1.0,0,USDJPY
3,Tue,-1.0,False,0.030769230769158735,1.0,1.0,1.0,1.0,1.0,0.11538461538472786,0,-1.0,1.0,-1.0,1.0,0,USDJPY
9,Tue,-1.0,True,1.6924110141032551,1.0,1.0,-1.0,-1.0,1.0,0.04029550033575907,1,-1.0,1.0,1.0,0.0,0,USDJPY
3,Wed,1.0,False,0.2826696578799903,1.0,1.0,1.0,1.0,1.0,0.013460459899110919,-1,-1.0,-1.0,-1.0,1.0,0,USDJPY
9,Wed,-1.0,True,8.83893249607536,-1.0,1.0,1.0,1.0,1.0,0.052747252747290405,0,-1.0,-1.0,-1.0,1.0,0,USDJPY
3,Thu,1.0,False,0.2843317203403851,1.0,1.0,1.0,1.0,-1.0,0.14416819622893728,-1,-1.0,-1.0,-1.0,1.0,1,USDJPY
9,Thu,-1.0,False,0.7107750472589267,-1.0,1.0,1.0,1.0,-1.0,0.13232514177692328,0,-1.0,-1.0,-1.0,1.0,0,USDJPY
3,Tue,1.0,True,0.9394221808015367,1.0,1.0,1.0,-1.0,1.0,0.9095992544269553,-1,-1.0,-1.0,-1.0,0.0,1,USDJPY
9,Tue,-1.0,False,2.0725388601036197,-1.0,-1.0,-1.0,1.0,1.0,0.15751295336792032,0,-1.0,-1.0,-1.0,0.0,0,USDJPY
3,Wed,-1.0,True,0.8074011774600793,-1.0,-1.0,-1.0,1.0,1.0,0.4373423044575111,0,1.0,1.0,1.0,0.0,0,USDJPY
9,Wed,-1.0,False,0.17328519855596555,-1.0,1.0,1.0,-1.0,1.0,0.5198555956678966,0,-1.0,-1.0,-1.0,0.0,0,USDJPY
3,Thu,1.0,False,0.26989619377144175,1.0,-1.0,1.0,1.0,1.0,0.5190311418686339,-1,-1.0,-1.0,-1.0,0.0,0,USDJPY
9,Thu,1.0,False,1.1288343558280343,1.0,1.0,-1.0,1.0,1.0,0.12760736196324188,0,-1.0,-1.0,-1.0,1.0,0,USDJPY
3,Tue,1.0,False,0.08306294613882448,1.0,1.0,-1.0,-1.0,1.0,0.11940298507460631,0,1.0,-1.0,-1.0,0.0,0,USDJPY
9,Tue,1.0,True,1.3482410689936126,1.0,1.0,1.0,0.0,1.0,0.20943550586316673,0,1.0,-1.0,-1.0,0.0,0,USDJPY
3,Wed,1.0,False,0.04588910133838973,1.0,1.0,-1.0,1.0,-1.0,0.6057361376673183,0,-1.0,1.0,-1.0,1.0,0,USDJPY
9,Wed,1.0,False,0.3599182004088604,1.0,1.0,1.0,1.0,-1.0,0.008179959100243644,-1,-1.0,-1.0,-1.0,1.0,0,USDJPY
3,Thu,1.0,False,0.0988611582264578,1.0,1.0,-1.0,-1.0,1.0,0.40125999515380467,0,1.0,1.0,1.0,0.0,0,USDJPY
9,Thu,-1.0,True,0.9161722981686676,-1.0,1.0,1.0,1.0,1.0,0.6871292236264567,0,1.0,-1.0,-1.0,1.0,0,USDJPY
3,Tue,-1.0,False,0.1920000000000058,-1.0,1.0,1.0,1.0,1.0,0.20480000000006682,0,-1.0,-1.0,-1.0,1.0,0,USDJPY
9,Tue,-1.0,True,0.7374485596707512,-1.0,1.0,-1.0,-1.0,1.0,0.08559670781877776,0,-1.0,-1.0,1.0,0.0,0,USDJPY
3,Wed,-1.0,False,0.48149429263225296,-1.0,1.0,1.0,1.0,-1.0,1.2784503631961122,-1,-1.0,-1.0,-1.0,1.0,1,USDJPY
9,Wed,-1.0,True,0.7954922108053842,-1.0,-1.0,1.0,1.0,-1.0,0.15114352005284892,0,-1.0,-1.0,-1.0,0.0,0,USDJPY
3,Thu,-1.0,True,0.7008470798038235,-1.0,-1.0,-1.0,-1.0,1.0,0.09094962104337428,0,1.0,-1.0,-1.0,-1.0,0,USDJPY
9,Thu,1.0,True,0.7172774869109878,1.0,-1.0,-1.0,-1.0,1.0,0.31413612565445803,1,1.0,1.0,1.0,-1.0,-1,USDJPY
3,Tue,-1.0,True,0.5118949958982832,1.0,-1.0,-1.0,1.0,1.0,0.36751435602959887,0,-1.0,1.0,1.0,0.0,0,USDJPY
9,Tue,1.0,False,0.07031936712563051,-1.0,1.0,1.0,1.0,1.0,0.7313214181073169,-1,-1.0,-1.0,-1.0,1.0,1,USDJPY
3,Wed,-1.0,True,0.988235294117503,-1.0,1.0,1.0,1.0,1.0,0.43095975232192496,0,-1.0,1.0,-1.0,1.0,0,USDJPY
9,Wed,-1.0,False,0.25958702064886663,1.0,-1.0,-1.0,1.0,1.0,0.49557522123884706,0,-1.0,1.0,-1.0,0.0,0,USDJPY
3,Thu,1.0,True,0.33036437246984385,-1.0,1.0,1.0,1.0,1.0,0.05829959514170466,-1,1.0,-1.0,-1.0,1.0,0,USDJPY
9,Thu,-1.0,True,29.194630872483447,-1.0,-1.0,-1.0,-1.0,1.0,0.09060402684549848,0,1.0,1.0,1.0,-1.0,0,USDJPY
3,Tue,-1.0,True,0.6926084528021075,-1.0,1.0,1.0,1.0,1.0,0.4021597467883327,-1,-1.0,-1.0,-1.0,1.0,1,USDJPY
9,Tue,1.0,True,2.014259523324551,1.0,-1.0,-1.0,-1.0,1.0,0.43023018944806485,1,-1.0,1.0,1.0,-1.0,0,USDJPY
3,Wed,-1.0,False,0.42937853107341006,-1.0,-1.0,-1.0,-1.0,1.0,1.8305084745763447,1,1.0,1.0,1.0,-1.0,-1,USDJPY
9,Wed,1.0,False,0.1752336448598533,-1.0,-1.0,1.0,-1.0,1.0,0.7955607476635667,0,1.0,1.0,1.0,-1.0,0,USDJPY
3,Thu,1.0,False,0.2144346272212926,1.0,-1.0,-1.0,1.0,-1.0,0.7362255534597374,0,1.0,1.0,-1.0,0.0,0,USDJPY
9,Thu,-1.0,False,0.1832512315270451,1.0,1.0,1.0,1.0,-1.0,0.2926108374383936,0,-1.0,-1.0,-1.0,1.0,0,USDJPY
3,Tue,1.0,True,1.068857847165233,-1.0,1.0,1.0,-1.0,-1.0,0.03944124897284877,0,1.0,1.0,1.0,0.0,0,USDJPY
9,Tue,-1.0,False,0.5347368421053098,-1.0,1.0,1.0,-1.0,-1.0,0.4505263157894762,0,1.0,1.0,1.0,0.0,0,USDJPY
3,Wed,-1.0,False,0.1591320072332093,-1.0,1.0,-1.0,-1.0,-1.0,0.08318264014465082,1,1.0,1.0,1.0,0.0,0,USDJPY
9,Wed,-1.0,True,1.261943986820452,-1.0,-1.0,-1.0,-1.0,-1.0,1.222405271828688,1,1.0,1.0,1.0,-1.0,-1,USDJPY
3,Thu,1.0,False,0.2510754790770437,-1.0,1.0,1.0,-1.0,-1.0,0.28627297614395386,0,1.0,-1.0,1.0,0.0,0,USDJPY
9,Thu,1.0,True,1.7639247510143847,1.0,1.0,1.0,-1.0,-1.0,1.1375876060494539,0,1.0,-1.0,-1.0,0.0,0,USDJPY
3,Tue,1.0,True,1.5487743871935877,1.0,1.0,1.0,1.0,1.0,0.9124562281139714,-1,-1.0,-1.0,-1.0,1.0,1,USDJPY
9,Tue,1.0,False,0.21946440235144685,-1.0,1.0,1.0,1.0,1.0,0.5917700849117441,0,-1.0,-1.0,-1.0,1.0,0,USDJPY
3,Wed,-1.0,True,1.0840673666408136,-1.0,1.0,-1.0,-1.0,-1.0,0.541188076950168,0,1.0,1.0,-1.0,0.0,0,USDJPY
9,Wed,1.0,False,0.19643783503371431,-1.0,-1.0,-1.0,-1.0,-1.0,0.4468269064499509,0,1.0,1.0,1.0,-1.0,0,USDJPY
3,Thu,1.0,False,0.41669918064767253,1.0,1.0,1.0,-1.0,-1.0,0.12485368708542202,0,1.0,1.0,-1.0,0.0,0,USDJPY
9,Thu,1.0,False,0.6057866184448585,-1.0,1.0,1.0,1.0,-1.0,0.8933092224231428,-1,-1.0,-1.0,-1.0,1.0,1,USDJPY
3,Tue,-1.0,False,0.2288639365918042,-1.0,1.0,1.0,1.0,0.0,0.33784676354029847,0,0.0,-1.0,-1.0,1.0,0,USDJPY
9,Tue,-1.0,True,0.6294931316708958,-1.0,1.0,1.0,-1.0,0.0,0.29062365385534167,0,0.0,1.0,1.0,0.0,0,USDJPY
3,Wed,-1.0,True,0.5545428156749274,-1.0,-1.0,-1.0,1.0,0.0,0.8875471698113246,0,-1.0,-1.0,-1.0,0.0,0,USDJPY
9,Wed,-1.0,True,0.29772767937019023,1.0,1.0,-1.0,-1.0,0.0,0.005725532295607964,0,-1.0,-1.0,-1.0,0.0,0,USDJPY
3,Thu,1.0,False,0.42990654205605366,-1.0,-1.0,-1.0,-1.0,1.0,0.2990654205607399,0,1.0,1.0,1.0,-1.0,0,USDJPY
9,Thu,1.0,True,1.8522940474159875,1.0,1.0,1.0,-1.0,1.0,0.11666382398087165,0,1.0,1.0,-1.0,0.0,0,USDJPY
3,Tue,1.0,True,0.9051472968598249,1.0,-1.0,1.0,1.0,1.0,0.24862415021039225,-1,-1.0,-1.0,-1.0,0.0,0,USDJPY
9,Tue,1.0,False,0.19459459459459957,-1.0,-1.0,-1.0,-1.0,1.0,0.670270270270185,1,-1.0,1.0,1.0,-1.0,-1,USDJPY
3,Wed,1.0,False,0.32037691401641566,1.0,1.0,1.0,1.0,-1.0,0.6847271299567843,0,-1.0,-1.0,-1.0,1.0,0,USDJPY
9,Wed,1.0,False,1.321648136036614,1.0,1.0,-1.0,1.0,-1.0,0.06592544146496834,0,-1.0,-1.0,1.0,1.0,0,USDJPY
3,Thu,1.0,False,0.08548530721282603,1.0,-1.0,-1.0,1.0,1.0,0.4630454140694406,1,1.0,1.0,1.0,0.0,-1,USDJPY
9,Thu,1.0,True,6.867862432121067,1.0,-1.0,-1.0,-1.0,1.0,0.039493170972595304,0,1.0,1.0,1.0,-1.0,0,USDJPY
3,Tue,-1.0,True,0.6830420406235571,-1.0,1.0,1.0,1.0,-1.0,1.006140765233864,-1,-1.0,-1.0,-1.0,1.0,1,USDJPY
9,Tue,-1.0,True,0.6106194690265216,-1.0,-1.0,-1.0,-1.0,-1.0,0.21238938053097864,0,1.0,1.0,1.0,-1.0,0,USDJPY
3,Wed,1.0,True,0.8938193343898841,1.0,-1.0,1.0,1.0,-1.0,0.025356576862154402,-1,-1.0,-1.0,-1.0,0.0,0,USDJPY
9,Wed,-1.0,True,0.9478090985208448,-1.0,-1.0,-1.0,1.0,-1.0,0.3784538096567109,0,-1.0,-1.0,-1.0,0.0,0,USDJPY
3,Thu,1.0,False,0.2921154674709168,-1.0,1.0,1.0,-1.0,-1.0,0.3515725980180848,0,-1.0,1.0,-1.0,0.0,0,USDJPY
9,Thu,1.0,False,0.14980956411340882,1.0,1.0,1.0,1.0,-1.0,0.5814642403724422,-1,-1.0,-1.0,-1.0,1.0,1,USDJPY
3,Tue,1.0,False,0.14132961413300132,1.0,1.0,-1.0,1.0,1.0,0.580195258019545,0,-1.0,1.0,-1.0,1.0,0,USDJPY
9,Tue,-1.0,True,0.5165147212673868,-1.0,-1.0,-1.0,1.0,1.0,0.8895531310715428,1,1.0,1.0,1.0,0.0,-1,USDJPY
3,Wed,1.0,True,0.5977742448330217,1.0,1.0,-1.0,1.0,-1.0,0.16958134605189795,0,-1.0,1.0,-1.0,1.0,0,USDJPY
9,Wed,1.0,True,1.6883977900552598,1.0,-1.0,1.0,1.0,-1.0,0.37569060773471374,0,-1.0,1.0,1.0,0.0,0,USDJPY
3,Thu,-1.0,False,0.1281809613572839,1.0,-1.0,1.0,1.0,1.0,0.20735155513657794,-1,1.0,-1.0,-1.0,0.0,0,USDJPY
9,Thu,1.0,True,3.059382422802714,1.0,1.0,1.0,-1.0,1.0,0.39524940617581594,0,1.0,-1.0,1.0,0.0,0,USDJPY
3,Tue,-1.0,True,1.3077207240488156,-1.0,-1.0,-1.0,-1.0,1.0,0.9974141115625769,1,1.0,1.0,1.0,-1.0,-1,USDJPY
9,Tue,-1.0,True,1.2254254949634307,-1.0,1.0,1.0,-1.0,1.0,0.596040291767965,0,1.0,1.0,-1.0,0.0,0,USDJPY
3,Wed,-1.0,True,0.8919540229884945,-1.0,-1.0,-1.0,-1.0,-1.0,0.24827586206893096,0,1.0,1.0,1.0,-1.0,0,USDJPY
9,Wed,1.0,True,0.5765013054831124,-1.0,-1.0,-1.0,-1.0,-1.0,0.5733681462141679,0,1.0,1.0,1.0,-1.0,0,USDJPY
3,Thu,-1.0,False,0.5191400104876471,1.0,-1.0,-1.0,-1.0,-1.0,0.5537493445202344,0,1.0,1.0,1.0,-1.0,0,USDJPY
9,Thu,-1.0,False,1.1086181866173686,-1.0,-1.0,-1.0,-1.0,-1.0,0.12986670186088378,0,1.0,1.0,-1.0,-1.0,0,USDJPY
3,Tue,1.0,True,0.9014257243599744,1.0,1.0,-1.0,-1.0,1.0,0.27594665031423093,0,-1.0,1.0,1.0,0.0,0,USDJPY
9,Tue,-1.0,True,0.9810382343798769,-1.0,1.0,-1.0,-1.0,1.0,0.3207957724588602,0,-1.0,1.0,1.0,0.0,0,USDJPY
3,Wed,1.0,False,0.24973089343376537,1.0,1.0,-1.0,-1.0,-1.0,0.5568711876570203,1,1.0,1.0,1.0,0.0,0,USDJPY
9,Wed,1.0,True,1.699140063611701,1.0,1.0,1.0,1.0,-1.0,0.3109906938390387,-1,1.0,1.0,-1.0,1.0,0,USDJPY
3,Thu,-1.0,True,0.7443663678216638,-1.0,1.0,1.0,1.0,1.0,0.1337533317179326,0,-1.0,-1.0,-1.0,1.0,0,USDJPY
9,Thu,-1.0,True,1.3729437760863654,-1.0,-1.0,-1.0,-1.0,1.0,0.15615025779522915,1,-1.0,-1.0,1.0,-1.0,0,USDJPY
3,Tue,-1.0,False,0.07005838198503711,-1.0,1.0,1.0,1.0,-1.0,0.06672226855706984,0,1.0,-1.0,1.0,1.0,0,USDJPY
9,Tue,1.0,True,1.3441469013006242,1.0,-1.0,-1.0,-1.0,-1.0,0.22402448355013885,0,1.0,-1.0,-1.0,-1.0,0,USDJPY
3,Wed,1.0,False,0.04254738851758334,1.0,1.0,1.0,-1.0,1.0,0.7069412246011343,0,1.0,-1.0,1.0,0.0,0,USDJPY
9,Wed,1.0,False,0.245087900723909,-1.0,1.0,1.0,1.0,1.0,0.7507755946225037,0,1.0,-1.0,-1.0,1.0,0,USDJPY
3,Thu,-1.0,False,0.7102531415043188,-1.0,-1.0,-1.0,1.0,1.0,1.3243489346202793,0,-1.0,1.0,1.0,0.0,0,USDJPY
9,Thu,1.0,True,1.660652209898997,1.0,1.0,1.0,-1.0,1.0,0.1787783479556438,-1,-1.0,1.0,-1.0,0.0,0,USDJPY
3,Tue,1.0,True,1.0309013976150225,1.0,1.0,1.0,1.0,-1.0,0.7539428131811959,-1,-1.0,-1.0,-1.0,1.0,1,USDJPY
9,Tue,-1.0,False,0.05462131748641021,1.0,1.0,-1.0,1.0,-1.0,0.12441522316347556,1,-1.0,-1.0,1.0,1.0,0,USDJPY
3,Wed,1.0,True,1.3670069854915976,1.0,1.0,-1.0,1.0,-1.0,0.0032240730790051774,0,-1.0,1.0,-1.0,1.0,0,USDJPY
9,Wed,-1.0,False,0.35079594790158747,-1.0,1.0,1.0,1.0,-1.0,0.07293777134582868,-1,-1.0,-1.0,-1.0,1.0,1,USDJPY
3,Thu,1.0,False,0.4432717678100062,1.0,1.0,-1.0,1.0,1.0,0.10686015831129357,0,1.0,1.0,1.0,1.0,0,USDJPY
9,Thu,1.0,True,1.4932337844142871,1.0,-1.0,-1.0,-1.0,1.0,0.7242183854410332,1,1.0,1.0,1.0,-1.0,-1,USDJPY
3,Tue,1.0,False,0.22095435684646858,-1.0,-1.0,-1.0,1.0,1.0,0.04356846473032197,-1,-1.0,-1.0,-1.0,0.0,0,USDJPY
9,Tue,1.0,True,0.8666922781406464,-1.0,1.0,1.0,-1.0,1.0,0.0461006530925439,1,-1.0,1.0,1.0,0.0,0,USDJPY
3,Wed,1.0,True,0.531458699472816,1.0,-1.0,-1.0,1.0,-1.0,0.059050966608126185,0,-1.0,1.0,1.0,0.0,0,USDJPY
9,Wed,1.0,True,1.802892700975404,1.0,-1.0,1.0,1.0,-1.0,0.2556340396905441,-1,-1.0,-1.0,-1.0,0.0,0,USDJPY
3,Thu,1.0,True,0.4741429401511215,-1.0,-1.0,-1.0,1.0,1.0,0.4490412550842592,0,-1.0,1.0,1.0,0.0,0,USDJPY
9,Thu,1.0,False,0.2988863609149001,-1.0,-1.0,-1.0,1.0,1.0,0.4914381511196876,-1,-1.0,1.0,-1.0,0.0,0,USDJPY
3,Tue,1.0,False,0.04817204301078695,-1.0,-1.0,1.0,-1.0,-1.0,0.36473118279567895,0,1.0,-1.0,-1.0,-1.0,0,USDJPY
9,Tue,1.0,True,0.6319404693760596,1.0,-1.0,1.0,-1.0,-1.0,0.0892959358900349,0,1.0,-1.0,-1.0,-1.0,0,USDJPY
3,Wed,-1.0,True,0.6448801742920381,-1.0,1.0,1.0,1.0,1.0,1.124183006535853,-1,-1.0,-1.0,-1.0,1.0,1,USDJPY
9,Wed,1.0,True,0.9007912355447407,1.0,1.0,1.0,1.0,1.0,0.5891661594644362,0,-1.0,-1.0,-1.0,1.0,0,USDJPY
3,Thu,-1.0,True,0.7171717171717036,-1.0,-1.0,1.0,1.0,1.0,0.7020202020202595,0,1.0,-1.0,1.0,0.0,0,USDJPY
9,Thu,-1.0,False,1.7658187933572813,-1.0,1.0,1.0,-1.0,1.0,0.5448812276645177,0,1.0,1.0,1.0,0.0,0,USDJPY
3,Tue,-1.0,True,2.224719101123625,-1.0,-1.0,-1.0,-1.0,1.0,0.289887640449474,1,1.0,-1.0,1.0,-1.0,0,USDJPY
9,Tue,-1.0,True,1.5211267605634209,-1.0,1.0,1.0,-1.0,1.0,1.1718309859154707,0,1.0,1.0,-1.0,0.0,0,USDJPY
3,Wed,-1.0,False,0.41881638846743446,1.0,1.0,1.0,1.0,-1.0,0.4415781487102059,-1,-1.0,-1.0,-1.0,1.0,1,USDJPY
9,Wed,1.0,True,1.2805587892898924,1.0,-1.0,-1.0,1.0,-1.0,0.9685681024446912,1,1.0,-1.0,1.0,0.0,0,USDJPY
3,Thu,1.0,True,0.6318537859008315,1.0,-1.0,-1.0,-1.0,1.0,0.156657963446481,0,1.0,-1.0,-1.0,-1.0,0,USDJPY
9,Thu,1.0,False,1.758645707376046,1.0,-1.0,-1.0,1.0,1.0,0.557194679564714,0,1.0,-1.0,1.0,0.0,0,USDJPY
3,Tue,-1.0,False,0.09600000000002872,1.0,-1.0,-1.0,1.0,1.0,0.13642105263165755,0,-1.0,-1.0,-1.0,0.0,0,USDJPY
9,Tue,1.0,False,0.22258862324808565,1.0,1.0,-1.0,-1.0,1.0,0.09398186314924484,0,-1.0,-1.0,-1.0,0.0,0,USDJPY
3,Wed,1.0,False,0.5498827349810923,1.0,1.0,1.0,1.0,1.0,0.4113296049070804,-1,-1.0,-1.0,-1.0,1.0,1,USDJPY
9,Wed,1.0,False,0.05862237420621265,1.0,1.0,1.0,1.0,0.0,0.9066927210551929,-1,0.0,-1.0,-1.0,1.0,1,USDJPY
3,Thu,-1.0,True,1.4219653179190803,-1.0,1.0,-1.0,-1.0,0.0,0.7239884393063614,0,1.0,1.0,1.0,0.0,0,USDJPY
9,Thu,1.0,False,0.004369992716699657,1.0,1.0,1.0,-1.0,0.0,0.8565185724690341,1,1.0,1.0,1.0,0.0,0,USDJPY
3,Tue,1.0,True,0.7410402499539434,1.0,1.0,1.0,-1.0,1.0,0.7189854806102185,0,1.0,1.0,1.0,0.0,0,USDJPY
9,Tue,-1.0,True,0.6587464154035864,-1.0,1.0,1.0,1.0,1.0,0.42769356820983073,-1,-1.0,-1.0,-1.0,1.0,1,USDJPY
3,Wed,1.0,False,0.2344428364688949,-1.0,1.0,-1.0,-1.0,1.0,0.1997105643993879,-1,1.0,1.0,-1.0,0.0,0,USDJPY
9,Wed,-1.0,True,1.6312958435207834,-1.0,1.0,1.0,-1.0,1.0,1.2557457212714929,-1,-1.0,-1.0,-1.0,0.0,0,USDJPY
3,Thu,1.0,False,0.22986645082961754,1.0,-1.0,-1.0,-1.0,1.0,2.152974504249271,1,1.0,1.0,1.0,-1.0,-1,USDJPY
9,Thu,1.0,True,0.8353166986564067,-1.0,-1.0,1.0,-1.0,1.0,0.08598848368519522,-1,1.0,1.0,-1.0,-1.0,0,USDJPY
3,Tue,-1.0,False,0.37759017651583526,-1.0,-1.0,-1.0,1.0,-1.0,0.35917114351497986,0,-1.0,1.0,1.0,0.0,0,USDJPY
9,Tue,-1.0,True,1.2515494763838335,-1.0,-1.0,-1.0,-1.0,-1.0,1.2669373797820689,1,1.0,1.0,1.0,-1.0,-1,USDJPY
3,Wed,-1.0,False,0.0849241083900048,1.0,-1.0,1.0,1.0,-1.0,0.24583294533938396,0,-1.0,-1.0,-1.0,0.0,0,USDJPY
9,Wed,-1.0,False,0.03155127081504573,1.0,-1.0,1.0,1.0,-1.0,0.22716914986854447,0,-1.0,-1.0,-1.0,0.0,0,USDJPY
3,Thu,1.0,False,0.13917963224892851,-1.0,1.0,-1.0,-1.0,1.0,0.23083451202267197,1,1.0,1.0,1.0,0.0,0,USDJPY
9,Thu,-1.0,True,0.9947249434815549,-1.0,-1.0,-1.0,-1.0,1.0,0.9513187641296318,1,1.0,1.0,1.0,-1.0,-1,USDJPY
3,Tue,1.0,False,0.6061937184274551,1.0,1.0,1.0,1.0,1.0,0.2108499890181866,0,-1.0,-1.0,-1.0,1.0,0,USDJPY
9,Tue,1.0,False,0.1743823956819435,1.0,1.0,1.0,1.0,1.0,1.524600373676485,-1,-1.0,-1.0,-1.0,1.0,1,USDJPY
3,Wed,-1.0,False,0.4964871194379168,-1.0,1.0,1.0,1.0,1.0,0.3325526932084235,0,-1.0,-1.0,-1.0,1.0,0,USDJPY
9,Wed,1.0,True,1.4184604159066647,1.0,-1.0,-1.0,-1.0,1.0,1.8212331265961283,1,1.0,1.0,1.0,-1.0,-1,USDJPY
3,Thu,1.0,True,0.4340467894474053,1.0,-1.0,-1.0,1.0,1.0,0.3305126928820221,0,-1.0,1.0,-1.0,0.0,0,USDJPY
3,Tue,-1.0,True,2.927925117004577,-1.0,1.0,1.0,-1.0,1.0,0.05616224648991422,-1,1.0,-1.0,-1.0,0.0,0,USDJPY
9,Tue,1.0,True,1.7255681112628038,1.0,-1.0,-1.0,-1.0,1.0,1.49608841425557,0,1.0,1.0,1.0,-1.0,0,USDJPY
3,Wed,-1.0,False,0.07350272232301332,1.0,1.0,1.0,1.0,1.0,0.8194192377495927,-1,-1.0,-1.0,-1.0,1.0,1,USDJPY
9,Wed,-1.0,False,0.5013659006909688,-1.0,1.0,-1.0,1.0,1.0,0.15040977020724677,0,-1.0,-1.0,-1.0,1.0,0,USDJPY
3,Thu,-1.0,True,1.8067022826614934,-1.0,1.0,-1.0,-1.0,1.0,0.5594949004371247,0,1.0,1.0,1.0,0.0,0,USDJPY
9,Thu,-1.0,False,0.484304932735398,1.0,-1.0,-1.0,-1.0,1.0,0.6045898179899825,0,1.0,1.0,1.0,-1.0,0,USDJPY
3,Tue,-1.0,False,0.22351194493179977,-1.0,-1.0,1.0,-1.0,1.0,0.04535024969625517,0,1.0,-1.0,-1.0,-1.0,0,USDJPY
9,Tue,1.0,False,0.24360786329181316,1.0,1.0,-1.0,-1.0,1.0,0.5334703841706329,1,1.0,1.0,1.0,0.0,0,USDJPY
3,Wed,-1.0,False,0.43567753001709086,-1.0,-1.0,-1.0,-1.0,-1.0,0.43567753001718834,1,1.0,1.0,1.0,-1.0,-1,USDJPY
9,Wed,1.0,False,0.129729729729671,-1.0,-1.0,-1.0,-1.0,-1.0,0.5257467994310018,0,1.0,1.0,1.0,-1.0,0,USDJPY
3,Thu,1.0,False,0.21934718100889733,1.0,1.0,1.0,1.0,-1.0,0.5925222551928749,-1,-1.0,-1.0,-1.0,1.0,1,USDJPY
9,Thu,-1.0,False,0.1549663415304191,-1.0,-1.0,-1.0,1.0,-1.0,0.6429454595411185,0,-1.0,1.0,1.0,0.0,0,USDJPY
3,Tue,-1.0,False,0.2977257064093831,-1.0,-1.0,-1.0,1.0,1.0,0.35065472088222505,0,-1.0,1.0,-1.0,0.0,0,USDJPY
9,Tue,-1.0,False,0.11605703657776707,1.0,-1.0,-1.0,-1.0,1.0,2.463980161190245,1,1.0,1.0,1.0,-1.0,-1,USDJPY
3,Wed,1.0,False,0.15580597746201902,1.0,1.0,1.0,1.0,1.0,1.1024007839294365,-1,-1.0,-1.0,-1.0,1.0,1,USDJPY
9,Wed,-1.0,True,0.6960156760286714,-1.0,-1.0,1.0,1.0,1.0,0.3103853690398081,-1,-1.0,-1.0,-1.0,0.0,0,USDJPY
3,Thu,1.0,True,1.2598913886734118,1.0,1.0,-1.0,-1.0,1.0,0.02172226532197058,0,1.0,1.0,1.0,0.0,0,USDJPY
9,Thu,-1.0,False,0.3718567437134413,-1.0,1.0,1.0,1.0,1.0,0.6248412496824467,-1,-1.0,-1.0,-1.0,1.0,1,USDJPY
3,Tue,1.0,False,0.3406733393994667,1.0,1.0,1.0,-1.0,1.0,1.454413102820738,-1,-1.0,-1.0,-1.0,0.0,1,USDJPY
9,Tue,1.0,True,0.6043317485472791,1.0,-1.0,-1.0,1.0,1.0,0.43106180665611543,-1,-1.0,-1.0,-1.0,0.0,0,USDJPY
3,Wed,-1.0,False,0.14291581108827597,1.0,-1.0,-1.0,-1.0,1.0,0.5273100616016327,0,1.0,-1.0,-1.0,-1.0,0,USDJPY
9,Wed,-1.0,False,0.5499351491569068,1.0,-1.0,-1.0,1.0,1.0,1.2347600518806632,-1,-1.0,-1.0,-1.0,0.0,0,USDJPY
3,Thu,-1.0,False,0.20078881319467273,-1.0,1.0,1.0,1.0,1.0,0.25815704553596125,0,-1.0,-1.0,-1.0,1.0,0,USDJPY
9,Thu,1.0,False,0.7534758558827104,1.0,-1.0,-1.0,-1.0,1.0,0.8647032441320949,1,1.0,1.0,1.0,-1.0,-1,USDJPY
3,Tue,-1.0,True,1.0156663275686555,-1.0,-1.0,-1.0,1.0,1.0,0.346693794506601,0,1.0,-1.0,1.0,0.0,0,USDJPY
9,Tue,-1.0,True,0.9999999999999833,-1.0,-1.0,-1.0,-1.0,1.0,0.23364485981313485,1,1.0,1.0,1.0,-1.0,0,USDJPY
3,Wed,-1.0,False,0.06689229544101977,1.0,1.0,1.0,-1.0,-1.0,0.516026279116089,0,-1.0,-1.0,-1.0,0.0,0,USDJPY
9,Wed,-1.0,False,0.36218375499340866,1.0,1.0,1.0,1.0,-1.0,0.1225033288947871,-1,-1.0,-1.0,-1.0,1.0,1,USDJPY
3,Thu,1.0,True,1.1324503311258243,1.0,1.0,1.0,1.0,1.0,1.061494796594115,-1,-1.0,-1.0,-1.0,1.0,1,USDJPY
9,Thu,1.0,True,0.6190194920259895,1.0,-1.0,1.0,1.0,1.0,0.08033077377434557,0,-1.0,-1.0,-1.0,0.0,0,USDJPY
3,Tue,-1.0,False,0.4737217598097462,-1.0,1.0,1.0,-1.0,1.0,0.31961950059443767,0,-1.0,-1.0,1.0,0.0,0,USDJPY
9,Tue,1.0,True,0.6207497820400844,1.0,1.0,1.0,1.0,1.0,0.3905841325194923,-1,-1.0,-1.0,-1.0,1.0,1,USDJPY
3,Thu,-1.0,False,0.177514792899415,1.0,1.0,1.0,1.0,1.0,0.0059171597631736865,0,-1.0,1.0,-1.0,1.0,0,USDJPY
9,Thu,1.0,True,0.5780169100691382,1.0,1.0,1.0,1.0,1.0,1.1437355880092612,-1,-1.0,-1.0,-1.0,1.0,1,USDJPY
3,Tue,-1.0,False,0.223432285262589,1.0,-1.0,-1.0,-1.0,-1.0,0.6492183383101823,1,1.0,1.0,1.0,-1.0,0,USDJPY
9,Tue,-1.0,True,0.8484122228880138,1.0,1.0,1.0,1.0,-1.0,0.42780107849010834,-1,-1.0,-1.0,-1.0,1.0,1,USDJPY
3,Thu,1.0,False,0.3722818208176262,1.0,1.0,-1.0,-1.0,1.0,0.034792693534326166,1,1.0,1.0,1.0,0.0,0,USDJPY
9,Thu,1.0,False,0.7062957540263327,1.0,-1.0,-1.0,1.0,1.0,0.8819912152269588,0,1.0,1.0,1.0,0.0,0,USDJPY
3,Tue,-1.0,False,0.22076215505911082,1.0,-1.0,-1.0,1.0,1.0,0.8262812089356111,1,1.0,1.0,1.0,0.0,-1,USDJPY
9,Tue,1.0,False,0.2799377916019296,1.0,-1.0,-1.0,-1.0,1.0,0.2687402799378015,0,-1.0,1.0,-1.0,-1.0,0,USDJPY
3,Wed,1.0,True,0.5713262931806438,1.0,1.0,-1.0,-1.0,1.0,0.2835153033828658,0,-1.0,1.0,-1.0,0.0,0,USDJPY
9,Wed,1.0,False,0.5745935322493589,1.0,-1.0,-1.0,1.0,1.0,1.2263712703233915,0,-1.0,1.0,1.0,0.0,0,USDJPY
3,Thu,-1.0,False,0.2845046570703321,-1.0,1.0,1.0,-1.0,1.0,0.23370025402197087,0,1.0,-1.0,-1.0,0.0,0,USDJPY
9,Thu,1.0,True,0.833083351189232,1.0,-1.0,-1.0,-1.0,1.0,0.4525391043496576,1,1.0,1.0,1.0,-1.0,0,USDJPY
3,Tue,1.0,False,0.5048880089097484,1.0,1.0,-1.0,1.0,-1.0,0.1306768964237423,0,-1.0,-1.0,1.0,1.0,0,USDJPY
9,Tue,1.0,False,0.08626198083062911,1.0,-1.0,-1.0,1.0,-1.0,0.2715654952076942,0,-1.0,-1.0,-1.0,0.0,0,USDJPY
3,Wed,1.0,False,0.933151432469339,-1.0,-1.0,-1.0,-1.0,1.0,1.882673942701259,1,1.0,1.0,1.0,-1.0,-1,USDJPY
9,Wed,-1.0,False,0.4266012871590019,-1.0,-1.0,-1.0,-1.0,1.0,2.1403616304014443,1,1.0,1.0,1.0,-1.0,-1,USDJPY
3,Thu,-1.0,True,0.9012909114616796,-1.0,1.0,1.0,-1.0,-1.0,0.2722649628373648,0,1.0,-1.0,-1.0,0.0,0,USDJPY
9,Thu,1.0,True,0.7257594673325655,-1.0,-1.0,1.0,1.0,-1.0,0.6824802330420775,-1,1.0,1.0,1.0,0.0,0,USDJPY
3,Tue,1.0,False,0.17478379608562938,1.0,1.0,1.0,1.0,-1.0,0.4369594902139182,0,-1.0,-1.0,-1.0,1.0,0,USDJPY
9,Tue,1.0,False,0.2683615819209005,-1.0,-1.0,-1.0,1.0,-1.0,0.9350282485875382,1,-1.0,-1.0,1.0,0.0,-1,USDJPY
3,Wed,-1.0,True,1.3604773604773834,-1.0,1.0,1.0,1.0,1.0,0.6823446823445842,-1,-1.0,-1.0,-1.0,1.0,1,USDJPY
9,Wed,1.0,True,1.0756072528224334,1.0,1.0,1.0,-1.0,1.0,0.32842969551823437,0,-1.0,-1.0,-1.0,0.0,0,USDJPY
3,Thu,-1.0,True,0.6082365364307151,-1.0,1.0,-1.0,1.0,1.0,0.005068637803614503,0,-1.0,-1.0,-1.0,1.0,0,USDJPY
9,Thu,1.0,False,0.24555160142344887,-1.0,-1.0,-1.0,-1.0,1.0,1.0302491103202083,1,1.0,1.0,1.0,-1.0,0,USDJPY
3,Tue,-1.0,False,0.3475253944240677,-1.0,1.0,1.0,1.0,-1.0,0.2411929976226937,-1,-1.0,-1.0,-1.0,1.0,0,USDJPY
9,Tue,-1.0,False,0.6675454785129971,1.0,1.0,1.0,-1.0,-1.0,0.6675454785129971,0,-1.0,1.0,1.0,0.0,0,USDJPY
3,Wed,-1.0,False,0.5562398703403553,1.0,1.0,1.0,-1.0,1.0,0.22949756888167422,0,1.0,1.0,1.0,0.0,0,USDJPY
9,Wed,-1.0,True,1.0153334564935472,-1.0,1.0,1.0,1.0,1.0,0.2704600036947106,0,1.0,-1.0,-1.0,1.0,0,USDJPY
3,Thu,-1.0,False,0.07551919446196478,-1.0,1.0,1.0,-1.0,-1.0,0.24166142227824436,0,1.0,1.0,1.0,0.0,0,USDJPY
9,Thu,1.0,False,0.5277044854881486,1.0,-1.0,-1.0,-1.0,-1.0,0.8689533861038347,1,1.0,1.0,1.0,-1.0,-1,USDJPY
3,Tue,-1.0,False,0.24119106699756915,1.0,1.0,1.0,-1.0,-1.0,0.30967741935487747,0,-1.0,-1.0,-1.0,0.0,0,USDJPY
9,Tue,-1.0,True,0.7907239819003633,-1.0,-1.0,-1.0,1.0,-1.0,0.061085972850680535,0,-1.0,1.0,1.0,0.0,0,USDJPY
3,Wed,-1.0,True,0.909567092897794,-1.0,1.0,-1.0,-1.0,-1.0,0.4215067015867262,1,1.0,1.0,1.0,0.0,0,USDJPY
9,Wed,-1.0,True,0.8462066127040958,-1.0,1.0,1.0,-1.0,-1.0,0.5926738921663037,0,1.0,1.0,-1.0,0.0,0,USDJPY
3,Thu,1.0,False,0.19469269902377848,1.0,1.0,1.0,-1.0,-1.0,0.06269764883818661,0,1.0,-1.0,-1.0,0.0,0,USDJPY
9,Thu,1.0,False,0.11600996045120424,-1.0,-1.0,-1.0,-1.0,-1.0,1.0511205507542813,1,1.0,1.0,1.0,-1.0,-1,USDJPY
3,Tue,-1.0,False,0.4558352402745903,-1.0,1.0,-1.0,1.0,1.0,0.18672768878714022,0,1.0,1.0,-1.0,1.0,0,USDJPY
9,Tue,-1.0,False,0.06727400140154505,1.0,-1.0,-1.0,1.0,1.0,0.4092501751927589,-1,-1.0,-1.0,-1.0,0.0,0,USDJPY
3,Wed,-1.0,False,0.536940686784677,-1.0,1.0,1.0,1.0,1.0,0.3746097814776404,0,-1.0,1.0,-1.0,1.0,0,USDJPY
9,Wed,1.0,False,0.0430815258040407,1.0,1.0,1.0,-1.0,1.0,3.0875093492894132,0,-1.0,-1.0,-1.0,0.0,1,USDJPY
3,Thu,-1.0,True,0.8681210415200744,-1.0,1.0,1.0,-1.0,1.0,0.7701618578465211,1,1.0,1.0,1.0,0.0,0,USDJPY
3,Tue,-1.0,False,0.6356821589204874,-1.0,1.0,1.0,1.0,-1.0,0.6836581709145475,0,-1.0,1.0,-1.0,1.0,0,USDJPY
9,Tue,1.0,True,0.6805970149252131,-1.0,-1.0,-1.0,-1.0,-1.0,0.20298507462698168,1,-1.0,1.0,1.0,-1.0,0,USDJPY
3,Wed,1.0,False,0.30672532998118146,-1.0,1.0,-1.0,-1.0,1.0,0.12570710245131791,1,1.0,1.0,1.0,0.0,0,USDJPY
9,Wed,-1.0,True,1.7387116195064187,-1.0,-1.0,-1.0,1.0,1.0,1.0403371462973188,0,1.0,1.0,1.0,0.0,0,USDJPY
3,Thu,1.0,True,0.6658913440770918,1.0,1.0,-1.0,-1.0,-1.0,0.5103837846817818,1,1.0,1.0,1.0,0.0,0,USDJPY
9,Thu,-1.0,True,0.9890819621713015,-1.0,-1.0,-1.0,1.0,-1.0,0.025834230355238956,1,1.0,1.0,1.0,0.0,0,USDJPY
3,Tue,1.0,False,0.6545798518051388,1.0,-1.0,-1.0,-1.0,1.0,1.8237427084975324,1,1.0,1.0,1.0,-1.0,-1,USDJPY
9,Tue,-1.0,True,0.8458149779736217,-1.0,-1.0,-1.0,-1.0,1.0,0.8662782435697569,0,1.0,1.0,1.0,-1.0,0,USDJPY
3,Wed,-1.0,True,0.782150101419827,-1.0,-1.0,1.0,1.0,-1.0,0.1395537525355169,0,-1.0,-1.0,-1.0,0.0,0,USDJPY
9,Wed,1.0,False,0.4427525622254918,-1.0,-1.0,-1.0,1.0,-1.0,0.28462664714500896,-1,-1.0,-1.0,-1.0,0.0,0,USDJPY
3,Thu,1.0,True,1.6903002672536076,1.0,1.0,-1.0,1.0,1.0,0.033956925011738325,0,-1.0,-1.0,-1.0,1.0,0,USDJPY
9,Thu,1.0,False,0.031083609152348198,1.0,1.0,-1.0,1.0,1.0,0.23830767016842824,0,-1.0,-1.0,-1.0,1.0,0,USDJPY
3,Tue,-1.0,True,0.6442448297472457,-1.0,-1.0,-1.0,1.0,-1.0,0.46124921662836305,-1,1.0,-1.0,-1.0,0.0,0,USDJPY
9,Tue,1.0,False,0.5508684863523767,1.0,-1.0,-1.0,-1.0,-1.0,0.05459057071965192,0,1.0,1.0,1.0,-1.0,0,USDJPY
3,Wed,-1.0,True,0.6092862710165381,-1.0,-1.0,-1.0,-1.0,1.0,0.6520432023160002,1,1.0,1.0,1.0,-1.0,-1,USDJPY
9,Wed,-1.0,True,1.6412497268953594,-1.0,-1.0,-1.0,-1.0,1.0,1.2925497050469614,1,1.0,1.0,1.0,-1.0,-1,USDJPY
3,Thu,-1.0,True,0.6181861746735424,-1.0,-1.0,-1.0,-1.0,-1.0,1.181741943213129,1,1.0,1.0,1.0,-1.0,-1,USDJPY
9,Thu,1.0,False,0.44625573102390015,1.0,-1.0,-1.0,-1.0,-1.0,0.5929699439632836,1,1.0,1.0,1.0,-1.0,-1,USDJPY
3,Tue,-1.0,True,0.901637263612098,1.0,1.0,1.0,1.0,-1.0,0.03959893387487262,-1,1.0,-1.0,-1.0,1.0,0,USDJPY
9,Tue,1.0,False,0.020510316200722602,-1.0,1.0,1.0,1.0,-1.0,0.48638749847392193,-1,-1.0,-1.0,-1.0,1.0,1,USDJPY
3,Wed,1.0,True,0.6640541503384519,-1.0,1.0,1.0,1.0,1.0,0.8664054150338506,-1,-1.0,-1.0,-1.0,1.0,1,USDJPY
9,Wed,-1.0,True,1.174184594031929,-1.0,1.0,1.0,1.0,1.0,1.0881332408049869,-1,-1.0,-1.0,-1.0,1.0,1,USDJPY
3,Thu,-1.0,False,0.02420400518658963,1.0,1.0,-1.0,-1.0,1.0,0.23858233683903005,1,1.0,1.0,1.0,0.0,0,USDJPY
9,Thu,-1.0,False,0.3940182054616285,-1.0,1.0,1.0,1.0,1.0,0.838751625487535,-1,1.0,-1.0,-1.0,1.0,0,USDJPY
3,Tue,1.0,True,0.39802399435436847,1.0,-1.0,1.0,1.0,1.0,0.012702893436778813,-1,-1.0,-1.0,-1.0,0.0,0,USDJPY
9,Tue,-1.0,True,1.1390624999999819,-1.0,1.0,1.0,1.0,1.0,0.4359374999999519,-1,-1.0,-1.0,-1.0,1.0,0,USDJPY
3,Wed,-1.0,True,1.637312913330985,-1.0,-1.0,1.0,1.0,1.0,0.4719805081795982,-1,-1.0,-1.0,-1.0,0.0,0,USDJPY
9,Wed,1.0,True,1.0951607664826395,1.0,-1.0,1.0,1.0,1.0,0.13640792465084642,0,-1.0,-1.0,-1.0,0.0,0,USDJPY
3,Thu,1.0,True,1.0783369803063174,1.0,-1.0,-1.0,-1.0,-1.0,0.3080962800876046,1,1.0,1.0,1.0,-1.0,0,USDJPY
9,Thu,1.0,True,0.7592084356492612,1.0,1.0,-1.0,1.0,-1.0,0.34320381337576494,0,1.0,-1.0,-1.0,1.0,0,USDJPY
3,Tue,1.0,True,0.8490333196215413,1.0,1.0,-1.0,-1.0,1.0,0.5676676264912014,1,1.0,1.0,1.0,0.0,0,USDJPY
9,Tue,-1.0,True,0.8633422154548562,-1.0,-1.0,-1.0,-1.0,1.0,0.9455652835934202,1,1.0,1.0,1.0,-1.0,-1,USDJPY
3,Wed,-1.0,False,0.2669574700108404,-1.0,-1.0,-1.0,1.0,-1.0,0.1360959651036532,0,-1.0,-1.0,-1.0,0.0,0,USDJPY
9,Wed,1.0,False,0.05987752324787784,1.0,1.0,1.0,-1.0,-1.0,1.0124744840100068,0,-1.0,1.0,-1.0,0.0,0,USDJPY
3,Thu,1.0,True,0.6519524617996761,1.0,1.0,1.0,-1.0,1.0,0.6881720430108121,0,1.0,-1.0,-1.0,0.0,0,USDJPY
9,Thu,1.0,False,0.644086618545299,1.0,-1.0,-1.0,1.0,1.0,1.2970571904497592,-1,-1.0,-1.0,-1.0,0.0,0,USDJPY
3,Tue,1.0,False,0.4151232205724755,-1.0,1.0,1.0,-1.0,0.0,1.0029083116486412,0,1.0,1.0,1.0,0.0,0,USDJPY
9,Tue,1.0,True,0.7360308285163829,1.0,-1.0,-1.0,-1.0,0.0,0.7861271676300828,1,1.0,1.0,1.0,-1.0,-1,USDJPY
3,Wed,-1.0,False,0.5547605943862506,-1.0,-1.0,1.0,1.0,-1.0,0.05283434232251197,0,-1.0,-1.0,-1.0,0.0,0,USDJPY
9,Wed,-1.0,False,0.20809248554907636,1.0,-1.0,-1.0,-1.0,-1.0,0.8601156069364538,1,1.0,1.0,1.0,-1.0,-1,USDJPY
3,Thu,-1.0,False,0.39387308533915055,1.0,-1.0,-1.0,-1.0,1.0,1.293813407598973,1,1.0,1.0,1.0,-1.0,-1,USDJPY
9,Thu,-1.0,False,0.2878300064391523,-1.0,-1.0,-1.0,-1.0,1.0,1.2865421764327072,1,1.0,1.0,1.0,-1.0,-1,USDJPY
3,Tue,-1.0,True,0.7214711562683721,-1.0,-1.0,1.0,1.0,1.0,0.3224452095054071,0,1.0,-1.0,1.0,0.0,0,USDJPY
9,Tue,-1.0,False,0.17469204927212248,1.0,1.0,-1.0,-1.0,1.0,0.08286674132140205,1,1.0,1.0,1.0,0.0,0,USDJPY
3,Wed,-1.0,False,0.5929484429956541,1.0,1.0,-1.0,-1.0,-1.0,0.32735695290382144,0,1.0,1.0,1.0,0.0,0,USDJPY
9,Wed,-1.0,False,0.5988340458608612,1.0,-1.0,-1.0,1.0,-1.0,1.0913330742324325,1,1.0,1.0,1.0,0.0,-1,USDJPY
3,Thu,1.0,True,0.7027098479841541,-1.0,-1.0,-1.0,-1.0,1.0,0.019035029742234626,1,1.0,1.0,1.0,-1.0,0,USDJPY
9,Thu,-1.0,False,0.1304624073420375,-1.0,-1.0,-1.0,-1.0,1.0,0.05760677726790016,1,1.0,1.0,1.0,-1.0,-1,USDJPY
3,Tue,1.0,False,0.6818791946308411,1.0,1.0,-1.0,1.0,-1.0,0.08322147651000592,0,-1.0,1.0,1.0,1.0,0,USDJPY
9,Tue,-1.0,False,0.08447627139214801,1.0,1.0,-1.0,-1.0,-1.0,0.16312659303308485,0,1.0,1.0,1.0,0.0,0,USDJPY
3,Wed,1.0,True,0.9146392912389848,-1.0,-1.0,-1.0,-1.0,1.0,1.6470257347771198,1,1.0,1.0,1.0,-1.0,-1,USDJPY
9,Wed,-1.0,False,0.043613707165140805,-1.0,-1.0,-1.0,1.0,1.0,0.4267912772585743,0,1.0,1.0,-1.0,0.0,0,USDJPY
3,Thu,-1.0,False,0.013752005500789605,1.0,1.0,1.0,1.0,-1.0,0.18977767591111544,-1,-1.0,-1.0,-1.0,1.0,0,USDJPY
9,Thu,-1.0,True,0.8631984585741692,-1.0,1.0,-1.0,-1.0,-1.0,0.03699421965317993,1,-1.0,-1.0,1.0,0.0,0,USDJPY
3,Tue,1.0,True,1.7445177120074151,1.0,-1.0,-1.0,-1.0,-1.0,1.0047538721055889,1,1.0,1.0,1.0,-1.0,-1,USDJPY
9,Tue,1.0,True,0.9456942255336641,1.0,-1.0,-1.0,1.0,-1.0,0.2613554950565752,0,1.0,1.0,1.0,0.0,0,USDJPY
3,Wed,-1.0,True,0.8785477885868627,-1.0,1.0,-1.0,-1.0,1.0,0.2816166883963282,0,-1.0,-1.0,1.0,0.0,0,USDJPY
9,Wed,1.0,True,0.4488836662749782,1.0,-1.0,-1.0,1.0,1.0,0.8178613396005041,-1,-1.0,1.0,1.0,0.0,0,USDJPY
3,Thu,-1.0,False,0.25323349217151636,-1.0,1.0,-1.0,-1.0,1.0,0.07624234172912193,0,1.0,-1.0,1.0,0.0,0,USDJPY
9,Thu,-1.0,True,0.5864775892631415,-1.0,1.0,1.0,-1.0,1.0,0.3190681185109845,0,1.0,1.0,1.0,0.0,0,USDJPY
3,Tue,1.0,False,0.0979591836734727,-1.0,-1.0,1.0,1.0,-1.0,0.32244897959186697,0,-1.0,-1.0,-1.0,0.0,0,USDJPY
9,Tue,-1.0,True,1.8216159496327318,-1.0,1.0,-1.0,1.0,-1.0,0.34837355718782187,-1,-1.0,-1.0,-1.0,1.0,0,USDJPY
3,Wed,1.0,False,0.35519824593466287,1.0,-1.0,-1.0,1.0,1.0,0.0701626164808672,0,-1.0,-1.0,-1.0,0.0,0,USDJPY
9,Wed,-1.0,True,0.835227272727259,-1.0,-1.0,-1.0,1.0,1.0,0.22585227272725977,0,-1.0,-1.0,-1.0,0.0,0,USDJPY
3,Thu,1.0,True,2.000000000000035,1.0,1.0,1.0,1.0,1.0,0.6268656716417181,-1,-1.0,-1.0,-1.0,1.0,1,USDJPY
9,Thu,1.0,False,0.7572977481234593,1.0,1.0,1.0,1.0,1.0,0.6872393661384207,0,-1.0,-1.0,-1.0,1.0,0,USDJPY
3,Tue,-1.0,False,0.41239892183290516,-1.0,1.0,1.0,1.0,-1.0,0.3396226415094513,0,-1.0,1.0,1.0,1.0,0,USDJPY
9,Tue,-1.0,True,0.9717791411042378,-1.0,-1.0,-1.0,-1.0,-1.0,1.0380368098160022,1,1.0,1.0,1.0,-1.0,-1,USDJPY
3,Wed,-1.0,True,0.5812734082397515,1.0,-1.0,-1.0,1.0,-1.0,0.6651685393257836,0,-1.0,1.0,-1.0,0.0,0,USDJPY
9,Wed,-1.0,False,0.11444141689372177,-1.0,1.0,1.0,-1.0,-1.0,0.4610354223432951,0,-1.0,-1.0,-1.0,0.0,0,USDJPY
3,Thu,1.0,True,1.7282850779509313,1.0,1.0,1.0,1.0,1.0,0.5167037861915678,-1,-1.0,-1.0,-1.0,1.0,0,USDJPY
9,Thu,1.0,False,0.13380473211856325,-1.0,-1.0,-1.0,1.0,1.0,0.4405765569757616,0,-1.0,-1.0,-1.0,0.0,0,USDJPY
3,Tue,1.0,True,0.31729518855652944,1.0,1.0,1.0,-1.0,1.0,0.30429128738619016,1,1.0,1.0,1.0,0.0,0,USDJPY
9,Tue,-1.0,False,0.4917073170731844,-1.0,1.0,1.0,1.0,1.0,0.23804878048783,-1,1.0,-1.0,-1.0,1.0,0,USDJPY
3,Wed,1.0,False,0.3471592889508456,-1.0,1.0,-1.0,-1.0,-1.0,0.5102823283374562,1,1.0,1.0,1.0,0.0,0,USDJPY
9,Wed,1.0,False,0.05360134003347122,-1.0,1.0,1.0,-1.0,-1.0,0.8475711892797815,0,1.0,1.0,1.0,0.0,0,USDJPY
3,Thu,-1.0,True,1.2957269095751156,-1.0,-1.0,-1.0,-1.0,-1.0,0.3166686841786164,1,1.0,1.0,1.0,-1.0,0,USDJPY
9,Thu,-1.0,False,0.9106212424849558,-1.0,1.0,1.0,-1.0,-1.0,0.35591182364726726,0,1.0,1.0,-1.0,0.0,0,USDJPY
3,Tue,1.0,True,0.43766703348535413,-1.0,-1.0,-1.0,-1.0,-1.0,1.4526017921711176,1,1.0,1.0,1.0,-1.0,-1,USDJPY
9,Tue,1.0,True,0.8133704735375766,1.0,-1.0,1.0,-1.0,-1.0,0.018570102135544723,0,1.0,1.0,-1.0,-1.0,0,USDJPY
3,Wed,1.0,False,0.5589998287377691,1.0,-1.0,-1.0,-1.0,-1.0,0.7275218359307652,1,1.0,1.0,1.0,-1.0,-1,USDJPY
9,Wed,-1.0,False,0.23865276663997648,-1.0,1.0,-1.0,-1.0,-1.0,0.33103448275866293,0,1.0,1.0,1.0,0.0,0,USDJPY
3,Thu,-1.0,False,0.1161022805804994,-1.0,1.0,1.0,-1.0,-1.0,0.22557014512788937,0,1.0,-1.0,1.0,0.0,0,USDJPY
9,Thu,1.0,False,0.6110370567847759,1.0,-1.0,-1.0,1.0,-1.0,0.9405491868834448,-1,1.0,-1.0,-1.0,0.0,0,USDJPY
3,Tue,1.0,False,1.0602829162132843,1.0,1.0,1.0,1.0,1.0,2.1205658324264203,-1,-1.0,-1.0,-1.0,1.0,1,USDJPY
9,Tue,-1.0,False,0.3196496989600786,1.0,-1.0,1.0,1.0,1.0,0.19266557197584233,0,-1.0,-1.0,-1.0,0.0,0,USDJPY
3,Wed,1.0,True,0.9150206706477784,-1.0,-1.0,-1.0,1.0,1.0,0.5401929260449909,-1,1.0,1.0,1.0,0.0,0,USDJPY
9,Wed,1.0,False,0.3522654754308106,1.0,1.0,1.0,-1.0,1.0,0.5743458838545233,0,-1.0,1.0,-1.0,0.0,0,USDJPY
3,Thu,-1.0,True,1.1928758801602006,-1.0,1.0,1.0,1.0,1.0,0.6428275576419173,0,-1.0,-1.0,-1.0,1.0,0,USDJPY
9,Thu,-1.0,True,2.087513340448194,-1.0,1.0,-1.0,-1.0,1.0,0.20490928495195154,1,-1.0,1.0,1.0,0.0,0,USDJPY
3,Tue,-1.0,False,0.2751808079026182,-1.0,1.0,-1.0,1.0,-1.0,0.02116775445402904,0,-1.0,1.0,-1.0,1.0,0,USDJPY
9,Tue,1.0,True,1.469299820466716,1.0,1.0,1.0,1.0,-1.0,0.10341113105925107,-1,-1.0,1.0,-1.0,1.0,0,USDJPY
3,Wed,-1.0,True,0.9117361784675634,-1.0,-1.0,1.0,1.0,1.0,0.15906886517942564,-1,-1.0,-1.0,-1.0,0.0,0,USDJPY
9,Wed,-1.0,True,2.615923275993325,-1.0,1.0,1.0,-1.0,1.0,0.0694169584411828,0,-1.0,-1.0,-1.0,0.0,0,USDJPY
3,Thu,1.0,False,0.281097108969632,1.0,1.0,1.0,1.0,-1.0,0.44121571534467874,-1,-1.0,-1.0,-1.0,1.0,1,USDJPY
9,Thu,1.0,False,0.3720930232558608,-1.0,1.0,1.0,1.0,-1.0,0.5201708590412881,0,-1.0,-1.0,-1.0,1.0,0,USDJPY
3,Tue,1.0,False,0.16320362674726602,1.0,-1.0,-1.0,1.0,-1.0,1.7136380808461642,0,1.0,1.0,1.0,0.0,0,USDJPY
9,Tue,1.0,False,0.26839317245432776,-1.0,-1.0,-1.0,-1.0,-1.0,0.1082989994114001,0,-1.0,1.0,1.0,-1.0,0,USDJPY
3,Wed,1.0,True,0.7322733132788793,1.0,-1.0,-1.0,1.0,1.0,0.27847013321874736,0,-1.0,-1.0,-1.0,0.0,0,USDJPY
9,Wed,-1.0,False,2.8660598179452994,-1.0,1.0,1.0,1.0,1.0,0.7386215864759162,-1,-1.0,-1.0,-1.0,1.0,1,USDJPY
3,Thu,1.0,False,0.017956007780920547,1.0,-1.0,-1.0,-1.0,-1.0,0.7685171330240935,1,1.0,1.0,1.0,-1.0,0,USDJPY
9,Thu,-1.0,True,1.0575944280738754,-1.0,1.0,-1.0,-1.0,-1.0,0.23787838199843372,1,1.0,1.0,1.0,0.0,0,USDJPY
3,Tue,1.0,True,0.9238595896218721,-1.0,1.0,1.0,-1.0,1.0,0.29710022045111206,0,1.0,1.0,1.0,0.0,0,USDJPY
9,Tue,1.0,False,0.8962655601659638,1.0,-1.0,-1.0,1.0,1.0,0.28769017980637557,0,1.0,1.0,1.0,0.0,0,USDJPY
3,Wed,-1.0,True,0.46303568379717075,-1.0,-1.0,-1.0,-1.0,1.0,0.03278128734851246,1,1.0,1.0,1.0,-1.0,0,USDJPY
9,Wed,1.0,False,0.2246642246641901,1.0,1.0,-1.0,-1.0,1.0,0.12698412698417985,0,1.0,1.0,1.0,0.0,0,USDJPY
3,Thu,1.0,True,0.6953140190550265,1.0,1.0,1.0,-1.0,-1.0,0.33599066692592955,-1,1.0,1.0,-1.0,0.0,0,USDJPY
9,Thu,-1.0,True,0.5635663181066992,-1.0,-1.0,1.0,1.0,-1.0,0.15850302696753263,-1,-1.0,-1.0,-1.0,0.0,0,USDJPY
3,Tue,-1.0,False,0.3512823955955716,1.0,-1.0,-1.0,-1.0,-1.0,0.3545051698671058,1,1.0,1.0,1.0,-1.0,0,USDJPY
9,Tue,1.0,False,0.07285773423482704,1.0,-1.0,-1.0,-1.0,-1.0,0.44045812060165973,0,1.0,1.0,1.0,-1.0,0,USDJPY
3,Wed,1.0,True,1.0650650650651383,1.0,1.0,1.0,1.0,-1.0,0.3683683683683047,-1,-1.0,-1.0,-1.0,1.0,0,USDJPY
9,Wed,1.0,False,0.4841371721988469,1.0,1.0,1.0,1.0,-1.0,0.06601870529977452,-1,-1.0,-1.0,-1.0,1.0,0,USDJPY
3,Thu,-1.0,True,1.5608263198163526,-1.0,-1.0,-1.0,-1.0,1.0,0.6472838561590872,0,1.0,1.0,1.0,-1.0,0,USDJPY
9,Thu,-1.0,False,0.35263612791693694,-1.0,1.0,1.0,-1.0,1.0,0.763353500432131,0,1.0,1.0,-1.0,0.0,0,USDJPY
3,Tue,1.0,False,0.43353622619274174,-1.0,-1.0,-1.0,-1.0,-1.0,0.7963871981149802,0,1.0,1.0,1.0,-1.0,0,USDJPY
9,Tue,1.0,True,1.3710713665567429,1.0,-1.0,-1.0,-1.0,-1.0,1.0210105921166,1,1.0,1.0,1.0,-1.0,-1,USDJPY
3,Wed,1.0,False,0.2045344910757253,1.0,1.0,1.0,1.0,-1.0,0.77182826821028,-1,1.0,-1.0,-1.0,1.0,1,USDJPY
9,Wed,-1.0,False,1.2750256235051927,-1.0,1.0,1.0,1.0,-1.0,1.0618380594464627,0,-1.0,-1.0,-1.0,1.0,0,USDJPY
3,Thu,-1.0,False,0.38073908174695587,1.0,1.0,1.0,1.0,-1.0,0.09406494960800255,-1,-1.0,-1.0,-1.0,1.0,0,USDJPY
9,Thu,1.0,True,5.949295774647903,1.0,1.0,1.0,1.0,-1.0,0.08840736728058525,0,-1.0,-1.0,-1.0,1.0,0,USDJPY
3,Tue,1.0,True,0.7179487179486818,-1.0,1.0,1.0,-1.0,1.0,0.493284493284493,0,-1.0,-1.0,1.0,0.0,0,USDJPY
9,Tue,1.0,False,0.28554710356937285,1.0,1.0,1.0,1.0,1.0,0.8660035108250578,-1,-1.0,-1.0,-1.0,1.0,1,USDJPY
3,Wed,-1.0,True,0.9432545815853253,-1.0,-1.0,-1.0,1.0,1.0,0.28615588430118133,0,-1.0,1.0,-1.0,0.0,0,USDJPY
9,Wed,-1.0,True,1.5524861878451817,-1.0,1.0,1.0,-1.0,1.0,0.602209944751274,0,-1.0,1.0,1.0,0.0,0,USDJPY
3,Thu,-1.0,False,0.5621716287215361,1.0,1.0,-1.0,-1.0,-1.0,0.2049036777582513,0,1.0,-1.0,-1.0,0.0,0,USDJPY
9,Thu,1.0,True,0.9303092783504581,1.0,1.0,1.0,-1.0,-1.0,0.6383505154638722,0,1.0,-1.0,1.0,0.0,0,USDJPY
3,Tue,1.0,True,0.8309440086557528,1.0,-1.0,-1.0,-1.0,1.0,0.6167162564241151,1,1.0,1.0,1.0,-1.0,0,USDJPY
9,Tue,-1.0,False,0.15120274914083204,1.0,1.0,1.0,1.0,1.0,1.2577319587628197,-1,-1.0,-1.0,-1.0,1.0,1,USDJPY
3,Wed,-1.0,True,0.7933884297520004,1.0,-1.0,-1.0,1.0,1.0,0.513899323816692,0,1.0,1.0,1.0,0.0,0,USDJPY
9,Wed,-1.0,False,0.25613660618997575,1.0,1.0,1.0,-1.0,1.0,0.20064034151546078,0,1.0,1.0,1.0,0.0,0,USDJPY
3,Thu,1.0,False,0.4346938775510077,1.0,1.0,-1.0,1.0,-1.0,0.19285714285710656,0,-1.0,-1.0,-1.0,1.0,0,USDJPY
9,Thu,-1.0,False,0.16149532710281034,-1.0,1.0,1.0,1.0,-1.0,0.38280373831771597,0,-1.0,-1.0,-1.0,1.0,0,USDJPY
3,Tue,1.0,False,0.23917209658882932,-1.0,1.0,1.0,1.0,-1.0,0.6439248754312725,-1,-1.0,-1.0,-1.0,1.0,1,USDJPY
9,Tue,-1.0,True,2.009727215056132,-1.0,-1.0,-1.0,-1.0,-1.0,1.720448297737374,1,1.0,1.0,1.0,-1.0,-1,USDJPY
3,Wed,-1.0,True,1.0383954154727635,-1.0,1.0,1.0,1.0,-1.0,0.7426934097421556,-1,-1.0,-1.0,-1.0,1.0,0,USDJPY
9,Wed,1.0,True,0.6572745227123108,1.0,-1.0,-1.0,-1.0,-1.0,0.6383146807109933,1,1.0,1.0,1.0,-1.0,-1,USDJPY
3,Thu,1.0,True,1.0163245514789119,1.0,-1.0,1.0,-1.0,-1.0,0.00387910134154108,0,1.0,1.0,1.0,-1.0,0,USDJPY
9,Thu,1.0,True,1.3696725809401105,1.0,-1.0,-1.0,1.0,-1.0,0.3863179074446402,0,1.0,-1.0,-1.0,0.0,0,USDJPY
3,Tue,1.0,True,1.3052061157345174,1.0,-1.0,-1.0,-1.0,1.0,0.5155796400231861,1,1.0,1.0,1.0,-1.0,-1,USDJPY
9,Tue,-1.0,False,0.06478405315617336,-1.0,1.0,1.0,1.0,1.0,0.8521594684385143,-1,-1.0,-1.0,-1.0,1.0,0,USDJPY
3,Wed,-1.0,False,0.6335847558554081,1.0,-1.0,1.0,-1.0,-1.0,0.6145295752282195,0,1.0,1.0,1.0,-1.0,0,USDJPY
9,Wed,1.0,True,2.566692975532756,1.0,1.0,1.0,1.0,-1.0,0.6582478295185935,-1,1.0,-1.0,-1.0,1.0,1,USDJPY
3,Thu,1.0,False,0.3163218390805063,1.0,-1.0,1.0,-1.0,1.0,0.3678160919540017,0,1.0,1.0,1.0,-1.0,0,USDJPY
9,Thu,1.0,True,1.0175203958807197,1.0,-1.0,-1.0,1.0,1.0,0.2086398288083374,-1,-1.0,-1.0,-1.0,0.0,0,USDJPY
3,Tue,1.0,False,0.6076452093330843,1.0,1.0,-1.0,-1.0,-1.0,0.36140989574718096,0,-1.0,1.0,-1.0,0.0,0,USDJPY
9,Tue,1.0,False,0.13018372703414743,1.0,1.0,1.0,1.0,-1.0,0.041994750656130383,0,-1.0,-1.0,-1.0,1.0,0,USDJPY
3,Wed,1.0,True,0.5043076276529844,1.0,1.0,1.0,-1.0,1.0,0.519436856482356,0,1.0,1.0,1.0,0.0,0,USDJPY
9,Wed,-1.0,True,0.5067479320853702,-1.0,-1.0,-1.0,1.0,1.0,0.22986504135820204,0,1.0,1.0,1.0,0.0,0,USDJPY
3,Thu,-1.0,True,1.8655369312949035,-1.0,-1.0,-1.0,-1.0,-1.0,0.12377970160259477,0,-1.0,1.0,1.0,-1.0,0,USDJPY
9,Thu,-1.0,False,0.11401425178155569,-1.0,-1.0,-1.0,1.0,-1.0,0.0732948761452362,-1,-1.0,1.0,-1.0,0.0,0,USDJPY
3,Tue,-1.0,False,0.4198950262434007,-1.0,-1.0,-1.0,1.0,1.0,0.1019745063733827,0,-1.0,-1.0,-1.0,0.0,0,USDJPY
9,Tue,-1.0,True,2.5992549228313746,-1.0,-1.0,-1.0,1.0,1.0,0.14050026609893435,-1,-1.0,-1.0,-1.0,0.0,0,USDJPY
3,Wed,-1.0,True,0.6917755572636723,-1.0,-1.0,-1.0,1.0,-1.0,0.013835511145207908,0,-1.0,1.0,1.0,0.0,0,USDJPY
9,Wed,1.0,False,0.5212929707542714,-1.0,-1.0,1.0,-1.0,-1.0,0.5130836326321183,0,1.0,1.0,1.0,-1.0,0,USDJPY
3,Thu,1.0,False,0.08801389693111898,1.0,1.0,-1.0,-1.0,-1.0,0.3891140706427448,0,1.0,1.0,1.0,0.0,0,USDJPY
9,Thu,1.0,True,2.180094786729764,1.0,-1.0,-1.0,1.0,-1.0,0.151658767772428,0,1.0,1.0,-1.0,0.0,0,USDJPY
3,Tue,-1.0,False,0.20949542261016033,1.0,-1.0,-1.0,-1.0,1.0,0.5671705343835977,1,1.0,1.0,1.0,-1.0,0,USDJPY
9,Tue,1.0,False,0.3961485557084087,-1.0,-1.0,-1.0,-1.0,1.0,0.038514442916121355,-1,1.0,1.0,-1.0,-1.0,0,USDJPY
3,Wed,-1.0,False,0.5078143784564824,1.0,-1.0,-1.0,1.0,-1.0,0.6636210627555148,1,1.0,1.0,1.0,0.0,0,USDJPY
9,Wed,-1.0,True,1.4184525152267045,-1.0,1.0,1.0,-1.0,-1.0,0.4710128581097248,0,1.0,1.0,-1.0,0.0,0,USDJPY
3,Thu,1.0,True,0.7109606432501895,1.0,1.0,1.0,1.0,-1.0,0.21328819297504242,0,-1.0,-1.0,-1.0,1.0,0,USDJPY
9,Thu,-1.0,False,0.9105110466414669,-1.0,1.0,1.0,1.0,-1.0,0.42847578665483477,-1,-1.0,-1.0,-1.0,1.0,1,USDJPY
3,Tue,1.0,False,0.29573459715638745,-1.0,-1.0,-1.0,1.0,1.0,0.25933649289094013,-1,1.0,-1.0,-1.0,0.0,0,USDJPY
9,Tue,1.0,False,0.3631722880583274,1.0,-1.0,-1.0,-1.0,1.0,0.5250683682771299,1,1.0,1.0,1.0,-1.0,-1,USDJPY
3,Wed,-1.0,True,0.6040658276862709,-1.0,-1.0,-1.0,1.0,-1.0,0.7434656340756008,-1,-1.0,-1.0,-1.0,0.0,0,USDJPY
9,Wed,-1.0,False,0.4393864423553579,-1.0,1.0,1.0,1.0,-1.0,0.14250371103415188,-1,-1.0,-1.0,-1.0,1.0,0,USDJPY
3,Thu,1.0,True,0.9745093616061806,1.0,-1.0,1.0,-1.0,1.0,0.18948793142339837,0,1.0,1.0,1.0,-1.0,0,USDJPY
9,Thu,1.0,True,0.9092465753424278,1.0,-1.0,-1.0,-1.0,1.0,0.005136986301394394,1,1.0,1.0,1.0,-1.0,0,USDJPY
3,Tue,1.0,False,0.3479249573622476,1.0,1.0,1.0,1.0,1.0,1.323479249573542,-1,-1.0,-1.0,-1.0,1.0,1,USDJPY
9,Tue,1.0,False,1.0568329718004525,-1.0,1.0,1.0,1.0,1.0,0.07809110629074964,0,-1.0,-1.0,-1.0,1.0,0,USDJPY
3,Wed,1.0,False,0.04158790170130683,1.0,1.0,-1.0,1.0,1.0,0.037807183364804854,0,-1.0,1.0,1.0,1.0,0,USDJPY
9,Wed,1.0,False,0.4651650078574771,1.0,-1.0,1.0,1.0,1.0,0.33944473546354825,0,-1.0,1.0,1.0,0.0,0,USDJPY
3,Thu,-1.0,False,0.1570493753718794,1.0,-1.0,-1.0,1.0,-1.0,0.07614515169551407,0,-1.0,-1.0,-1.0,0.0,0,USDJPY
9,Thu,1.0,False,0.43918191603879414,1.0,1.0,1.0,1.0,-1.0,0.41851453175466574,0,-1.0,-1.0,-1.0,1.0,0,USDJPY
3,Tue,1.0,True,0.9904126719465511,1.0,-1.0,-1.0,-1.0,-1.0,1.3555648186745382,1,1.0,1.0,1.0,-1.0,-1,USDJPY
9,Tue,1.0,True,0.8189973614776391,1.0,1.0,1.0,-1.0,-1.0,1.0976253298152592,0,1.0,1.0,1.0,0.0,0,USDJPY
3,Wed,1.0,True,0.6295954184372025,1.0,1.0,1.0,-1.0,1.0,0.44337705523736537,0,1.0,-1.0,-1.0,0.0,0,USDJPY
9,Wed,1.0,False,0.08155339805814506,-1.0,1.0,1.0,1.0,1.0,0.2155339805825598,0,-1.0,-1.0,-1.0,1.0,0,USDJPY
3,Thu,1.0,True,0.9286103542235666,1.0,1.0,1.0,1.0,-1.0,0.9547683923706439,-1,-1.0,-1.0,-1.0,1.0,1,USDJPY
9,Thu,-1.0,True,2.9395973154363113,-1.0,-1.0,1.0,1.0,-1.0,0.020134228188015316,0,-1.0,-1.0,-1.0,0.0,0,USDJPY
3,Tue,-1.0,False,0.6873173582701106,-1.0,-1.0,-1.0,-1.0,-1.0,0.14728229105796628,1,1.0,1.0,1.0,-1.0,0,USDJPY
9,Tue,1.0,False,0.9245585874799639,-1.0,-1.0,-1.0,1.0,-1.0,0.642054574638803,-1,1.0,1.0,-1.0,0.0,0,USDJPY
3,Wed,-1.0,False,0.07483296213813796,1.0,1.0,-1.0,1.0,-1.0,0.28864142538976534,0,-1.0,1.0,-1.0,1.0,0,USDJPY
9,Wed,1.0,False,0.2251201098146683,-1.0,1.0,1.0,-1.0,-1.0,0.3678792038435509,0,1.0,1.0,1.0,0.0,0,USDJPY
3,Thu,1.0,False,0.25414754677021806,-1.0,1.0,1.0,1.0,1.0,0.6141899046947137,-1,-1.0,-1.0,-1.0,1.0,1,USDJPY
9,Thu,1.0,True,1.5481386392811958,1.0,1.0,1.0,1.0,1.0,0.47753530166879005,0,-1.0,-1.0,-1.0,1.0,0,USDJPY
3,Tue,-1.0,False,0.5702694871051437,-1.0,1.0,1.0,1.0,-1.0,0.0069545059403403765,0,-1.0,-1.0,-1.0,1.0,0,USDJPY
9,Tue,1.0,False,0.08138101109738007,-1.0,1.0,1.0,-1.0,-1.0,0.35511713933396477,0,-1.0,1.0,-1.0,0.0,0,USDJPY
3,Wed,1.0,True,1.1828709938055302,1.0,-1.0,1.0,1.0,-1.0,0.17452194990565564,0,-1.0,-1.0,-1.0,0.0,0,USDJPY
9,Wed,1.0,True,1.095623987033941,1.0,1.0,1.0,1.0,-1.0,0.6936790923825025,-1,-1.0,-1.0,-1.0,1.0,1,USDJPY
3,Thu,-1.0,False,0.19856591285163752,1.0,1.0,1.0,-1.0,1.0,1.370104798676205,0,1.0,-1.0,-1.0,0.0,0,USDJPY
9,Thu,1.0,True,2.8689492325856243,1.0,1.0,1.0,1.0,1.0,0.2621015348286515,-1,1.0,-1.0,-1.0,1.0,0,USDJPY
3,Tue,-1.0,True,1.2867830423940383,-1.0,-1.0,-1.0,-1.0,-1.0,0.6763092269326672,1,1.0,1.0,1.0,-1.0,-1,USDJPY
9,Tue,-1.0,False,0.08635164307979651,-1.0,-1.0,1.0,-1.0,-1.0,0.3166226912929144,0,1.0,1.0,1.0,-1.0,0,USDJPY
3,Wed,-1.0,True,1.4912133891213237,-1.0,-1.0,-1.0,-1.0,-1.0,0.12552301255232975,1,1.0,1.0,1.0,-1.0,-1,USDJPY
9,Wed,-1.0,False,0.984441301273002,-1.0,-1.0,-1.0,-1.0,-1.0,0.3540109112952487,0,1.0,1.0,1.0,-1.0,0,USDJPY
3,Thu,-1.0,False,0.01956388832275852,-1.0,-1.0,1.0,1.0,-1.0,0.05380069288769019,0,-1.0,1.0,-1.0,0.0,0,USDJPY
9,Thu,1.0,True,1.6870642912470788,1.0,1.0,1.0,-1.0,-1.0,0.7203718048024779,0,1.0,1.0,1.0,0.0,0,USDJPY
3,Tue,1.0,True,0.5621862799777103,1.0,1.0,1.0,1.0,1.0,0.36586726157275334,0,-1.0,1.0,-1.0,1.0,0,USDJPY
9,Tue,-1.0,False,0.3173311635475851,1.0,1.0,1.0,1.0,1.0,0.6053702196907756,-1,-1.0,-1.0,-1.0,1.0,1,USDJPY
3,Wed,-1.0,False,0.2601028655400336,1.0,1.0,-1.0,1.0,1.0,0.1763409257898257,0,-1.0,1.0,-1.0,1.0,0,USDJPY
9,Wed,-1.0,True,0.7300081766149148,-1.0,-1.0,-1.0,1.0,1.0,0.11774325429272818,0,-1.0,-1.0,-1.0,0.0,0,USDJPY
3,Thu,1.0,True,1.5163874726874451,1.0,1.0,1.0,-1.0,1.0,0.7123088128186869,0,1.0,-1.0,-1.0,0.0,0,USDJPY
9,Thu,-1.0,False,0.19344880809465276,1.0,1.0,1.0,1.0,1.0,0.5474189675870708,0,-1.0,-1.0,1.0,1.0,0,USDJPY
3,Tue,1.0,True,0.9266211604096236,1.0,-1.0,-1.0,-1.0,1.0,0.752559726962565,1,1.0,1.0,1.0,-1.0,-1,USDJPY
9,Tue,-1.0,False,0.24283305227657054,-1.0,1.0,-1.0,1.0,1.0,0.7284991568297117,0,1.0,1.0,-1.0,1.0,0,USDJPY
3,Wed,-1.0,True,0.7261992619925652,1.0,-1.0,1.0,-1.0,-1.0,0.1992619926198713,0,1.0,-1.0,1.0,-1.0,0,USDJPY
9,Wed,1.0,True,0.6164229471314823,-1.0,1.0,1.0,1.0,-1.0,0.5984251968504373,-1,1.0,-1.0,-1.0,1.0,1,USDJPY
3,Thu,1.0,False,0.582781456953647,1.0,1.0,1.0,-1.0,-1.0,0.048904737646461506,-1,1.0,-1.0,-1.0,0.0,0,USDJPY
9,Thu,-1.0,True,0.5747048903879644,-1.0,1.0,-1.0,1.0,-1.0,0.2671163575042295,0,1.0,-1.0,-1.0,1.0,0,USDJPY
3,Tue,-1.0,True,1.0901287553648806,-1.0,1.0,1.0,1.0,1.0,1.8798283261801927,-1,-1.0,-1.0,-1.0,1.0,1,USDJPY
9,Tue,1.0,False,0.32021083841207776,-1.0,1.0,1.0,1.0,1.0,0.09883050568266376,0,-1.0,-1.0,-1.0,1.0,0,USDJPY
3,Wed,-1.0,False,0.5493114998139978,-1.0,1.0,1.0,-1.0,1.0,0.45106066244894616,0,1.0,-1.0,-1.0,0.0,0,USDJPY
9,Wed,1.0,True,0.7170294494237359,1.0,-1.0,-1.0,1.0,1.0,0.1587708066581587,0,1.0,-1.0,-1.0,0.0,0,USDJPY
3,Thu,1.0,True,1.4669117647058323,1.0,-1.0,-1.0,1.0,1.0,0.23713235294105464,0,-1.0,1.0,-1.0,0.0,0,USDJPY
9,Thu,-1.0,True,0.735861912332612,1.0,-1.0,1.0,1.0,1.0,0.545082898024203,-1,-1.0,-1.0,-1.0,0.0,0,USDJPY
3,Tue,1.0,False,0.5676803816338843,-1.0,1.0,1.0,-1.0,1.0,0.5152057245080836,0,1.0,1.0,1.0,0.0,0,USDJPY
9,Tue,1.0,False,0.2646034816247058,-1.0,1.0,1.0,1.0,1.0,0.4595744680851959,0,1.0,1.0,-1.0,1.0,0,USDJPY
3,Wed,-1.0,False,0.36043500776795023,1.0,-1.0,1.0,1.0,-1.0,0.9114448472294091,0,-1.0,-1.0,-1.0,0.0,0,USDJPY
9,Wed,-1.0,True,1.0255319148936786,-1.0,-1.0,-1.0,-1.0,-1.0,0.008510638297912997,0,-1.0,-1.0,-1.0,-1.0,0,USDJPY
3,Thu,1.0,False,0.21192052980127446,1.0,1.0,1.0,1.0,1.0,0.9442929489676624,-1,-1.0,-1.0,-1.0,1.0,1,USDJPY
9,Thu,-1.0,False,0.2684897451833543,1.0,1.0,1.0,1.0,1.0,0.5160969546302113,-1,-1.0,-1.0,-1.0,1.0,1,USDJPY
3,Tue,1.0,False,0.3896103896104076,-1.0,-1.0,-1.0,-1.0,1.0,0.2597402597402102,1,1.0,1.0,1.0,-1.0,0,USDJPY
9,Tue,1.0,True,0.45955249569706735,-1.0,-1.0,-1.0,-1.0,1.0,0.738382099827887,1,1.0,1.0,1.0,-1.0,0,USDJPY
3,Wed,-1.0,False,0.2947118241235112,1.0,-1.0,1.0,1.0,-1.0,0.518122400475386,0,1.0,-1.0,-1.0,0.0,0,USDJPY
9,Wed,-1.0,False,0.22300227131937125,1.0,1.0,1.0,1.0,-1.0,1.3578360520338868,-1,-1.0,-1.0,-1.0,1.0,1,USDJPY
3,Thu,-1.0,True,1.751366769669544,-1.0,-1.0,-1.0,-1.0,1.0,0.6617542191586299,1,1.0,1.0,1.0,-1.0,0,USDJPY
9,Thu,-1.0,False,0.5515892420537507,-1.0,-1.0,-1.0,-1.0,1.0,0.6220048899755133,1,1.0,1.0,1.0,-1.0,-1,USDJPY
3,Tue,1.0,True,1.2949152542373081,1.0,-1.0,1.0,1.0,1.0,0.05423728813565963,0,-1.0,1.0,1.0,0.0,0,USDJPY
9,Tue,1.0,True,1.379168804515073,1.0,-1.0,-1.0,-1.0,1.0,2.5859415084658055,1,1.0,1.0,1.0,-1.0,-1,USDJPY
3,Wed,1.0,True,0.8367193378480674,1.0,1.0,-1.0,1.0,1.0,0.054176072234679566,0,-1.0,1.0,-1.0,1.0,0,USDJPY
9,Wed,-1.0,False,0.4763948497853027,-1.0,1.0,1.0,1.0,1.0,0.8562231759657263,-1,-1.0,-1.0,-1.0,1.0,1,USDJPY
3,Thu,-1.0,True,1.2265971316818713,-1.0,-1.0,-1.0,1.0,1.0,1.1139504563233267,0,1.0,1.0,1.0,0.0,0,USDJPY
9,Thu,-1.0,True,1.4904645476772058,-1.0,1.0,-1.0,-1.0,1.0,0.2464547677261705,0,1.0,1.0,-1.0,0.0,0,USDJPY
3,Tue,1.0,False,0.8237986270022403,1.0,-1.0,-1.0,-1.0,1.0,1.1228070175438545,0,1.0,1.0,1.0,-1.0,0,USDJPY
9,Tue,1.0,False,0.35616438356163405,1.0,-1.0,-1.0,1.0,1.0,0.06575342465753722,0,1.0,-1.0,-1.0,0.0,0,USDJPY
3,Wed,1.0,True,0.6748377793799047,1.0,1.0,1.0,-1.0,1.0,0.3864455659695994,0,-1.0,-1.0,-1.0,0.0,0,USDJPY
9,Wed,1.0,True,1.8276553106211544,1.0,1.0,1.0,1.0,1.0,0.1656646626586817,0,-1.0,-1.0,-1.0,1.0,0,USDJPY
3,Thu,-1.0,True,1.2756644085461588,-1.0,-1.0,-1.0,1.0,1.0,1.16727462219906,-1,-1.0,-1.0,-1.0,0.0,0,USDJPY
9,Thu,1.0,False,0.21467616365745265,1.0,-1.0,1.0,-1.0,1.0,0.5088620175583309,-1,-1.0,-1.0,-1.0,-1.0,0,USDJPY
3,Tue,-1.0,False,0.7431059506531958,-1.0,-1.0,-1.0,-1.0,1.0,0.37155297532651543,1,1.0,1.0,1.0,-1.0,0,USDJPY
9,Tue,-1.0,False,0.4333260822275252,0.0,-1.0,-1.0,-1.0,1.0,0.7778986295409988,1,1.0,1.0,1.0,-1.0,0,USDJPY
3,Wed,1.0,False,0.22557781201851473,1.0,1.0,1.0,1.0,-1.0,0.669337442218732,-1,-1.0,-1.0,-1.0,1.0,1,USDJPY
9,Wed,-1.0,False,0.20499597099112615,-1.0,1.0,1.0,1.0,-1.0,0.7194198227236391,-1,-1.0,-1.0,-1.0,1.0,1,USDJPY
3,Thu,1.0,True,1.086734693877531,1.0,-1.0,1.0,-1.0,1.0,0.13265306122439954,-1,1.0,-1.0,-1.0,-1.0,0,USDJPY
9,Thu,1.0,False,0.3388888888889308,1.0,-1.0,-1.0,1.0,1.0,0.616666666666774,0,1.0,-1.0,-1.0,0.0,0,USDJPY
3,Tue,1.0,True,1.2760622242861157,1.0,1.0,1.0,1.0,-1.0,0.022289296494185748,-1,-1.0,-1.0,-1.0,1.0,0,USDJPY
9,Tue,-1.0,False,0.13861386138623782,-1.0,-1.0,1.0,1.0,-1.0,0.2442244224420974,0,-1.0,-1.0,-1.0,0.0,0,USDJPY
3,Wed,-1.0,False,0.0588555858309708,-1.0,1.0,-1.0,-1.0,1.0,0.510081743869219,0,1.0,-1.0,-1.0,0.0,0,USDJPY
9,Wed,-1.0,True,0.8291746641074867,-1.0,1.0,1.0,-1.0,1.0,0.48039484507817826,1,1.0,1.0,1.0,0.0,0,USDJPY
3,Thu,-1.0,True,1.432584269662851,-1.0,-1.0,1.0,1.0,-1.0,0.29213483146062286,0,-1.0,1.0,1.0,0.0,0,USDJPY
9,Thu,-1.0,False,0.18872266973531027,-1.0,1.0,1.0,-1.0,-1.0,0.6214039125431012,0,1.0,1.0,1.0,0.0,0,USDJPY
3,Tue,1.0,True,0.8198219870098372,-1.0,1.0,1.0,1.0,1.0,1.0680779408227192,-1,-1.0,-1.0,-1.0,1.0,1,USDJPY
9,Tue,1.0,False,0.341431385423493,1.0,-1.0,1.0,1.0,1.0,0.06303348653972639,-1,-1.0,-1.0,-1.0,0.0,0,USDJPY
3,Wed,1.0,False,0.1238709677419934,1.0,-1.0,-1.0,-1.0,1.0,0.12387096774181737,0,1.0,-1.0,1.0,-1.0,0,USDJPY
9,Wed,-1.0,False,0.36879432624106756,-1.0,-1.0,-1.0,1.0,1.0,1.148936170212766,1,1.0,1.0,1.0,0.0,-1,USDJPY
3,Thu,-1.0,True,0.6505624193251944,-1.0,1.0,-1.0,1.0,-1.0,0.29651484418222374,0,-1.0,-1.0,-1.0,1.0,0,USDJPY
9,Thu,-1.0,True,1.1766259491581386,-1.0,-1.0,-1.0,-1.0,-1.0,1.1924727632881778,1,1.0,1.0,1.0,-1.0,-1,USDJPY
3,Tue,-1.0,False,0.1072568631624533,-1.0,1.0,1.0,-1.0,-1.0,0.14811662055754918,0,1.0,-1.0,1.0,0.0,0,USDJPY
9,Tue,-1.0,False,0.5770717045942176,1.0,1.0,-1.0,-1.0,-1.0,0.5461571489909534,1,1.0,1.0,1.0,0.0,0,USDJPY
3,Wed,1.0,False,0.054308881765039584,1.0,1.0,1.0,1.0,-1.0,0.6019234395625435,-1,-1.0,-1.0,-1.0,1.0,1,USDJPY
9,Wed,1.0,False,0.24742268041231,-1.0,-1.0,-1.0,1.0,-1.0,0.24257125530629983,-1,-1.0,-1.0,1.0,0.0,0,USDJPY
3,Thu,-1.0,True,0.48590971272220723,1.0,1.0,1.0,1.0,1.0,0.10506155950765558,-1,-1.0,-1.0,-1.0,1.0,1,USDJPY
9,Thu,-1.0,False,0.6239273094395678,-1.0,-1.0,-1.0,-1.0,1.0,1.3690055527511538,1,1.0,1.0,1.0,-1.0,-1,USDJPY
3,Tue,-1.0,True,0.5678073510772957,-1.0,-1.0,1.0,-1.0,-1.0,0.2078580481622179,0,1.0,-1.0,1.0,-1.0,0,USDJPY
9,Tue,1.0,False,0.308727488620616,1.0,1.0,1.0,-1.0,-1.0,1.505640213734476,-1,1.0,-1.0,-1.0,0.0,1,USDJPY
3,Wed,-1.0,False,0.36234011323130305,1.0,1.0,1.0,-1.0,-1.0,0.4982176556931132,0,1.0,1.0,1.0,0.0,0,USDJPY
9,Wed,-1.0,True,1.4915572232644798,-1.0,-1.0,1.0,1.0,-1.0,0.18011257035637493,-1,1.0,-1.0,-1.0,0.0,0,USDJPY
3,Tue,-1.0,False,0.005527406725038036,-1.0,-1.0,-1.0,1.0,-1.0,0.29295255642560203,1,1.0,1.0,1.0,0.0,0,USDJPY
9,Tue,1.0,False,0.41020838211196925,1.0,1.0,1.0,-1.0,-1.0,1.3711074689768508,-1,-1.0,-1.0,-1.0,0.0,1,USDJPY
3,Wed,1.0,False,0.20967238689541198,1.0,-1.0,-1.0,1.0,1.0,0.3219968798752414,0,-1.0,1.0,-1.0,0.0,0,USDJPY
9,Wed,1.0,True,0.9509906152242154,-1.0,1.0,1.0,-1.0,1.0,1.7518248175182916,-1,-1.0,-1.0,-1.0,0.0,1,USDJPY
3,Tue,-1.0,False,0.072420036210089,1.0,-1.0,-1.0,-1.0,-1.0,0.15932407966197623,1,1.0,1.0,1.0,-1.0,0,USDJPY
9,Tue,1.0,False,0.19873610808460346,1.0,-1.0,-1.0,1.0,-1.0,0.6537371976465342,-1,-1.0,1.0,-1.0,0.0,0,USDJPY
3,Wed,1.0,False,0.2332613390928791,-1.0,1.0,1.0,-1.0,1.0,0.952483801295831,1,1.0,1.0,1.0,0.0,0,USDJPY
9,Wed,-1.0,False,0.11958891311111357,1.0,-1.0,-1.0,1.0,1.0,0.7324820928060751,0,1.0,1.0,1.0,0.0,0,USDJPY
3,Thu,1.0,True,1.7312894499550104,1.0,-1.0,-1.0,-1.0,1.0,0.8079350766456032,1,1.0,1.0,1.0,-1.0,-1,USDJPY
9,Thu,1.0,False,0.04680969629426659,-1.0,1.0,1.0,1.0,1.0,1.604903872945197,-1,-1.0,-1.0,-1.0,1.0,1,USDJPY
3,Tue,-1.0,False,0.08055493398978686,-1.0,1.0,1.0,1.0,1.0,0.9612888789438537,0,-1.0,-1.0,-1.0,1.0,0,USDJPY
9,Tue,1.0,False,0.14004754700677938,1.0,-1.0,1.0,1.0,1.0,0.062243354225202524,1,-1.0,-1.0,1.0,0.0,0,USDJPY
3,Wed,-1.0,True,1.502672435734318,-1.0,1.0,-1.0,-1.0,1.0,0.1954695851360557,0,-1.0,1.0,1.0,0.0,0,USDJPY
9,Wed,-1.0,True,1.980433857932798,-1.0,1.0,-1.0,-1.0,1.0,0.1786473840918563,0,1.0,1.0,1.0,0.0,0,USDJPY
3,Thu,1.0,True,0.44679760888121434,-1.0,-1.0,1.0,1.0,-1.0,0.13526900085391677,-1,-1.0,1.0,-1.0,0.0,0,USDJPY
9,Thu,-1.0,False,0.38776687824569483,-1.0,1.0,1.0,-1.0,-1.0,1.0525100980958135,-1,-1.0,-1.0,-1.0,0.0,1,USDJPY
3,Tue,-1.0,True,3.1938505885178774,-1.0,-1.0,1.0,1.0,1.0,0.25366322363669835,-1,-1.0,-1.0,-1.0,0.0,0,USDJPY
9,Tue,1.0,True,0.9126891734574949,1.0,-1.0,1.0,-1.0,1.0,0.10710128055877079,1,1.0,1.0,1.0,-1.0,0,USDJPY
3,Wed,-1.0,False,0.23504273504276718,1.0,-1.0,-1.0,-1.0,1.0,0.9273504273504946,0,1.0,1.0,1.0,-1.0,0,USDJPY
9,Wed,1.0,True,1.2128227960819697,1.0,1.0,-1.0,-1.0,1.0,0.48085485307200476,0,1.0,1.0,1.0,0.0,0,USDJPY
3,Thu,-1.0,False,0.038505615402274186,-1.0,0.0,1.0,1.0,1.0,0.0,-1,-1.0,-1.0,-1.0,0.0,0,USDJPY
9,Thu,-1.0,False,0.48171275646746015,-1.0,-1.0,1.0,1.0,1.0,0.6636931311328944,0,-1.0,-1.0,1.0,0.0,0,USDJPY
3,Tue,-1.0,False,0.07249842668345152,-1.0,1.0,1.0,1.0,-1.0,0.6071743234738635,-1,-1.0,-1.0,-1.0,1.0,1,USDJPY
9,Tue,-1.0,False,0.07479323984181346,-1.0,-1.0,-1.0,-1.0,-1.0,0.14383315354184203,1,1.0,1.0,1.0,-1.0,0,USDJPY
3,Wed,-1.0,False,0.02451230722089467,1.0,-1.0,1.0,1.0,-1.0,0.004902461444206801,1,-1.0,-1.0,1.0,0.0,0,USDJPY
9,Wed,-1.0,False,0.06620689655169748,1.0,1.0,1.0,-1.0,-1.0,0.848652037617493,-1,-1.0,-1.0,-1.0,0.0,1,USDJPY
3,Thu,1.0,False,0.026428484032750162,1.0,1.0,1.0,-1.0,1.0,0.7576165422733676,-1,1.0,-1.0,-1.0,0.0,0,USDJPY
9,Thu,-1.0,True,0.8050574119468169,-1.0,1.0,-1.0,1.0,1.0,0.3375048380853476,0,1.0,-1.0,-1.0,1.0,0,USDJPY
3,Tue,1.0,True,0.645403377110794,1.0,-1.0,-1.0,-1.0,1.0,0.06003752345216026,0,1.0,1.0,1.0,-1.0,0,USDJPY
9,Tue,-1.0,False,0.10506912442399323,-1.0,1.0,-1.0,1.0,1.0,0.016589861751231273,0,-1.0,-1.0,-1.0,1.0,0,USDJPY
3,Wed,1.0,False,0.2319127849355056,1.0,1.0,1.0,1.0,1.0,0.42220019821604615,-1,-1.0,-1.0,-1.0,1.0,1,USDJPY
9,Wed,-1.0,False,0.2180774748924607,1.0,-1.0,-1.0,1.0,1.0,0.8493543758966862,0,-1.0,-1.0,1.0,0.0,0,USDJPY
3,Thu,-1.0,True,0.4700761697497488,1.0,1.0,1.0,1.0,1.0,0.4700761697497488,-1,-1.0,-1.0,-1.0,1.0,1,USDJPY
9,Thu,1.0,True,1.3545310015897831,1.0,-1.0,-1.0,-1.0,1.0,1.693163751987229,1,1.0,1.0,1.0,-1.0,-1,USDJPY
3,Tue,-1.0,False,0.028469750889714387,-1.0,1.0,1.0,-1.0,-1.0,0.5373665480427395,0,1.0,-1.0,1.0,0.0,0,USDJPY
9,Tue,-1.0,True,1.3367547169811311,-1.0,-1.0,-1.0,-1.0,-1.0,1.5287547169811213,1,1.0,1.0,1.0,-1.0,-1,USDJPY
3,Wed,1.0,False,0.13677264547094672,1.0,-1.0,1.0,-1.0,-1.0,0.14037192561483286,0,1.0,1.0,1.0,-1.0,0,USDJPY
9,Wed,-1.0,True,1.1518560179977202,-1.0,1.0,1.0,1.0,-1.0,0.6929133858267622,0,1.0,-1.0,-1.0,1.0,1,USDJPY
3,Thu,-1.0,False,0.27961621304092293,-1.0,-1.0,-1.0,1.0,-1.0,0.6485216369688891,0,1.0,-1.0,-1.0,0.0,0,USDJPY
9,Thu,-1.0,True,0.6400693842151082,-1.0,-1.0,-1.0,1.0,-1.0,1.0563746747614953,0,-1.0,-1.0,1.0,0.0,0,USDJPY
3,Tue,-1.0,True,1.9687499999999947,-1.0,1.0,1.0,-1.0,1.0,0.7169117647058567,1,1.0,1.0,1.0,0.0,0,USDJPY
9,Tue,1.0,True,0.8863497245460762,1.0,1.0,1.0,1.0,1.0,1.0430524382778823,-1,1.0,-1.0,-1.0,1.0,1,USDJPY
3,Wed,1.0,False,0.21968989351768636,1.0,1.0,1.0,1.0,-1.0,1.1118998692321793,-1,-1.0,-1.0,-1.0,1.0,0,USDJPY
9,Wed,1.0,True,2.109677419354756,1.0,1.0,1.0,1.0,-1.0,1.2483870967741155,-1,-1.0,-1.0,-1.0,1.0,1,USDJPY
3,Thu,-1.0,True,0.6732808758125756,-1.0,-1.0,-1.0,1.0,1.0,0.3941156346219727,0,-1.0,1.0,1.0,0.0,0,USDJPY
9,Thu,1.0,True,1.2004014720642489,1.0,1.0,1.0,-1.0,1.0,0.449648711943768,0,-1.0,1.0,-1.0,0.0,0,USDJPY
3,Tue,-1.0,False,0.5892424487158265,-1.0,1.0,1.0,1.0,-1.0,4.368922629623572,-1,-1.0,-1.0,-1.0,1.0,1,USDJPY
9,Tue,-1.0,False,0.3271516880647166,-1.0,1.0,1.0,1.0,-1.0,0.6619115549215631,0,-1.0,-1.0,-1.0,1.0,0,USDJPY
3,Wed,1.0,True,1.5304003954522962,1.0,1.0,1.0,-1.0,1.0,0.83440434997522,0,-1.0,-1.0,-1.0,0.0,0,USDJPY
9,Wed,-1.0,False,0.33554987212273557,-1.0,1.0,-1.0,1.0,1.0,0.053196930946196576,0,-1.0,-1.0,-1.0,1.0,0,USDJPY
3,Thu,-1.0,False,0.22209096278793483,1.0,1.0,1.0,-1.0,1.0,0.3354991139988066,0,1.0,-1.0,-1.0,0.0,0,USDJPY
9,Thu,-1.0,True,1.162492237631859,-1.0,1.0,1.0,1.0,1.0,0.42724073690739306,0,1.0,-1.0,-1.0,1.0,0,USDJPY
3,Tue,1.0,False,0.38938651343588115,1.0,1.0,1.0,-1.0,1.0,0.7666046983268334,1,-1.0,-1.0,-1.0,0.0,0,USDJPY
9,Tue,-1.0,False,0.3396798652064203,1.0,1.0,1.0,1.0,1.0,0.6510530749789532,0,-1.0,-1.0,-1.0,1.0,0,USDJPY
3,Wed,-1.0,False,0.22533418204964167,-1.0,1.0,-1.0,-1.0,1.0,0.09929980903876075,0,1.0,-1.0,1.0,0.0,0,USDJPY
9,Wed,-1.0,False,0.17174177831911264,-1.0,-1.0,1.0,-1.0,1.0,0.0730816077953052,0,1.0,1.0,-1.0,-1.0,0,USDJPY
3,Thu,1.0,False,0.08217770929639528,-1.0,1.0,1.0,1.0,-1.0,0.891628145865486,-1,-1.0,-1.0,-1.0,1.0,1,USDJPY
9,Thu,-1.0,True,0.8907032844683139,-1.0,1.0,1.0,1.0,-1.0,1.425125255149353,-1,-1.0,-1.0,-1.0,1.0,1,USDJPY
3,Tue,-1.0,True,0.9246417013407258,1.0,-1.0,-1.0,-1.0,-1.0,0.34766527970419614,1,1.0,1.0,1.0,-1.0,0,USDJPY
9,Tue,1.0,False,0.09339975093401864,-1.0,1.0,1.0,1.0,-1.0,0.05230386052307593,-1,-1.0,1.0,-1.0,1.0,0,USDJPY
3,Wed,1.0,True,1.039845261121937,1.0,-1.0,-1.0,1.0,1.0,0.7984526112185525,1,1.0,1.0,1.0,0.0,0,USDJPY
9,Wed,-1.0,True,0.626865671641839,1.0,1.0,1.0,1.0,1.0,0.5278868813825378,-1,-1.0,-1.0,-1.0,1.0,1,USDJPY
3,Thu,-1.0,False,0.5521393248763693,-1.0,-1.0,-1.0,1.0,1.0,1.0991184691463927,0,1.0,1.0,1.0,0.0,0,USDJPY
9,Thu,1.0,False,0.5595291987325043,1.0,1.0,1.0,-1.0,1.0,1.0918967858759245,0,1.0,1.0,-1.0,0.0,0,USDJPY
3,Tue,-1.0,True,0.6336809407588216,-1.0,-1.0,1.0,1.0,-1.0,0.47392944308852414,-1,-1.0,-1.0,-1.0,0.0,0,USDJPY
9,Tue,-1.0,True,0.8268643698212786,-1.0,-1.0,-1.0,-1.0,-1.0,0.35586567815095826,0,1.0,1.0,1.0,-1.0,0,USDJPY
3,Wed,1.0,False,0.06524962926344413,1.0,1.0,-1.0,-1.0,-1.0,0.25506673257541956,1,1.0,1.0,1.0,0.0,0,USDJPY
9,Wed,1.0,False,0.2668481960517711,-1.0,1.0,1.0,1.0,-1.0,2.570456092580026,-1,-1.0,-1.0,-1.0,1.0,1,USDJPY
3,Thu,-1.0,True,2.507884208048806,-1.0,-1.0,1.0,-1.0,1.0,0.14120969639901973,0,1.0,-1.0,1.0,-1.0,0,USDJPY
9,Thu,-1.0,True,3.5926573426572705,-1.0,-1.0,-1.0,-1.0,1.0,0.8076923076922697,1,1.0,1.0,1.0,-1.0,-1,USDJPY
3,Tue,-1.0,False,0.3555067891921711,1.0,-1.0,-1.0,1.0,-1.0,0.08558496776851682,0,-1.0,1.0,-1.0,0.0,0,USDJPY
9,Tue,-1.0,False,0.06026905829600762,-1.0,1.0,1.0,1.0,-1.0,0.21524663677135092,-1,-1.0,-1.0,-1.0,1.0,1,USDJPY
3,Wed,1.0,True,0.6497210167389931,-1.0,1.0,1.0,1.0,1.0,0.054556726596382485,-1,-1.0,-1.0,-1.0,1.0,0,USDJPY
9,Wed,1.0,True,0.5841220784238109,1.0,1.0,1.0,-1.0,1.0,0.802008885454893,0,-1.0,-1.0,-1.0,0.0,0,USDJPY
3,Thu,1.0,True,1.1136476426799473,1.0,-1.0,-1.0,1.0,1.0,1.071960297766767,1,1.0,1.0,1.0,0.0,-1,USDJPY
9,Thu,-1.0,True,0.7748752568242727,-1.0,-1.0,1.0,1.0,1.0,0.1479307308481574,-1,-1.0,-1.0,-1.0,0.0,0,USDJPY
3,Tue,1.0,False,0.6576923076923287,1.0,-1.0,-1.0,-1.0,0.0,0.046153846153902285,1,1.0,-1.0,1.0,-1.0,0,USDJPY
9,Tue,-1.0,False,0.2873563218389774,-1.0,-1.0,-1.0,1.0,0.0,1.8275862068965891,1,1.0,1.0,1.0,0.0,-1,USDJPY
3,Wed,-1.0,True,1.579288025890008,1.0,-1.0,-1.0,1.0,-1.0,0.4617044228694627,0,1.0,1.0,1.0,0.0,0,USDJPY
9,Wed,1.0,True,0.6931407942238131,1.0,-1.0,-1.0,-1.0,-1.0,0.6441688902840669,0,1.0,1.0,1.0,-1.0,0,USDJPY
3,Thu,-1.0,False,0.21003963011887916,1.0,1.0,1.0,1.0,1.0,0.3883751651254343,0,-1.0,-1.0,-1.0,1.0,0,USDJPY
9,Thu,-1.0,False,0.34360707894215087,-1.0,1.0,1.0,1.0,1.0,0.10021873135819515,-1,-1.0,-1.0,-1.0,1.0,0,USDJPY
3,Tue,1.0,False,0.1195144724557984,1.0,1.0,-1.0,1.0,1.0,0.261437908496714,0,-1.0,1.0,-1.0,1.0,0,USDJPY
9,Tue,-1.0,False,0.35854341736697687,1.0,1.0,1.0,1.0,1.0,0.3660130718954909,0,-1.0,1.0,-1.0,1.0,0,USDJPY
3,Wed,-1.0,False,0.35982658959537794,-1.0,-1.0,-1.0,-1.0,-1.0,0.32947976878610696,1,1.0,1.0,1.0,-1.0,-1,USDJPY
9,Wed,-1.0,True,0.9384816753926966,1.0,-1.0,-1.0,1.0,-1.0,0.7107329842932464,0,1.0,1.0,1.0,0.0,0,USDJPY
3,Thu,-1.0,False,0.27664399092973413,1.0,1.0,1.0,1.0,-1.0,0.4897959183673601,0,-1.0,-1.0,-1.0,1.0,0,USDJPY
9,Thu,1.0,False,0.5333333333333079,1.0,-1.0,-1.0,1.0,-1.0,0.9610062893081924,0,-1.0,-1.0,1.0,0.0,0,USDJPY
3,Tue,1.0,False,0.17821782178209,-1.0,1.0,1.0,-1.0,1.0,0.6732673267326944,1,1.0,1.0,1.0,0.0,0,USDJPY
9,Tue,-1.0,False,0.3676282869543102,1.0,-1.0,-1.0,-1.0,1.0,0.31861118202718497,1,1.0,1.0,1.0,-1.0,-1,USDJPY
3,Wed,1.0,False,0.3984504703929279,-1.0,-1.0,-1.0,1.0,-1.0,0.15938018815717117,0,-1.0,1.0,-1.0,0.0,0,USDJPY
9,Wed,1.0,True,0.49880095923262713,-1.0,1.0,1.0,-1.0,-1.0,0.31974420463636,-1,-1.0,1.0,-1.0,0.0,0,USDJPY
3,Thu,-1.0,False,0.326848249027301,1.0,1.0,1.0,-1.0,1.0,0.7937743190662786,0,1.0,-1.0,-1.0,0.0,0,USDJPY
9,Thu,1.0,True,0.9702660406885678,1.0,-1.0,-1.0,1.0,1.0,0.3818466353678003,0,1.0,-1.0,-1.0,0.0,0,USDJPY
3,Tue,-1.0,True,0.5786163522011559,1.0,-1.0,-1.0,1.0,1.0,0.3333333333333135,0,-1.0,1.0,-1.0,0.0,0,USDJPY
9,Tue,1.0,True,0.8778877887789435,1.0,-1.0,-1.0,1.0,1.0,0.9570957095710257,0,-1.0,-1.0,-1.0,0.0,0,USDJPY
3,Wed,-1.0,True,0.5162423178227196,-1.0,-1.0,-1.0,-1.0,1.0,0.5899912203688652,1,1.0,1.0,1.0,-1.0,0,USDJPY
9,Wed,1.0,True,0.6062812926719132,-1.0,1.0,-1.0,-1.0,1.0,0.11470186618123572,0,1.0,1.0,-1.0,0.0,0,USDJPY
3,Thu,1.0,True,0.8811315076738885,1.0,-1.0,-1.0,1.0,-1.0,0.07944628347875285,0,1.0,-1.0,-1.0,0.0,0,USDJPY
9,Thu,-1.0,False,0.36471990464850695,1.0,-1.0,-1.0,1.0,-1.0,1.1585220500596405,1,-1.0,-1.0,1.0,0.0,0,USDJPY
3,Tue,1.0,False,1.0767841011743524,1.0,1.0,1.0,-1.0,1.0,0.8672086720865488,0,1.0,1.0,1.0,0.0,0,USDJPY
9,Tue,-1.0,True,1.8864908073540152,-1.0,1.0,1.0,1.0,1.0,0.792965627497962,-1,-1.0,-1.0,-1.0,1.0,1,USDJPY
3,Wed,-1.0,False,0.3670995670995538,-1.0,1.0,1.0,1.0,1.0,0.5125541125542055,-1,-1.0,-1.0,-1.0,1.0,1,USDJPY
9,Wed,1.0,True,1.1009957325746291,1.0,1.0,1.0,1.0,1.0,0.7937411095305128,-1,-1.0,-1.0,-1.0,1.0,1,USDJPY
3,Thu,-1.0,False,0.2828706128862463,-1.0,1.0,1.0,1.0,1.0,0.7354635935043833,-1,-1.0,-1.0,-1.0,1.0,1,USDJPY
9,Thu,1.0,True,1.1197824040171485,1.0,-1.0,-1.0,-1.0,1.0,1.9684067371063658,1,1.0,1.0,1.0,-1.0,-1,USDJPY
3,Tue,-1.0,False,0.2973552537527959,-1.0,-1.0,1.0,1.0,1.0,0.04002859185135041,-1,-1.0,-1.0,-1.0,0.0,0,USDJPY
9,Tue,1.0,False,0.11650485436891246,1.0,1.0,1.0,1.0,1.0,0.6433094132545862,0,-1.0,-1.0,-1.0,1.0,0,USDJPY
3,Wed,1.0,False,0.2351317786670311,-1.0,1.0,-1.0,-1.0,1.0,1.3015040706499443,0,1.0,1.0,1.0,0.0,0,USDJPY
9,Wed,1.0,True,0.5540878257764795,1.0,1.0,1.0,-1.0,1.0,0.9396644055694688,0,1.0,1.0,1.0,0.0,0,USDJPY
3,Thu,-1.0,False,0.33797081778078886,-1.0,1.0,-1.0,1.0,-1.0,0.0732948761452355,0,1.0,-1.0,-1.0,1.0,0,USDJPY
9,Thu,-1.0,True,0.6513339466421046,-1.0,1.0,1.0,1.0,-1.0,0.04967801287940811,-1,1.0,-1.0,-1.0,1.0,0,USDJPY
3,Tue,1.0,False,1.2710483432916293,1.0,-1.0,-1.0,1.0,1.0,1.8120586637696134,0,-1.0,1.0,1.0,0.0,0,USDJPY
9,Tue,-1.0,False,0.12846715328478572,1.0,1.0,1.0,-1.0,1.0,0.08175182481757583,0,-1.0,1.0,-1.0,0.0,0,USDJPY
3,Wed,1.0,True,0.6595072646872087,1.0,-1.0,1.0,1.0,1.0,0.27289955780164815,0,-1.0,-1.0,-1.0,0.0,0,USDJPY
9,Wed,1.0,True,0.7313769751691954,1.0,-1.0,-1.0,1.0,1.0,0.45146726862312486,0,-1.0,-1.0,1.0,0.0,0,USDJPY
3,Thu,-1.0,True,0.5627093412726988,1.0,1.0,-1.0,1.0,1.0,0.357275772236884,0,-1.0,1.0,-1.0,1.0,0,USDJPY
9,Thu,-1.0,False,0.04733727810646695,-1.0,1.0,1.0,1.0,1.0,0.36923076923092657,-1,-1.0,-1.0,-1.0,1.0,1,USDJPY
3,Tue,1.0,True,0.48165569143928355,1.0,1.0,1.0,1.0,1.0,0.10536218250243017,-1,-1.0,-1.0,-1.0,1.0,0,USDJPY
9,Tue,-1.0,False,0.5611222444889287,-1.0,1.0,1.0,1.0,1.0,0.33667334669340276,0,-1.0,-1.0,-1.0,1.0,0,USDJPY
3,Wed,1.0,False,0.031347962382416834,1.0,-1.0,1.0,-1.0,1.0,0.06269592476483367,0,1.0,-1.0,-1.0,-1.0,0,USDJPY
9,Wed,-1.0,False,0.11440677966102097,1.0,1.0,-1.0,1.0,1.0,0.24152542372870162,0,1.0,-1.0,-1.0,1.0,0,USDJPY
3,Thu,1.0,True,0.4255910987483997,1.0,1.0,1.0,1.0,-1.0,0.0834492350486035,-1,-1.0,-1.0,-1.0,1.0,1,USDJPY
9,Thu,1.0,False,0.0409696142027623,1.0,1.0,1.0,1.0,-1.0,0.2294298395356086,-1,-1.0,-1.0,-1.0,1.0,1,USDJPY
3,Tue,1.0,True,1.2149669845924542,1.0,1.0,1.0,1.0,-1.0,0.3873807776965582,-1,-1.0,-1.0,-1.0,1.0,1,USDJPY
9,Tue,1.0,True,0.5462304409669339,1.0,1.0,1.0,1.0,-1.0,0.8022759601705783,0,-1.0,-1.0,-1.0,1.0,0,USDJPY
3,Wed,1.0,False,0.06768189509300554,1.0,1.0,1.0,-1.0,1.0,1.4213197969546554,-1,-1.0,-1.0,-1.0,0.0,1,USDJPY
9,Wed,-1.0,False,0.18908272369176068,-1.0,1.0,1.0,1.0,1.0,0.6212718064156205,-1,-1.0,-1.0,-1.0,1.0,0,USDJPY
3,Thu,-1.0,True,0.8120770432066622,-1.0,-1.0,-1.0,1.0,1.0,0.23737636647551494,0,-1.0,1.0,1.0,0.0,0,USDJPY
9,Thu,-1.0,True,1.1404958677687682,-1.0,-1.0,1.0,-1.0,1.0,0.03719008264480609,0,1.0,1.0,1.0,-1.0,0,USDJPY
3,Tue,-1.0,True,0.4034640855831103,-1.0,1.0,1.0,1.0,1.0,0.15894039735104862,-1,-1.0,-1.0,-1.0,1.0,1,USDJPY
9,Tue,1.0,True,0.5040983606556917,1.0,1.0,1.0,1.0,1.0,0.18442622950802648,0,-1.0,-1.0,-1.0,1.0,0,USDJPY
3,Wed,1.0,True,0.7726675427071017,-1.0,1.0,1.0,-1.0,1.0,0.5992115637321295,0,-1.0,-1.0,-1.0,0.0,0,USDJPY
9,Wed,1.0,True,0.7133359405552877,1.0,1.0,1.0,-1.0,1.0,0.44114196323814897,0,1.0,1.0,-1.0,0.0,0,USDJPY
3,Thu,1.0,False,0.12461820403173214,1.0,1.0,-1.0,-1.0,1.0,0.10995723885145482,0,1.0,1.0,-1.0,0.0,0,USDJPY
9,Thu,1.0,True,0.9765100671141378,1.0,-1.0,-1.0,1.0,1.0,1.0872483221476468,1,1.0,1.0,1.0,0.0,-1,USDJPY
3,Tue,1.0,False,0.12908182865932974,1.0,-1.0,-1.0,1.0,0.0,0.3780253553591662,1,1.0,1.0,1.0,0.0,0,USDJPY
9,Tue,1.0,True,0.34609646941849154,1.0,-1.0,-1.0,-1.0,0.0,0.10740924912995856,0,1.0,1.0,-1.0,-1.0,0,USDJPY
3,Wed,1.0,True,0.5535420098842825,1.0,-1.0,-1.0,1.0,1.0,0.3163097199340898,0,1.0,1.0,-1.0,0.0,0,USDJPY
9,Wed,-1.0,False,0.8365714285711083,-1.0,1.0,1.0,1.0,1.0,0.4388571428572752,-1,-1.0,-1.0,-1.0,1.0,1,USDJPY
3,Thu,1.0,False,0.1594202898550175,-1.0,1.0,1.0,-1.0,1.0,0.550724637681344,0,-1.0,-1.0,-1.0,0.0,0,USDJPY
9,Thu,-1.0,False,0.07619047619040882,-1.0,1.0,1.0,1.0,1.0,0.13714285714264926,0,1.0,-1.0,1.0,1.0,0,USDJPY
3,Tue,-1.0,True,0.9152086137282445,-1.0,1.0,1.0,-1.0,1.0,0.409152086137412,0,1.0,-1.0,-1.0,0.0,0,USDJPY
9,Tue,-1.0,True,0.3503649635035684,1.0,1.0,1.0,1.0,1.0,0.690425075139626,0,1.0,-1.0,-1.0,1.0,0,USDJPY
3,Wed,-1.0,True,0.9115572436247696,-1.0,1.0,1.0,-1.0,1.0,0.7552902875748515,0,1.0,1.0,1.0,0.0,0,USDJPY
9,Wed,-1.0,True,0.8284931506847941,-1.0,1.0,1.0,-1.0,1.0,0.9731506849316895,0,1.0,1.0,-1.0,0.0,0,USDJPY
3,Thu,-1.0,False,0.06743940990524555,-1.0,1.0,1.0,1.0,1.0,0.4214963119071258,0,1.0,-1.0,-1.0,1.0,0,USDJPY
9,Thu,-1.0,True,0.425948592411185,-1.0,1.0,1.0,1.0,1.0,0.06609547123633353,0,-1.0,-1.0,-1.0,1.0,0,USDJPY
3,Tue,-1.0,False,0.05622254758425672,-1.0,1.0,1.0,1.0,1.0,0.2811127379208841,-1,-1.0,-1.0,-1.0,1.0,1,USDJPY
9,Tue,-1.0,False,0.20758076825230398,-1.0,1.0,1.0,-1.0,1.0,0.8425337064360569,0,1.0,-1.0,-1.0,0.0,0,USDJPY
3,Wed,1.0,True,0.9681323114157999,1.0,1.0,1.0,1.0,-1.0,0.48406615570803757,0,-1.0,-1.0,-1.0,1.0,0,USDJPY
9,Wed,1.0,True,1.1987381703469253,1.0,-1.0,-1.0,1.0,-1.0,0.4290220820191601,0,-1.0,-1.0,1.0,0.0,0,USDJPY
3,Thu,1.0,True,0.7469879518073751,-1.0,1.0,1.0,1.0,1.0,0.7349397590362331,-1,1.0,-1.0,-1.0,1.0,1,USDJPY
9,Thu,-1.0,False,0.31460674157325497,-1.0,-1.0,1.0,1.0,1.0,0.10112359550546099,-1,-1.0,-1.0,-1.0,0.0,0,USDJPY
3,Tue,-1.0,False,0.9239130434780153,-1.0,1.0,1.0,1.0,1.0,0.8913043478263044,0,-1.0,-1.0,-1.0,1.0,0,USDJPY
9,Tue,-1.0,False,0.09876543209872447,1.0,1.0,1.0,1.0,1.0,0.8888888888887755,-1,-1.0,-1.0,-1.0,1.0,1,USDJPY
3,Wed,-1.0,False,0.23459715639821188,-1.0,-1.0,-1.0,1.0,1.0,0.14928909952617156,0,-1.0,1.0,-1.0,0.0,0,USDJPY
9,Wed,1.0,False,0.023498694517083536,-1.0,1.0,-1.0,-1.0,1.0,0.054830287206305624,0,-1.0,1.0,-1.0,0.0,0,USDJPY
3,Thu,-1.0,False,5.020961775585458,-1.0,-1.0,-1.0,-1.0,-1.0,0.9963008631319067,1,1.0,1.0,1.0,-1.0,-1,USDJPY
9,Thu,-1.0,False,2.137536945812768,-1.0,1.0,1.0,-1.0,-1.0,0.5627586206896459,0,1.0,1.0,1.0,0.0,0,USDJPY
3,Tue,1.0,True,1.1147928994081502,1.0,1.0,-1.0,-1.0,1.0,0.5325443786983421,0,1.0,1.0,1.0,0.0,0,USDJPY
9,Tue,-1.0,False,0.5201238390092636,-1.0,-1.0,-1.0,1.0,1.0,0.14185195609354023,0,1.0,1.0,-1.0,0.0,0,USDJPY
3,Wed,-1.0,False,0.653254437869708,-1.0,-1.0,-1.0,1.0,1.0,0.48994082840228104,0,-1.0,1.0,-1.0,0.0,0,USDJPY
9,Wed,-1.0,False,0.14063873425126455,-1.0,1.0,1.0,1.0,1.0,0.42894813946679655,-1,-1.0,-1.0,-1.0,1.0,0,USDJPY
3,Thu,-1.0,True,0.5797838525110827,-1.0,-1.0,-1.0,-1.0,1.0,0.45772409408775394,1,1.0,1.0,1.0,-1.0,0,USDJPY
9,Thu,-1.0,False,0.289156626506088,-1.0,-1.0,1.0,1.0,1.0,0.11193159735717825,-1,1.0,0.0,-1.0,0.0,0,USDJPY
3,Tue,1.0,True,0.43594646271500836,1.0,-1.0,-1.0,-1.0,1.0,0.26003824091771666,0,1.0,1.0,1.0,-1.0,0,USDJPY
9,Tue,-1.0,False,2.395826086956502,-1.0,-1.0,1.0,-1.0,1.0,0.475826086956407,0,1.0,1.0,1.0,-1.0,0,USDJPY
3,Wed,1.0,False,0.041474654377880636,1.0,-1.0,1.0,1.0,-1.0,0.062211981566919185,0,1.0,-1.0,-1.0,0.0,0,USDJPY
9,Wed,-1.0,True,1.291414752116043,-1.0,1.0,-1.0,1.0,-1.0,0.13059250302297762,0,-1.0,-1.0,-1.0,1.0,0,USDJPY
3,Thu,-1.0,True,0.30390143737171693,-1.0,1.0,1.0,-1.0,1.0,0.4845995893223666,-1,1.0,-1.0,-1.0,0.0,0,USDJPY
9,Thu,1.0,True,1.178947368420952,1.0,1.0,-1.0,1.0,1.0,0.025263157894618433,-1,1.0,-1.0,-1.0,1.0,0,USDJPY
3,Tue,1.0,False,0.2668148971648523,1.0,1.0,1.0,1.0,1.0,0.253474152306913,0,1.0,-1.0,-1.0,1.0,0,USDJPY
9,Tue,-1.0,False,0.09627507163330637,1.0,1.0,1.0,1.0,1.0,0.9352435530087593,-1,-1.0,-1.0,-1.0,1.0,1,USDJPY
3,Wed,1.0,False,0.010439321444156078,-1.0,-1.0,-1.0,1.0,1.0,0.8977816441929721,0,1.0,1.0,1.0,0.0,0,USDJPY
9,Wed,1.0,False,0.26533523537807907,-1.0,1.0,1.0,-1.0,1.0,0.4450784593439688,0,1.0,1.0,-1.0,0.0,0,USDJPY
9,Thu,1.0,True,1.9972565157749174,1.0,1.0,1.0,1.0,-1.0,1.251028806584419,-1,-1.0,-1.0,-1.0,1.0,1,USDJPY
3,Tue,-1.0,False,0.35732009925560415,1.0,-1.0,-1.0,1.0,-1.0,0.10719602977651198,0,-1.0,-1.0,1.0,0.0,0,USDJPY
9,Tue,-1.0,True,0.7016783974012253,-1.0,-1.0,1.0,1.0,-1.0,0.07796426637791391,0,-1.0,-1.0,-1.0,0.0,0,USDJPY
3,Wed,1.0,False,0.34219653179195697,1.0,1.0,-1.0,-1.0,1.0,0.6381502890172202,0,1.0,1.0,1.0,0.0,0,USDJPY
9,Wed,1.0,True,1.2905027932960442,1.0,-1.0,1.0,1.0,1.0,0.1089385474860761,0,1.0,1.0,-1.0,0.0,0,USDJPY
3,Thu,1.0,True,0.7374701670642904,1.0,1.0,1.0,1.0,-1.0,0.3365155131264672,0,-1.0,-1.0,-1.0,1.0,0,USDJPY
9,Thu,1.0,False,0.3156576200418336,-1.0,1.0,-1.0,-1.0,-1.0,0.33569937369508895,0,1.0,1.0,1.0,0.0,0,USDJPY
3,Tue,-1.0,False,0.08276919146766701,1.0,1.0,1.0,1.0,-1.0,0.5027462000255937,0,-1.0,1.0,-1.0,1.0,0,USDJPY
9,Tue,1.0,False,0.2210203186668189,-1.0,-1.0,-1.0,1.0,-1.0,1.2524484724455398,1,-1.0,1.0,1.0,0.0,-1,USDJPY
3,Wed,-1.0,False,0.1026239067056303,1.0,-1.0,1.0,-1.0,1.0,0.06530612244889283,0,1.0,-1.0,-1.0,-1.0,0,USDJPY
9,Wed,1.0,False,0.3378881987576758,-1.0,-1.0,-1.0,1.0,1.0,0.7105590062111692,1,1.0,-1.0,1.0,0.0,0,USDJPY
3,Thu,1.0,True,0.5168603003683403,1.0,1.0,1.0,1.0,-1.0,0.07480872768486847,-1,-1.0,-1.0,-1.0,1.0,0,USDJPY
9,Thu,1.0,False,0.3763763763763688,1.0,-1.0,-1.0,1.0,-1.0,0.13613613613633677,-1,-1.0,-1.0,-1.0,0.0,0,USDJPY
9,Tue,1.0,False,0.11250000000000167,-1.0,1.0,-1.0,1.0,1.0,0.13124999999991313,1,1.0,1.0,1.0,1.0,0,USDJPY
3,Wed,-1.0,False,0.2647058823530867,-1.0,-1.0,-1.0,1.0,-1.0,0.03921568627469648,0,-1.0,-1.0,-1.0,0.0,0,USDJPY
9,Wed,-1.0,True,2.420583190394352,-1.0,-1.0,-1.0,-1.0,-1.0,0.6586620926244552,0,1.0,1.0,-1.0,-1.0,0,USDJPY
3,Thu,1.0,True,0.5979875419261308,1.0,1.0,-1.0,-1.0,1.0,0.1782462865357333,0,1.0,1.0,1.0,0.0,0,USDJPY
9,Thu,-1.0,True,1.1004811774696273,-1.0,-1.0,-1.0,1.0,1.0,0.06793093688077682,0,1.0,1.0,1.0,0.0,0,USDJPY
3,Tue,1.0,False,0.4002425712553557,1.0,-1.0,1.0,1.0,1.0,0.2619769557307557,0,-1.0,-1.0,-1.0,0.0,0,USDJPY
9,Tue,-1.0,False,0.24734042553196361,-1.0,-1.0,1.0,1.0,1.0,0.0638297872338942,0,-1.0,-1.0,-1.0,0.0,0,USDJPY
3,Wed,-1.0,False,0.4774292272378643,-1.0,-1.0,-1.0,-1.0,1.0,0.33052792654935087,1,1.0,1.0,1.0,-1.0,0,USDJPY
9,Wed,-1.0,True,4.540989277066569,-1.0,1.0,1.0,-1.0,1.0,0.35696990660651445,0,1.0,1.0,1.0,0.0,0,USDJPY
3,Thu,-1.0,True,1.165382547930417,-1.0,1.0,1.0,1.0,-1.0,0.2752194947141777,-1,-1.0,-1.0,-1.0,1.0,0,USDJPY
9,Thu,-1.0,False,0.06959884001933572,1.0,1.0,1.0,-1.0,-1.0,0.7230546157563407,0,-1.0,-1.0,-1.0,0.0,0,USDJPY
3,Tue,1.0,True,0.5698427382053428,1.0,1.0,1.0,1.0,1.0,0.22941720629030155,0,-1.0,1.0,-1.0,1.0,0,USDJPY
9,Tue,1.0,False,0.3507632348166123,-1.0,-1.0,-1.0,-1.0,1.0,0.2494316336471423,0,-1.0,1.0,1.0,-1.0,0,USDJPY
3,Wed,1.0,False,0.3814906393501933,1.0,-1.0,1.0,-1.0,-1.0,0.1949841045566637,0,1.0,1.0,1.0,-1.0,0,USDJPY
9,Wed,1.0,False,1.335774441596649,1.0,-1.0,1.0,1.0,-1.0,0.10545587696814994,-1,1.0,-1.0,-1.0,0.0,0,USDJPY
3,Thu,-1.0,False,0.07494145199072605,-1.0,1.0,1.0,1.0,1.0,0.028103044496622112,0,-1.0,-1.0,-1.0,1.0,0,USDJPY
9,Thu,-1.0,False,0.2559241706159963,-1.0,-1.0,-1.0,1.0,1.0,0.3601895734598297,0,-1.0,-1.0,-1.0,0.0,0,USDJPY
3,Tue,1.0,True,0.517630948305269,1.0,1.0,1.0,1.0,-1.0,0.07394727832922407,-1,-1.0,-1.0,-1.0,1.0,0,USDJPY
9,Tue,-1.0,False,0.061068702290119244,-1.0,1.0,1.0,1.0,-1.0,0.2006543075245004,-1,-1.0,-1.0,-1.0,1.0,1,USDJPY
3,Wed,-1.0,True,1.7421203438396597,-1.0,-1.0,-1.0,-1.0,1.0,2.200573065902728,1,1.0,1.0,1.0,-1.0,-1,USDJPY
9,Wed,-1.0,False,0.24972617743691053,-1.0,-1.0,-1.0,-1.0,1.0,1.7283680175247114,0,1.0,1.0,1.0,-1.0,0,USDJPY
3,Thu,-1.0,True,0.7853024004292154,-1.0,-1.0,-1.0,-1.0,-1.0,0.9912833579187077,1,1.0,1.0,1.0,-1.0,-1,USDJPY
9,Thu,-1.0,True,1.3079221180591243,-1.0,-1.0,-1.0,-1.0,-1.0,0.5612444627588438,1,1.0,1.0,1.0,-1.0,-1,USDJPY
3,Tue,1.0,True,1.4351743047395187,1.0,-1.0,-1.0,-1.0,-1.0,0.4637681159420174,0,1.0,1.0,1.0,-1.0,0,USDJPY
9,Tue,-1.0,True,1.5909155429382043,-1.0,1.0,1.0,1.0,-1.0,0.07835344215754553,-1,1.0,-1.0,-1.0,1.0,0,USDJPY
3,Wed,1.0,False,0.12848605577682728,-1.0,-1.0,-1.0,-1.0,-1.0,0.47509960159368875,1,1.0,1.0,1.0,-1.0,0,USDJPY
9,Wed,1.0,False,0.31156812339331674,1.0,-1.0,-1.0,1.0,-1.0,1.002570694087467,0,1.0,1.0,1.0,0.0,0,USDJPY
3,Thu,-1.0,True,0.6413854882054438,-1.0,1.0,1.0,-1.0,-1.0,0.46222753060611915,0,1.0,-1.0,-1.0,0.0,0,USDJPY
9,Thu,1.0,False,0.7643808904777234,-1.0,1.0,1.0,1.0,-1.0,0.3197920051999532,-1,-1.0,-1.0,-1.0,1.0,0,USDJPY
